Hours_Studied,Attendance,Parental_Involvement,Access_to_Resources,Extracurricular_Activities,Sleep_Hours,Previous_Scores,Motivation_Level,Internet_Access,Tutoring_Sessions,Family_Income,Teacher_Quality,School_Type,Peer_Influence,Physical_Activity,Learning_Disabilities,Parental_Education_Level,Distance_from_Home,Gender,Exam_Score
23.0,84,Low,High,No,7,73,Low,Yes,0,Low,Medium,Public,Positive,3,No,High School,Near,Male,67.0
19.0,64,Low,Medium,No,8,59,Low,Yes,2,Medium,Medium,Public,Negative,4,No,College,Moderate,Female,61.0
24.0,98,Medium,Medium,Yes,7,91,Medium,Yes,2,Medium,Medium,Public,Neutral,4,No,Postgraduate,Near,Male,74.0
29.0,89,Low,Medium,Yes,8,98,Medium,Yes,1,Medium,Medium,Public,Negative,4,No,High School,Moderate,Male,71.0
19.0,92,Medium,Medium,Yes,6,65,Medium,Yes,3,Medium,High,Public,Neutral,4,No,College,Near,Female,70.0
19.0,88,Medium,Medium,Yes,8,89,Medium,Yes,3,Medium,Medium,Public,Positive,3,No,Postgraduate,Near,Male,71.0
29.0,84,Medium,Low,Yes,7,68,Low,Yes,1,Low,Medium,Private,Neutral,2,No,High School,Moderate,Male,67.0
25.0,78,Low,High,Yes,6,50,Medium,Yes,1,High,High,Public,Negative,2,No,High School,Far,Male,66.0
17.0,94,Medium,High,No,6,80,High,Yes,0,Medium,Low,Private,Neutral,1,No,College,Near,Male,69.0
23.0,98,Medium,Medium,Yes,8,71,Medium,Yes,0,High,High,Public,Positive,5,No,High School,Moderate,Male,72.0
17.0,80,Low,High,No,8,88,Medium,No,4,Medium,High,Private,Neutral,4,No,College,Moderate,Male,68.0
17.0,97,Medium,High,Yes,6,87,Low,Yes,2,Low,High,Private,Neutral,2,No,High School,Near,Male,71.0
21.0,83,Medium,Medium,Yes,8,97,Low,Yes,2,Medium,Medium,Public,Positive,4,No,High School,Near,Male,70.0
9.0,82,Medium,Medium,Yes,8,72,Medium,Yes,2,Medium,Medium,Private,Positive,3,No,Postgraduate,Near,Male,66.0
10.0,78,Medium,High,Yes,8,74,Medium,Yes,1,Low,Medium,Private,Neutral,4,No,Postgraduate,Near,Male,65.0
17.0,68,Medium,Medium,No,8,70,Medium,Yes,2,Medium,Medium,Private,Positive,4,No,High School,Near,Female,64.0
14.0,60,Medium,Low,Yes,10,65,Low,Yes,0,High,Medium,Private,Positive,3,No,College,Near,Male,60.0
22.0,70,Low,Medium,Yes,6,82,Medium,Yes,1,Low,High,Public,Neutral,3,No,High School,Near,Female,65.0
15.0,80,Medium,Medium,Yes,9,91,Low,Yes,3,Low,Medium,Public,Positive,2,No,College,Moderate,Female,67.0
12.0,75,Medium,High,Yes,7,58,Medium,Yes,3,Medium,Medium,Private,Positive,4,No,College,Near,Male,66.0
29.0,78,Medium,Medium,No,5,99,High,Yes,0,High,Medium,Public,Negative,1,No,High School,Moderate,Female,69.0
19.0,99,Medium,High,No,6,84,Medium,Yes,1,Medium,High,Public,Neutral,3,No,High School,Near,Male,72.0
20.0,74,Medium,High,No,8,89,Low,Yes,1,Medium,Medium,Public,Negative,2,No,College,Moderate,Female,66.0
11.0,78,High,Medium,Yes,8,100,High,Yes,1,Low,Medium,Public,Neutral,3,No,High School,Moderate,Male,66.0
17.0,65,Low,High,Yes,5,75,Medium,Yes,2,Low,Medium,Public,Positive,3,No,High School,Near,Female,63.0
21.0,62,High,Low,Yes,6,54,High,Yes,0,High,High,Public,Positive,3,No,Postgraduate,Far,Male,64.0
13.0,91,Low,Medium,No,6,90,Medium,Yes,1,High,Medium,Public,Negative,2,Yes,High School,Moderate,Female,65.0
22.0,83,High,High,Yes,6,94,Medium,Yes,0,High,Medium,Public,Neutral,2,No,College,Moderate,Male,71.0
16.0,90,Medium,Medium,No,4,58,Medium,Yes,1,Low,Medium,Public,Neutral,3,No,High School,Moderate,Female,66.0
18.0,66,High,High,No,4,51,Low,Yes,2,Low,Medium,Private,Neutral,2,No,College,Near,Male,64.0
16.0,83,Low,Medium,No,6,57,Medium,Yes,0,High,Low,Public,Positive,4,Yes,High School,Near,Female,63.0
31.0,70,Medium,High,Yes,7,66,Medium,Yes,1,High,Medium,Public,Negative,3,No,College,Near,Male,69.0
20.0,69,Medium,Medium,Yes,8,96,Medium,Yes,2,Medium,High,Public,Positive,3,No,High School,Near,Male,67.0
14.0,60,High,Medium,No,5,50,Medium,Yes,2,Medium,Medium,Public,Neutral,3,No,College,Near,Female,61.0
25.0,65,High,Medium,No,5,90,Medium,Yes,2,Medium,Medium,Public,Positive,3,No,College,Moderate,Female,68.0
13.0,72,Low,Medium,No,6,93,Low,Yes,1,Low,Medium,Public,Negative,3,No,High School,Near,Male,61.0
21.0,65,Medium,Low,Yes,7,91,Low,Yes,2,Medium,High,Public,Positive,3,No,High School,Far,Female,64.0
8.0,99,Medium,Medium,No,9,54,Low,Yes,2,Low,Medium,Public,Neutral,5,No,Postgraduate,Near,Female,67.0
12.0,72,Low,Medium,Yes,8,84,Medium,Yes,1,Low,Medium,Public,Positive,5,No,High School,Near,Female,63.0
21.0,65,Low,Medium,Yes,6,98,Low,Yes,1,Medium,High,Public,Negative,4,No,High School,Near,Male,64.0
24.0,68,High,Medium,No,8,56,Low,Yes,3,High,High,Public,Neutral,1,No,College,Near,Male,67.0
21.0,84,Medium,Medium,Yes,6,52,Low,Yes,1,Medium,High,Public,Neutral,2,Yes,College,Far,Female,65.0
19.0,63,Low,High,No,7,94,Medium,Yes,1,Medium,Medium,Private,Positive,3,No,High School,Moderate,Male,64.0
18.0,94,Medium,High,Yes,7,82,Medium,Yes,3,Medium,Medium,Private,Negative,2,Yes,College,Near,Male,70.0
11.0,98,Medium,Medium,Yes,9,82,Low,Yes,1,Medium,Medium,Private,Positive,3,No,Postgraduate,Far,Male,68.0
16.0,70,Medium,Medium,Yes,8,98,Medium,Yes,2,Medium,Medium,Public,Positive,3,No,High School,Moderate,Male,65.0
17.0,78,Medium,Medium,Yes,6,88,Medium,Yes,1,Medium,High,Private,Positive,3,No,College,Near,Female,68.0
26.0,61,Medium,Low,Yes,6,70,Medium,Yes,2,Low,Medium,Public,Positive,3,No,High School,Moderate,Female,64.0
22.0,86,Low,Medium,Yes,7,72,Low,Yes,3,Low,High,Public,Positive,2,No,High School,Moderate,Male,68.0
9.0,77,Medium,Medium,No,5,57,Medium,Yes,2,Medium,High,Public,Neutral,3,No,High School,Near,Male,63.0
22.0,71,Low,Medium,Yes,7,65,Low,Yes,1,Medium,Low,Public,Positive,4,No,College,Moderate,Male,64.0
18.0,68,High,Medium,No,7,72,Medium,Yes,0,Medium,Medium,Public,Neutral,3,No,College,Near,Male,64.0
16.0,86,Low,Medium,Yes,8,63,Medium,Yes,2,Medium,Medium,Public,Positive,4,No,High School,Near,Male,67.0
24.0,77,High,Low,No,8,96,Medium,Yes,0,Medium,Medium,Public,Neutral,3,No,High School,Near,Female,67.0
26.0,67,Medium,High,Yes,7,51,Low,Yes,2,High,High,Private,Neutral,4,Yes,Postgraduate,Far,Female,66.0
26.0,88,Medium,High,Yes,5,79,Medium,Yes,1,Low,High,Private,Positive,4,No,College,Moderate,Male,72.0
15.0,83,Medium,High,No,5,89,Low,No,1,Medium,High,Public,Neutral,2,Yes,High School,Near,Female,65.0
18.0,94,Medium,Medium,Yes,6,87,High,Yes,1,Medium,Medium,Public,Positive,4,No,High School,Near,Male,71.0
22.0,65,High,Low,No,8,82,Medium,Yes,2,Medium,High,Public,Positive,1,No,Postgraduate,Near,Female,66.0
26.0,91,Medium,Low,Yes,8,71,Medium,Yes,0,Low,Medium,Private,Neutral,3,No,High School,Moderate,Male,68.0
17.0,87,Medium,Medium,No,7,96,Medium,Yes,1,High,Medium,Public,Negative,5,No,Postgraduate,Near,Female,70.0
19.0,65,Medium,Medium,Yes,10,66,Low,Yes,0,Low,Medium,Public,Positive,3,No,High School,Moderate,Male,62.0
13.0,88,Low,High,Yes,9,88,High,Yes,2,Low,High,Private,Negative,4,No,Postgraduate,Far,Male,68.0
13.0,78,Medium,High,Yes,9,96,High,Yes,2,Low,Medium,Public,Neutral,3,No,College,Moderate,Male,67.0
25.0,98,Low,High,Yes,8,56,Medium,No,0,Medium,High,Private,Neutral,3,No,Postgraduate,Near,Male,71.0
28.0,66,Medium,High,Yes,8,97,Medium,Yes,0,Medium,Medium,Public,Neutral,2,No,High School,Near,Male,68.0
20.0,86,Medium,Medium,Yes,8,89,Medium,Yes,1,Low,Medium,Public,Negative,3,No,Postgraduate,Near,Male,69.0
26.0,75,Low,High,Yes,4,81,High,Yes,3,Medium,High,Private,Positive,2,No,High School,Moderate,Male,70.0
22.0,98,Medium,High,No,5,69,Low,No,1,Low,High,Public,Negative,4,No,High School,Moderate,Female,69.0
16.0,73,Medium,Medium,No,7,95,Medium,Yes,1,Low,Medium,Public,Negative,4,No,College,Near,Male,65.0
22.0,98,Medium,Low,Yes,7,52,Medium,No,3,Medium,Medium,Public,Positive,3,No,College,Near,Female,70.0
29.0,96,Medium,Low,Yes,7,72,Medium,Yes,1,Low,Medium,Public,Positive,3,No,High School,Moderate,Male,71.0
20.0,71,Medium,Medium,Yes,7,88,Medium,Yes,1,Low,Low,Public,Neutral,4,No,College,Near,Female,65.0
29.0,92,Low,Medium,No,4,91,Medium,Yes,2,Medium,Medium,Public,Negative,1,No,Postgraduate,Near,Female,72.0
4.0,100,High,High,Yes,8,60,High,Yes,0,Medium,High,Private,Positive,4,No,College,Moderate,Male,69.0
25.0,70,Medium,Medium,No,7,52,Medium,Yes,1,Medium,Medium,Public,Positive,3,No,Postgraduate,Near,Female,66.0
21.0,77,Low,Medium,Yes,7,90,Medium,Yes,4,Medium,Medium,Private,Neutral,3,No,Postgraduate,Moderate,Male,68.0
18.0,81,High,Low,Yes,8,71,Medium,Yes,0,Medium,Medium,Public,Neutral,3,No,High School,Moderate,Female,65.0
21.0,72,Medium,Medium,Yes,5,57,Medium,Yes,1,High,Medium,Public,Neutral,5,Yes,College,Moderate,Male,64.0
8.0,61,Medium,Medium,Yes,7,54,Medium,Yes,1,High,Medium,Public,Positive,3,No,College,Near,Male,60.0
19.0,69,Medium,High,Yes,7,82,High,Yes,1,Low,Medium,Public,Negative,2,No,High School,Near,Male,65.0
22.0,71,High,Medium,No,6,79,High,Yes,1,Low,Low,Public,Positive,3,No,High School,Near,Male,66.0
29.0,78,High,High,Yes,4,93,Low,Yes,5,Medium,High,Public,Neutral,3,No,College,Near,Male,74.0
17.0,67,Medium,Medium,Yes,5,52,High,Yes,2,Medium,Medium,Private,Negative,3,No,High School,Far,Female,62.0
15.0,95,Medium,Medium,No,7,93,Medium,Yes,2,Low,Medium,Public,Positive,4,No,College,Moderate,Male,70.0
17.0,88,Medium,High,Yes,7,94,Low,Yes,0,Medium,Medium,Public,Neutral,3,No,High School,Near,Male,69.0
25.0,63,Medium,High,Yes,7,72,Medium,Yes,3,Medium,High,Private,Negative,4,No,College,Far,Male,67.0
22.0,86,Low,Low,No,6,54,Medium,Yes,2,Medium,Medium,Public,Neutral,0,No,High School,Moderate,Male,64.0
17.0,86,Medium,High,No,5,97,High,Yes,3,High,Medium,Public,Neutral,3,No,College,Near,Male,71.0
23.0,98,Medium,Low,Yes,7,54,Low,Yes,0,Medium,Medium,Public,Negative,3,No,College,Near,Female,68.0
21.0,60,High,Medium,No,7,80,Medium,Yes,0,Medium,High,Public,Neutral,4,Yes,College,Near,Male,64.0
26.0,70,Medium,Low,Yes,8,75,Medium,Yes,1,Medium,Low,Private,Neutral,4,Yes,High School,Far,Female,63.0
16.0,97,Medium,Medium,Yes,6,92,Low,Yes,0,High,Medium,Private,Positive,4,No,College,Near,Male,71.0
18.0,97,High,Medium,Yes,4,75,Low,Yes,0,Low,Medium,Public,Positive,3,No,High School,Moderate,Male,69.0
18.0,89,High,Medium,Yes,4,73,Medium,Yes,3,High,Medium,Private,Positive,2,No,College,Near,Female,100.0
11.0,91,Medium,Medium,No,6,94,Medium,Yes,3,Medium,Medium,Public,Neutral,3,No,College,Moderate,Male,68.0
22.0,64,Low,Medium,No,7,98,Low,No,1,Medium,Medium,Public,Negative,3,No,High School,Near,Male,62.0
22.0,81,Medium,Medium,Yes,7,77,Low,Yes,2,Medium,Medium,Public,Positive,3,No,Postgraduate,Far,Female,68.0
20.0,69,High,High,Yes,6,73,Medium,Yes,2,Low,Medium,Private,Positive,3,No,High School,Far,Male,66.0
19.0,67,Low,Medium,No,5,92,High,Yes,0,Medium,Medium,Public,Positive,3,No,College,Near,Male,64.0
12.0,92,Medium,Medium,No,4,92,High,Yes,2,Medium,High,Public,Neutral,3,Yes,High School,Moderate,Male,67.0
17.0,65,Medium,High,Yes,8,66,Medium,Yes,1,High,High,Public,Neutral,4,Yes,Postgraduate,Moderate,Female,65.0
18.0,79,Medium,Medium,Yes,7,79,Medium,Yes,0,Low,High,Private,Neutral,3,No,College,Far,Male,65.0
15.0,98,High,Medium,No,6,58,High,Yes,0,Low,High,Public,Positive,3,No,College,Near,Male,69.0
19.0,67,Medium,Medium,No,5,82,High,Yes,1,Low,Low,Private,Negative,3,No,High School,Near,Male,63.0
22.0,99,Medium,Low,Yes,6,92,Low,Yes,3,Medium,Medium,Public,Negative,4,No,Postgraduate,Moderate,Male,72.0
31.0,100,Medium,Medium,No,7,59,Medium,Yes,2,High,High,Public,Positive,5,No,Postgraduate,Moderate,Male,76.0
21.0,82,Medium,High,Yes,7,66,High,Yes,3,Low,Medium,Public,Positive,3,Yes,College,Near,Female,69.0
22.0,67,Medium,Medium,Yes,7,72,High,Yes,3,Low,High,Public,Positive,2,No,Postgraduate,Moderate,Female,67.0
20.0,73,High,Medium,Yes,9,92,Medium,Yes,2,Medium,High,Public,Positive,3,No,College,Near,Male,69.0
8.0,77,High,Medium,Yes,6,87,Medium,Yes,0,Low,Medium,Public,Neutral,2,No,High School,Moderate,Male,63.0
20.0,72,Medium,Medium,No,9,66,Medium,Yes,3,Low,High,Private,Positive,3,No,Postgraduate,Near,Male,67.0
20.0,71,Low,High,Yes,7,62,High,Yes,2,Medium,Medium,Public,Negative,5,No,College,Near,Male,66.0
35.0,99,High,High,Yes,7,85,Low,Yes,2,Medium,High,Private,Neutral,2,No,Postgraduate,Near,Female,79.0
19.0,66,Medium,Medium,No,8,74,Medium,Yes,1,High,Medium,Public,Neutral,3,No,High School,Near,Female,64.0
22.0,89,High,High,Yes,6,80,Medium,Yes,1,High,High,Public,Positive,3,No,High School,Near,Female,73.0
20.0,60,Low,High,No,7,82,High,Yes,2,Low,High,Public,Positive,4,Yes,High School,Near,Male,63.0
13.0,84,Medium,Medium,No,5,78,Medium,Yes,1,Low,High,Public,Positive,2,No,High School,Near,Male,65.0
27.0,97,Low,High,Yes,8,81,Medium,Yes,0,High,Medium,Public,Positive,5,No,High School,Near,Female,73.0
25.0,72,High,High,Yes,8,94,Low,Yes,2,Low,Medium,Private,Positive,4,No,College,Moderate,Female,70.0
25.0,67,High,Medium,No,9,93,High,Yes,2,Low,High,Public,Positive,3,Yes,High School,Near,Female,68.0
15.0,86,Medium,Medium,Yes,7,57,Medium,Yes,1,Medium,Medium,Public,Negative,3,No,College,Near,Male,65.0
28.0,89,Low,High,Yes,9,79,High,Yes,0,Low,Medium,Private,Positive,1,No,College,Moderate,Female,71.0
12.0,88,Low,Medium,No,6,72,Low,Yes,2,Medium,Medium,Public,Positive,2,No,College,Far,Male,64.0
24.0,73,Medium,High,Yes,8,64,Medium,Yes,4,High,Medium,Private,Neutral,3,Yes,College,Moderate,Male,68.0
33.0,70,Medium,Medium,Yes,6,82,Low,Yes,1,Low,High,Public,Neutral,4,No,College,Near,Male,69.0
14.0,98,Medium,Medium,No,7,76,Medium,Yes,0,Medium,High,Private,Positive,4,No,College,Moderate,Female,69.0
17.0,97,Medium,Medium,No,8,89,Medium,Yes,1,Low,Medium,Public,Neutral,4,No,High School,Far,Male,69.0
21.0,78,Medium,Medium,Yes,10,55,Medium,Yes,1,High,Low,Private,Positive,2,No,College,Near,Male,67.0
17.0,94,Low,Medium,Yes,8,65,Low,Yes,4,Medium,Medium,Public,Neutral,6,No,High School,Far,Female,68.0
11.0,78,Medium,High,Yes,8,51,Medium,Yes,2,Low,Medium,Public,Neutral,3,No,Postgraduate,Near,Male,64.0
20.0,77,Medium,Medium,No,6,87,Low,Yes,0,Low,High,Public,Positive,4,No,High School,Near,Female,66.0
14.0,66,High,Low,No,7,96,Medium,Yes,3,Low,High,Public,Negative,3,No,High School,Near,Male,63.0
23.0,77,Medium,Medium,Yes,7,79,Medium,Yes,0,Low,High,Public,Neutral,2,No,High School,Moderate,Male,66.0
14.0,81,Medium,Medium,No,9,81,Medium,Yes,1,Low,High,Private,Negative,3,No,Postgraduate,Near,Female,66.0
29.0,61,Medium,High,Yes,7,52,Low,Yes,3,Low,Medium,Private,Positive,3,No,College,Near,Female,67.0
15.0,78,High,High,No,9,75,Low,Yes,1,Low,Medium,Public,Negative,1,No,High School,Near,Male,65.0
18.0,91,Low,Medium,Yes,5,76,Medium,Yes,1,Medium,Medium,Public,Neutral,3,No,High School,Near,Female,68.0
25.0,87,Medium,Low,No,9,52,High,Yes,1,Low,High,Private,Positive,2,No,High School,Near,Male,68.0
13.0,85,High,Medium,No,6,89,Medium,Yes,0,High,Medium,Private,Neutral,1,Yes,High School,Near,Male,65.0
21.0,96,Medium,Medium,No,8,64,High,Yes,2,Medium,High,Public,Neutral,0,No,College,Near,Male,71.0
28.0,61,Medium,High,No,6,86,High,Yes,1,Low,Medium,Private,Negative,3,Yes,Postgraduate,Far,Male,65.0
10.0,82,Medium,Low,No,8,70,Medium,Yes,3,Low,High,Public,Positive,1,Yes,Postgraduate,Near,Female,64.0
21.0,91,High,Medium,No,6,100,Medium,Yes,0,High,Medium,Private,Neutral,2,No,Postgraduate,Near,Female,72.0
22.0,82,Medium,Medium,No,9,61,Medium,Yes,2,Low,Medium,Public,Negative,2,Yes,High School,Near,Female,65.0
25.0,73,Medium,High,No,8,53,High,No,0,Low,High,Private,Negative,5,No,Postgraduate,Near,Female,66.0
13.0,65,Low,High,No,6,99,Medium,Yes,0,Low,Medium,Private,Negative,4,No,High School,Near,Male,61.0
12.0,96,Low,High,Yes,8,62,Medium,Yes,2,Medium,High,Public,Negative,3,No,College,Near,Female,68.0
23.0,79,High,High,Yes,8,82,Low,Yes,3,Medium,Medium,Public,Negative,3,Yes,Postgraduate,Moderate,Female,69.0
22.0,95,Medium,High,Yes,6,69,Medium,Yes,1,Low,Medium,Public,Positive,3,No,College,Near,Female,72.0
22.0,83,Medium,High,Yes,5,82,Medium,Yes,2,Low,High,Public,Positive,3,No,Postgraduate,Near,Female,71.0
22.0,87,High,High,No,5,80,Low,Yes,2,Low,High,Public,Negative,3,No,High School,Near,Female,70.0
16.0,92,Medium,High,Yes,5,85,Low,Yes,1,Low,Medium,Public,Neutral,2,No,High School,Moderate,Male,68.0
21.0,86,Low,Medium,Yes,5,51,Medium,Yes,2,Low,High,Public,Positive,2,No,High School,Moderate,Female,67.0
22.0,76,Medium,Medium,Yes,8,92,Medium,Yes,1,Low,High,Public,Neutral,4,No,High School,Near,Female,68.0
16.0,81,Medium,Medium,Yes,8,74,Medium,Yes,3,Medium,Medium,Public,Positive,2,No,Postgraduate,Near,Female,68.0
31.0,92,Medium,Medium,Yes,4,76,Medium,Yes,2,Medium,High,Public,Positive,4,Yes,High School,Far,Male,72.0
23.0,75,Low,High,No,6,71,Low,Yes,0,Medium,Medium,Public,Neutral,2,No,College,Near,Male,65.0
13.0,76,Medium,High,No,5,99,Low,Yes,2,Medium,Medium,Private,Positive,4,No,High School,Near,Female,66.0
24.0,64,Medium,Medium,Yes,8,90,High,Yes,0,Low,High,Public,Negative,3,No,High School,Near,Male,65.0
14.0,97,Medium,Medium,Yes,6,66,Medium,Yes,2,Medium,Medium,Public,Negative,3,Yes,College,Near,Female,67.0
25.0,64,Medium,High,No,5,89,Low,Yes,2,Medium,Medium,Public,Neutral,4,No,College,Far,Male,66.0
27.0,86,Medium,Medium,No,7,72,Low,Yes,1,Medium,High,Public,Positive,4,No,High School,Far,Male,69.0
15.0,77,Medium,Medium,Yes,8,94,Low,Yes,0,High,High,Public,Positive,3,No,College,Moderate,Male,66.0
26.0,76,Medium,High,Yes,6,52,Medium,Yes,4,High,Low,Public,Neutral,3,No,High School,Near,Male,69.0
22.0,87,High,Low,Yes,7,68,Medium,No,0,Low,Medium,Public,Neutral,2,No,High School,Near,Male,67.0
25.0,63,High,Medium,Yes,6,71,Medium,Yes,1,Medium,Low,Private,Positive,3,No,High School,Near,Male,66.0
31.0,84,Medium,Medium,Yes,9,87,Medium,Yes,2,Low,Medium,Private,Neutral,3,No,College,Far,Male,71.0
19.0,91,High,Low,No,6,59,Medium,Yes,5,Medium,High,Public,Neutral,4,No,College,Moderate,Male,70.0
15.0,93,High,Medium,No,6,64,Medium,Yes,2,Medium,High,Public,Positive,4,No,Postgraduate,Near,Male,71.0
15.0,67,Medium,Medium,Yes,7,86,High,Yes,1,High,Medium,Private,Positive,3,No,Postgraduate,Near,Male,66.0
15.0,96,Medium,Medium,No,7,54,High,No,3,Medium,High,Public,Negative,2,No,High School,Near,Male,67.0
20.0,86,High,Low,No,8,60,Medium,Yes,1,Medium,Medium,Public,Neutral,4,Yes,College,Far,Female,66.0
22.0,95,Medium,High,No,9,88,Low,Yes,0,Low,High,Public,Positive,2,No,Postgraduate,Near,Male,72.0
22.0,79,Medium,Medium,No,9,94,Medium,Yes,1,Medium,Medium,Public,Positive,3,No,High School,Near,Male,68.0
25.0,82,Medium,Medium,No,6,86,Medium,No,3,Low,High,Public,Positive,3,No,High School,Near,Female,69.0
20.0,97,Medium,Medium,Yes,7,76,Low,Yes,2,Low,Low,Private,Positive,3,No,Postgraduate,Near,Male,71.0
29.0,96,Medium,Medium,Yes,9,55,Low,No,0,Medium,Medium,Public,Neutral,2,No,Postgraduate,Far,Female,70.0
18.0,78,Medium,Medium,No,9,91,High,Yes,2,High,Low,Public,Neutral,4,No,College,Far,Female,67.0
36.0,71,Medium,Medium,Yes,6,56,Medium,Yes,2,High,Medium,Public,Positive,2,No,High School,Far,Male,69.0
24.0,76,Low,High,No,8,69,Low,Yes,2,Medium,Medium,Public,Neutral,1,No,High School,Moderate,Male,65.0
15.0,76,High,High,No,8,53,Medium,Yes,1,Low,Medium,Public,Neutral,4,No,College,Near,Male,65.0
14.0,71,Medium,Medium,Yes,8,85,Low,Yes,2,Medium,High,Public,Neutral,4,No,High School,Near,Male,64.0
23.0,71,Low,Low,Yes,9,75,Low,Yes,1,Low,Medium,Public,Negative,2,No,College,Near,Male,63.0
19.0,94,Low,Medium,Yes,5,95,Medium,Yes,3,Low,Low,Public,Positive,2,No,High School,Moderate,Male,69.0
24.0,63,Medium,Low,Yes,6,57,Medium,Yes,1,Low,High,Private,Neutral,5,No,College,Near,Female,64.0
23.0,87,High,High,Yes,8,91,High,Yes,0,High,Medium,Private,Positive,3,No,High School,Moderate,Male,72.0
20.0,67,Low,Medium,Yes,7,76,Medium,Yes,0,Medium,Medium,Public,Neutral,4,No,High School,Near,Male,63.0
15.0,74,Low,High,Yes,4,68,Low,Yes,3,Low,Medium,Public,Positive,3,No,High School,Near,Female,64.0
11.0,62,Medium,High,Yes,5,82,Medium,Yes,3,High,Medium,Private,Neutral,4,No,College,Moderate,Male,64.0
17.0,71,Medium,Medium,Yes,8,90,Medium,Yes,5,Medium,Medium,Public,Positive,1,No,Postgraduate,Far,Male,67.0
25.0,91,Medium,Medium,No,8,72,Low,Yes,2,Medium,High,Public,Positive,0,No,Postgraduate,Near,Male,71.0
21.0,95,Medium,Medium,No,5,62,High,Yes,1,Medium,Low,Public,Positive,4,No,High School,Near,Male,70.0
13.0,69,Medium,Low,Yes,9,96,Low,Yes,0,High,Medium,Private,Neutral,4,No,High School,Far,Female,61.0
21.0,79,Medium,High,Yes,7,66,Low,Yes,2,Low,Medium,Public,Negative,4,No,College,Moderate,Male,67.0
22.0,79,High,Medium,No,5,100,Medium,Yes,4,High,High,Public,Negative,3,No,College,Near,Male,72.0
15.0,95,Low,Low,Yes,6,88,Low,Yes,1,Low,Medium,Public,Negative,5,No,High School,Near,Male,66.0
21.0,91,Medium,High,Yes,5,84,Medium,Yes,1,High,Low,Public,Neutral,2,No,High School,Near,Male,70.0
20.0,81,High,Medium,Yes,6,51,High,No,3,Medium,Medium,Public,Neutral,4,Yes,High School,Near,Male,67.0
13.0,87,High,Low,Yes,4,72,Medium,Yes,2,Medium,High,Public,Neutral,3,No,High School,Moderate,Female,67.0
22.0,94,Low,Medium,Yes,7,75,High,Yes,2,High,Medium,Public,Neutral,2,No,College,Near,Female,71.0
23.0,60,High,Medium,Yes,8,69,Medium,Yes,1,Low,Medium,Private,Positive,4,No,College,Near,Male,66.0
26.0,76,Medium,Medium,Yes,5,57,Medium,Yes,1,Medium,Medium,Public,Positive,4,No,High School,Near,Male,68.0
26.0,96,Medium,Medium,Yes,7,68,Medium,Yes,3,High,Medium,Private,Positive,3,No,College,Near,Female,74.0
12.0,90,Medium,Low,Yes,6,54,Medium,No,1,High,Medium,Public,Neutral,3,No,High School,Near,Male,64.0
14.0,82,Medium,Medium,No,8,65,Medium,Yes,1,Low,Medium,Private,Positive,3,No,College,Near,Male,65.0
23.0,81,Low,Medium,Yes,4,54,Medium,Yes,1,Low,Medium,Public,Neutral,3,No,College,Near,Male,66.0
23.0,74,Medium,High,Yes,8,88,Low,Yes,0,Medium,High,Public,Negative,3,Yes,High School,Near,Male,66.0
23.0,81,Medium,Low,No,4,84,Medium,Yes,2,Medium,Medium,Public,Positive,5,No,High School,Near,Male,68.0
20.0,86,High,Medium,Yes,7,97,Medium,Yes,2,Medium,High,Public,Positive,1,No,High School,Near,Female,78.0
23.0,77,Medium,High,Yes,6,69,Low,Yes,1,Medium,Medium,Private,Positive,2,No,High School,Moderate,Female,67.0
27.0,89,Medium,High,Yes,6,89,Medium,Yes,3,Medium,Medium,Private,Positive,3,No,High School,Near,Male,74.0
26.0,94,Medium,High,No,5,79,High,Yes,1,Low,High,Public,Positive,2,No,Postgraduate,Near,Male,74.0
24.0,66,Medium,Low,No,9,82,Low,Yes,1,Medium,Medium,Public,Neutral,2,Yes,High School,Near,Female,62.0
18.0,78,High,Medium,Yes,5,77,Medium,No,2,Medium,Medium,Public,Neutral,4,No,High School,Far,Male,66.0
25.0,76,Medium,Medium,Yes,5,89,High,Yes,3,Medium,High,Public,Neutral,3,No,High School,Far,Female,69.0
15.0,87,Medium,High,Yes,10,52,Medium,Yes,2,Low,High,Private,Positive,3,No,College,Near,Male,68.0
19.0,70,Medium,Low,No,7,54,High,Yes,0,Medium,Medium,Public,Positive,2,Yes,High School,Moderate,Male,89.0
17.0,86,High,Low,No,5,55,Low,No,2,High,Medium,Private,Neutral,4,No,College,Near,Male,66.0
20.0,95,Low,Medium,Yes,7,64,Low,No,2,Medium,High,Public,Neutral,3,No,High School,Near,Female,68.0
34.0,77,Medium,Low,Yes,7,80,Low,Yes,0,Medium,Medium,Public,Positive,3,No,High School,Near,Male,69.0
9.0,96,Medium,Medium,Yes,4,82,High,No,0,Low,Medium,Public,Positive,4,No,College,Near,Male,67.0
24.0,100,High,High,Yes,6,86,Low,Yes,2,Medium,Medium,Private,Positive,5,No,High School,Near,Male,75.0
10.0,64,Medium,High,No,7,64,High,Yes,0,Medium,Medium,Public,Positive,4,Yes,High School,Moderate,Female,60.0
17.0,69,High,Medium,Yes,9,83,Medium,Yes,2,Medium,High,Private,Positive,4,Yes,College,Moderate,Female,66.0
27.0,98,Low,High,Yes,7,56,Low,Yes,1,High,Medium,Private,Positive,3,No,College,Near,Female,73.0
20.0,98,Medium,Low,No,7,50,Low,Yes,1,Medium,High,Private,Neutral,2,No,High School,Near,Female,68.0
14.0,64,Medium,Medium,Yes,6,85,Medium,Yes,0,Medium,Medium,Public,Neutral,3,No,High School,Near,Male,62.0
16.0,61,Medium,Medium,No,9,86,Low,Yes,2,Low,High,Public,Positive,2,No,High School,Near,Male,62.0
24.0,66,High,Low,Yes,8,81,High,Yes,1,Medium,Medium,Public,Neutral,4,No,High School,Far,Male,65.0
16.0,100,High,Low,Yes,8,63,High,Yes,2,Low,Medium,Public,Negative,3,No,High School,Moderate,Male,69.0
21.0,67,Medium,Medium,No,7,96,Low,Yes,3,Low,Medium,Public,Neutral,2,No,High School,Far,Female,64.0
20.0,80,Medium,High,No,5,94,Medium,Yes,0,Low,Low,Private,Positive,4,Yes,Postgraduate,Moderate,Female,67.0
16.0,94,High,High,Yes,9,76,Medium,Yes,0,Low,High,Public,Neutral,2,No,High School,Near,Male,70.0
33.0,61,Medium,Medium,No,7,99,High,Yes,2,Medium,High,Public,Neutral,3,No,College,Near,Female,70.0
24.0,84,High,Low,No,7,65,Low,Yes,3,Medium,High,Public,Positive,3,No,High School,Near,Female,69.0
8.0,71,High,Low,No,8,75,Medium,Yes,0,Medium,High,Public,Positive,3,No,High School,Near,Male,61.0
21.0,94,Medium,Medium,No,7,96,Low,Yes,0,Medium,Medium,Private,Neutral,2,Yes,Postgraduate,Moderate,Male,69.0
16.0,71,High,Medium,Yes,5,73,Medium,Yes,1,Medium,Medium,Public,Neutral,0,Yes,High School,Near,Male,63.0
25.0,87,Medium,Low,Yes,7,74,Low,Yes,0,Medium,High,Public,Neutral,4,Yes,High School,Near,Male,67.0
15.0,87,Low,Medium,No,4,54,Medium,Yes,1,Medium,Medium,Public,Neutral,6,No,High School,Moderate,Male,65.0
19.0,69,Medium,Medium,Yes,7,61,High,Yes,3,High,High,Public,Neutral,4,No,High School,Moderate,Male,66.0
23.0,61,Low,Medium,No,9,58,Medium,Yes,4,Medium,Medium,Public,Neutral,2,No,High School,Near,Male,63.0
25.0,76,Medium,High,Yes,4,78,Medium,Yes,2,Medium,Medium,Private,Negative,3,No,High School,Moderate,Female,68.0
13.0,72,High,High,No,7,66,Medium,Yes,0,Low,High,Public,Neutral,4,No,Postgraduate,Near,Male,65.0
18.0,92,Low,Medium,Yes,8,54,Medium,Yes,1,Medium,Medium,Public,Positive,3,No,High School,Near,Male,67.0
17.0,92,Low,Low,Yes,8,75,Medium,Yes,2,Medium,High,Public,Neutral,3,No,Postgraduate,Near,Female,68.0
16.0,78,Medium,High,No,6,83,Medium,Yes,0,Low,Low,Public,Neutral,3,Yes,College,Near,Male,64.0
31.0,84,Medium,Medium,No,5,87,High,Yes,0,Medium,Medium,Private,Positive,3,No,College,Moderate,Male,71.0
22.0,84,Medium,Medium,Yes,6,92,Low,Yes,0,Medium,Medium,Public,Neutral,5,No,High School,Near,Female,69.0
12.0,93,Medium,Medium,Yes,9,74,Low,Yes,1,Medium,Medium,Public,Neutral,3,No,Postgraduate,Moderate,Male,67.0
26.0,77,Low,Medium,No,4,70,Low,Yes,2,High,Low,Public,Neutral,3,Yes,College,Moderate,Female,65.0
33.0,71,Low,Medium,No,5,84,Medium,Yes,1,Medium,Medium,Public,Positive,2,No,High School,Near,Male,68.0
26.0,71,High,Medium,Yes,6,51,Low,No,1,High,Medium,Private,Positive,3,No,Postgraduate,Moderate,Male,67.0
11.0,81,Medium,Medium,Yes,6,82,High,Yes,3,Medium,High,Public,Neutral,4,No,High School,Near,Male,67.0
17.0,78,Medium,High,Yes,7,70,Medium,No,2,Low,High,Public,Positive,3,No,High School,Near,Male,66.0
28.0,78,High,Medium,No,9,73,High,Yes,2,Medium,Medium,Public,Neutral,4,No,College,Moderate,Female,70.0
16.0,64,High,Low,Yes,5,65,Medium,Yes,3,Medium,High,Private,Positive,4,No,Postgraduate,Moderate,Female,65.0
23.0,89,Low,Low,Yes,7,56,Low,Yes,4,Medium,Low,Private,Positive,4,No,Postgraduate,Near,Female,69.0
25.0,69,Medium,Medium,Yes,7,70,Low,No,1,High,High,Public,Positive,4,No,High School,Far,Female,65.0
14.0,68,High,Medium,No,6,65,Medium,Yes,1,High,Medium,Public,Neutral,3,Yes,College,Near,Male,63.0
20.0,77,Medium,Medium,No,5,98,Low,Yes,2,Low,High,Private,Neutral,2,No,Postgraduate,Far,Female,67.0
20.0,69,High,Medium,Yes,6,97,Medium,Yes,1,Low,Medium,Public,Positive,3,No,High School,Near,Female,61.0
14.0,83,Medium,Low,Yes,6,82,Medium,Yes,0,Medium,Medium,Public,Positive,2,No,High School,Near,Female,65.0
18.0,75,Low,High,Yes,8,95,Medium,Yes,1,Low,Low,Public,Neutral,2,No,College,Near,Female,66.0
13.0,78,Medium,High,Yes,8,88,High,Yes,0,High,Low,Public,Neutral,3,No,College,Near,Male,66.0
30.0,81,Medium,Low,Yes,5,67,Medium,Yes,1,High,High,Public,Negative,1,No,High School,Near,Male,69.0
11.0,68,Medium,Medium,No,6,80,Medium,Yes,2,Medium,Medium,Public,Positive,3,No,College,Moderate,Female,63.0
17.0,66,Low,High,No,6,61,Medium,Yes,1,High,Medium,Public,Positive,6,No,Postgraduate,Near,Male,65.0
21.0,95,Low,Low,No,10,84,Low,Yes,0,High,Medium,Public,Neutral,4,Yes,High School,Near,Male,67.0
29.0,77,High,High,Yes,7,52,Medium,Yes,2,High,Medium,Public,Negative,3,Yes,High School,Near,Female,69.0
11.0,76,Low,Medium,Yes,5,92,Medium,Yes,4,Medium,Low,Public,Negative,2,No,Postgraduate,Near,Male,65.0
27.0,61,Medium,Medium,No,6,79,Medium,Yes,1,Low,Medium,Public,Positive,3,No,High School,Moderate,Male,65.0
20.0,80,High,Low,Yes,6,53,Medium,Yes,0,Low,Medium,Public,Neutral,2,No,College,Moderate,Male,65.0
14.0,82,Medium,High,Yes,8,94,Low,Yes,2,Low,High,Public,Negative,5,No,College,Far,Female,67.0
23.0,82,Low,Medium,Yes,8,94,Medium,Yes,1,Medium,Medium,Public,Negative,2,Yes,High School,Near,Male,66.0
21.0,88,Medium,High,No,7,93,Medium,Yes,4,Low,Medium,Public,Positive,3,No,High School,Near,Female,72.0
16.0,67,Medium,High,No,7,89,High,Yes,3,Low,Medium,Public,Positive,3,No,College,Near,Male,66.0
20.0,70,Medium,Medium,Yes,7,84,Low,No,2,Medium,High,Private,Neutral,4,No,College,Far,Male,65.0
18.0,92,High,Medium,Yes,7,70,Medium,Yes,1,Low,Medium,Public,Neutral,3,No,High School,Moderate,Male,69.0
21.0,98,Medium,Low,No,4,57,Medium,Yes,2,High,Low,Public,Neutral,2,No,High School,Near,Female,68.0
24.0,65,Medium,Low,No,7,64,Low,Yes,1,High,Medium,Public,Neutral,1,No,Postgraduate,Near,Male,64.0
30.0,80,Low,High,No,6,67,Medium,Yes,3,Medium,Medium,Public,Negative,4,No,College,Moderate,Female,69.0
13.0,69,Medium,Low,Yes,5,68,Low,Yes,0,High,Medium,Public,Positive,1,Yes,High School,Moderate,Female,59.0
33.0,62,High,Medium,Yes,10,78,Medium,Yes,0,Medium,Medium,Private,Positive,3,No,High School,Moderate,Female,68.0
8.0,73,Medium,Medium,No,7,60,Medium,No,0,High,Medium,Private,Neutral,3,No,High School,Near,Female,60.0
19.0,66,Medium,High,No,7,59,Medium,Yes,1,High,Medium,Public,Negative,3,No,High School,Far,Male,62.0
24.0,88,Low,Medium,Yes,6,86,Low,Yes,0,Low,Low,Public,Negative,3,No,College,Near,Male,67.0
22.0,81,Low,High,Yes,8,50,High,Yes,4,Medium,Medium,Private,Positive,5,No,High School,Far,Female,68.0
16.0,66,Medium,High,Yes,5,57,High,Yes,3,Medium,Medium,Public,Positive,3,No,High School,Moderate,Female,64.0
19.0,60,Medium,High,Yes,7,72,High,Yes,3,Low,High,Public,Positive,3,No,High School,Moderate,Female,65.0
17.0,92,Low,Low,Yes,6,57,Medium,Yes,2,Medium,Medium,Private,Positive,2,Yes,High School,Moderate,Female,65.0
16.0,67,High,Medium,No,8,98,Medium,Yes,0,Low,Low,Public,Neutral,3,No,High School,Near,Female,63.0
25.0,84,Medium,Low,Yes,6,84,Low,Yes,2,Medium,High,Public,Positive,3,No,High School,Near,Male,70.0
22.0,73,Low,Medium,Yes,9,72,Low,Yes,3,Medium,Medium,Public,Positive,3,No,High School,Near,Female,66.0
16.0,83,Medium,High,Yes,7,56,Low,Yes,4,High,Medium,Public,Positive,3,No,High School,Near,Female,68.0
25.0,73,Low,Low,No,8,69,Medium,Yes,3,Medium,Medium,Private,Positive,3,No,High School,Near,Female,66.0
22.0,63,Low,Low,No,8,83,Medium,Yes,3,Medium,Medium,Private,Negative,1,No,College,Near,Male,63.0
25.0,69,High,Medium,Yes,9,98,Medium,Yes,1,Low,Medium,Public,Negative,3,Yes,College,Moderate,Female,66.0
24.0,68,Medium,Medium,Yes,6,74,Medium,Yes,1,Medium,Medium,Public,Neutral,3,No,High School,Near,Female,65.0
15.0,77,Medium,Medium,Yes,8,85,High,Yes,1,Low,Medium,Public,Positive,2,No,Postgraduate,Moderate,Male,66.0
17.0,86,High,Low,Yes,4,60,High,Yes,2,High,Low,Private,Positive,3,Yes,College,Moderate,Female,67.0
24.0,71,Medium,Medium,Yes,7,81,Medium,Yes,0,Low,Medium,Private,Positive,3,No,High School,Near,Male,66.0
24.0,60,Low,Medium,No,6,62,High,Yes,4,Low,High,Public,Negative,3,No,High School,Near,Female,63.0
20.0,81,Medium,Medium,Yes,5,60,Low,Yes,3,Medium,Medium,Public,Positive,4,Yes,High School,Near,Male,66.0
21.0,84,Medium,Medium,No,6,75,Low,No,1,High,Medium,Public,Positive,3,No,College,Moderate,Male,67.0
28.0,99,Medium,Medium,Yes,6,61,Medium,No,1,Low,Medium,Public,Positive,3,No,High School,Near,Male,71.0
16.0,84,Medium,High,Yes,7,86,Medium,Yes,1,Low,Medium,Private,Neutral,2,No,High School,Near,Female,67.0
23.0,79,Medium,High,Yes,6,97,Medium,Yes,1,High,Low,Public,Neutral,4,No,High School,Moderate,Male,69.0
19.0,83,Medium,Medium,Yes,7,70,Medium,Yes,2,Low,Medium,Public,Negative,4,Yes,Postgraduate,Near,Female,67.0
19.0,97,High,Medium,Yes,6,66,High,Yes,2,Medium,Medium,Private,Positive,2,No,College,Moderate,Female,72.0
27.0,93,High,Low,No,6,59,High,Yes,2,Low,Medium,Private,Negative,4,No,High School,Near,Female,70.0
25.0,73,Medium,High,Yes,7,70,Low,Yes,0,Low,Medium,Private,Neutral,4,No,Postgraduate,Moderate,Male,67.0
25.0,69,Low,High,Yes,7,78,Medium,Yes,0,Low,High,Public,Negative,3,No,High School,Far,Female,64.0
28.0,71,Medium,Medium,No,8,69,High,Yes,1,Medium,High,Private,Neutral,1,No,College,Moderate,Female,67.0
20.0,80,Low,High,No,8,81,Medium,Yes,3,Medium,Medium,Private,Negative,4,No,Postgraduate,Near,Male,69.0
24.0,90,Low,Low,No,7,83,Medium,Yes,0,Low,Medium,Private,Positive,3,No,College,Near,Male,68.0
18.0,80,Medium,Medium,No,8,55,Low,Yes,2,Low,Low,Public,Neutral,3,No,High School,Moderate,Male,63.0
22.0,63,Medium,High,Yes,7,85,Medium,Yes,4,High,High,Public,Negative,3,No,College,Near,Female,68.0
19.0,89,High,Medium,Yes,7,95,Medium,Yes,0,Medium,Medium,Public,Positive,3,No,High School,Near,Male,70.0
21.0,92,Medium,Low,Yes,8,51,Low,Yes,0,Medium,Medium,Public,Neutral,2,No,College,Moderate,Male,66.0
24.0,72,High,High,No,6,78,High,Yes,0,Low,High,Public,Negative,6,No,High School,Near,Female,68.0
15.0,87,High,Low,Yes,4,80,High,Yes,0,Low,Medium,Private,Positive,3,No,College,Near,Male,67.0
33.0,77,Low,High,Yes,5,85,Medium,Yes,0,Low,Medium,Private,Neutral,5,No,High School,Far,Female,69.0
14.0,96,Medium,Low,Yes,9,69,High,Yes,0,Medium,Medium,Private,Negative,3,Yes,College,Near,Female,66.0
13.0,94,Medium,Medium,Yes,7,91,Low,Yes,3,Low,Medium,Public,Neutral,3,No,High School,Near,Male,68.0
27.0,81,Medium,Medium,Yes,7,77,Medium,Yes,2,Medium,Low,Public,Neutral,2,Yes,Postgraduate,Moderate,Female,69.0
25.0,88,Medium,Medium,Yes,7,70,Low,Yes,1,Medium,Medium,Private,Positive,3,No,Postgraduate,Moderate,Male,70.0
24.0,95,Medium,High,Yes,8,86,High,Yes,1,Medium,High,Private,Neutral,3,No,College,Near,Male,74.0
24.0,80,Medium,High,Yes,7,96,High,Yes,0,Low,High,Public,Positive,0,No,College,Moderate,Female,70.0
20.0,73,Medium,Medium,Yes,7,91,Low,Yes,1,Medium,High,Public,Neutral,2,No,Postgraduate,Moderate,Male,66.0
15.0,90,High,Medium,Yes,8,97,Medium,Yes,1,Low,High,Private,Negative,3,No,College,Near,Female,69.0
20.0,69,Medium,High,No,6,63,Low,Yes,0,Low,Medium,Public,Negative,3,No,Postgraduate,Near,Male,64.0
16.0,76,Low,High,Yes,8,56,Medium,No,1,Low,Medium,Public,Positive,1,No,High School,Near,Male,62.0
26.0,95,Low,High,No,7,77,Medium,Yes,0,Medium,Medium,Public,Neutral,3,No,High School,Moderate,Female,70.0
19.0,89,High,Medium,Yes,7,52,Medium,Yes,2,Medium,Medium,Public,Negative,4,No,High School,Moderate,Male,68.0
15.0,76,Medium,Medium,Yes,6,84,Low,Yes,0,Medium,High,Public,Neutral,3,No,College,Near,Female,65.0
18.0,69,High,High,No,7,62,Low,Yes,3,Medium,Medium,Public,Positive,3,No,High School,Moderate,Male,65.0
22.0,74,High,High,Yes,6,73,Low,Yes,3,High,High,Public,Positive,4,No,Postgraduate,Moderate,Female,71.0
17.0,71,High,Medium,Yes,9,83,Low,Yes,2,Medium,Medium,Public,Neutral,5,No,High School,Near,Male,66.0
15.0,67,Medium,Medium,No,4,74,Medium,Yes,0,Low,Medium,Public,Negative,3,No,College,Moderate,Male,61.0
21.0,90,Low,Medium,Yes,8,62,Low,Yes,2,Medium,High,Public,Negative,5,Yes,High School,Near,Male,67.0
21.0,70,Low,High,Yes,4,94,Medium,Yes,0,Low,High,Private,Neutral,2,No,College,Far,Male,65.0
17.0,78,Medium,High,No,8,88,Medium,Yes,0,Low,Medium,Public,Negative,3,No,High School,Near,Female,65.0
17.0,75,Medium,High,Yes,6,80,Medium,No,1,Low,Medium,Private,Positive,5,No,High School,Moderate,Male,65.0
21.0,99,Medium,Medium,No,8,85,High,Yes,4,Medium,Medium,Public,Positive,4,No,High School,Moderate,Male,73.0
11.0,76,Medium,Medium,Yes,7,71,Medium,No,1,Medium,Low,Public,Neutral,2,No,College,Near,Male,62.0
12.0,63,Medium,High,Yes,5,69,Low,Yes,0,Medium,High,Public,Negative,2,No,College,Moderate,Female,60.0
16.0,64,Low,Medium,Yes,9,58,Low,Yes,1,Medium,Medium,Public,Positive,3,No,College,Moderate,Female,61.0
19.0,84,Low,Medium,Yes,8,90,High,Yes,2,Low,Medium,Private,Neutral,3,No,Postgraduate,Far,Male,67.0
22.0,84,High,Medium,No,8,69,Medium,No,3,Medium,High,Private,Neutral,4,No,College,Near,Male,70.0
29.0,77,Low,High,No,6,85,Medium,Yes,1,Medium,Medium,Public,Positive,1,No,College,Near,Male,69.0
25.0,77,Medium,Low,Yes,8,65,High,No,0,Medium,Medium,Public,Positive,5,No,College,Far,Female,66.0
19.0,62,Medium,Medium,No,5,90,Low,Yes,2,Low,High,Public,Positive,3,No,College,Moderate,Male,64.0
20.0,81,High,Medium,Yes,4,55,Medium,Yes,1,High,Medium,Private,Positive,2,No,Postgraduate,Moderate,Male,68.0
14.0,80,High,Medium,Yes,5,81,Medium,Yes,1,Low,Medium,Public,Positive,4,No,Postgraduate,Far,Female,67.0
20.0,66,Medium,Medium,No,6,90,High,Yes,0,Medium,Medium,Public,Neutral,1,No,College,Near,Female,64.0
18.0,64,Medium,Medium,Yes,6,83,High,Yes,2,Low,Medium,Public,Positive,2,No,College,Near,Male,65.0
22.0,65,Low,High,Yes,6,85,Medium,Yes,2,High,Medium,Public,Positive,3,Yes,Postgraduate,Near,Female,66.0
15.0,64,Medium,Medium,Yes,6,76,High,Yes,2,Medium,Medium,Private,Positive,4,Yes,High School,Near,Female,63.0
23.0,84,High,Medium,Yes,6,78,Low,Yes,2,Low,Low,Public,Negative,2,No,High School,Moderate,Female,68.0
29.0,68,Medium,High,Yes,4,53,Medium,Yes,1,Medium,Medium,Private,Negative,4,No,High School,Far,Male,66.0
19.0,70,Medium,Medium,No,7,63,Low,No,3,Low,Low,Public,Neutral,5,No,High School,Near,Male,63.0
22.0,67,Low,Medium,No,7,86,Low,Yes,1,Low,Medium,Public,Positive,3,No,High School,Moderate,Female,63.0
24.0,98,High,Medium,Yes,6,97,Medium,Yes,1,Medium,Medium,Public,Positive,4,No,College,Far,Male,74.0
18.0,94,Medium,High,Yes,9,77,Low,Yes,1,Medium,High,Public,Positive,2,No,College,Moderate,Male,70.0
21.0,69,High,High,Yes,7,86,Medium,Yes,2,Low,Medium,Private,Neutral,3,No,High School,Near,Male,68.0
20.0,73,Medium,Medium,Yes,7,84,Medium,Yes,0,Medium,Medium,Public,Neutral,4,No,Postgraduate,Moderate,Female,66.0
21.0,68,Medium,Low,No,8,100,Low,Yes,0,Medium,Medium,Public,Positive,4,No,High School,Far,Male,63.0
15.0,80,Low,High,No,5,90,Medium,Yes,4,Low,Medium,Public,Positive,3,No,College,Far,Female,67.0
20.0,61,Medium,Medium,No,7,81,Medium,Yes,1,Medium,Low,Public,Neutral,3,No,High School,Moderate,Male,62.0
23.0,87,High,High,No,8,56,Medium,Yes,1,Medium,High,Public,Positive,3,No,Postgraduate,Moderate,Male,71.0
29.0,81,High,Medium,No,7,68,Medium,Yes,2,Medium,Medium,Public,Neutral,4,No,Postgraduate,Near,Male,72.0
26.0,96,Medium,Medium,Yes,5,63,Medium,No,1,High,Medium,Private,Positive,2,No,Postgraduate,Near,Male,72.0
33.0,67,Medium,Medium,Yes,6,93,High,Yes,0,Low,High,Public,Neutral,3,No,High School,Far,Female,68.0
15.0,92,Medium,Low,Yes,7,72,Low,Yes,1,Medium,Medium,Public,Negative,5,No,High School,Near,Female,66.0
25.0,92,Medium,Medium,No,4,77,Medium,Yes,0,Low,Medium,Public,Positive,3,No,High School,Near,Male,70.0
21.0,65,Medium,Low,Yes,5,98,High,No,2,Low,Medium,Private,Positive,4,No,Postgraduate,Near,Male,66.0
33.0,76,Medium,Medium,Yes,10,92,Low,Yes,1,High,Medium,Private,Positive,3,No,Postgraduate,Near,Female,72.0
15.0,67,High,Medium,Yes,8,89,Low,Yes,0,High,High,Public,Neutral,4,No,High School,Moderate,Female,64.0
15.0,70,High,Medium,No,9,57,Medium,Yes,1,Medium,Medium,Private,Negative,3,No,High School,Near,Female,63.0
16.0,71,Medium,Medium,No,8,51,Medium,Yes,0,Low,Medium,Public,Negative,2,No,Postgraduate,Far,Female,61.0
7.0,82,High,High,Yes,8,56,Medium,Yes,0,Low,Medium,Private,Negative,2,No,High School,Far,Male,62.0
17.0,76,Medium,High,No,7,87,High,Yes,1,Medium,High,Public,Positive,4,No,High School,Near,Female,68.0
15.0,98,Low,Medium,Yes,8,71,Low,Yes,1,Medium,Medium,Public,Positive,3,No,High School,Near,Male,68.0
21.0,65,Low,Medium,No,9,56,High,Yes,1,Medium,Medium,Public,Positive,5,No,High School,Moderate,Male,63.0
22.0,99,Medium,Low,Yes,8,87,Low,Yes,1,Medium,Medium,Private,Neutral,4,No,High School,Moderate,Female,70.0
31.0,69,High,Low,Yes,7,60,Medium,Yes,1,Low,Medium,Public,Neutral,3,No,Postgraduate,Near,Female,68.0
26.0,91,High,Medium,Yes,7,79,Medium,Yes,1,Low,Medium,Private,Neutral,5,No,High School,Near,Female,72.0
17.0,74,Medium,Medium,Yes,8,87,Medium,Yes,4,Low,Low,Public,Positive,3,No,College,Near,Male,67.0
15.0,66,Low,High,No,6,80,Medium,No,1,Low,Medium,Private,Neutral,1,No,College,Near,Male,61.0
23.0,94,Low,Medium,No,8,100,Medium,No,0,Low,Medium,Public,Neutral,3,No,Postgraduate,Near,Male,69.0
12.0,72,Medium,Low,Yes,6,72,High,Yes,2,Low,High,Private,Negative,2,No,High School,Moderate,Female,61.0
31.0,86,High,High,Yes,6,66,Medium,Yes,3,Medium,Medium,Public,Positive,3,No,College,Moderate,Male,75.0
27.0,83,High,Low,No,5,60,Medium,Yes,0,High,Low,Public,Neutral,2,No,College,Moderate,Female,68.0
17.0,79,Medium,Low,Yes,6,75,Low,Yes,1,Medium,High,Public,Neutral,4,No,High School,Near,Male,65.0
10.0,80,High,Medium,Yes,6,93,High,Yes,4,Medium,Medium,Public,Negative,3,No,College,Moderate,Female,67.0
28.0,89,Medium,High,Yes,10,97,High,Yes,3,Medium,Low,Public,Negative,6,No,High School,Near,Female,75.0
19.0,64,Low,Medium,No,6,99,Medium,Yes,1,Medium,Medium,Public,Positive,3,No,College,Near,Male,64.0
27.0,87,Medium,Medium,No,8,77,Medium,Yes,1,Low,High,Public,Neutral,4,No,High School,Moderate,Male,70.0
10.0,96,High,High,No,6,80,Medium,No,0,Medium,Medium,Public,Neutral,4,No,High School,Moderate,Female,67.0
16.0,62,Medium,Medium,Yes,7,79,Low,Yes,2,Medium,Medium,Public,Neutral,3,No,High School,Near,Male,63.0
20.0,66,High,High,No,7,73,Medium,Yes,1,Medium,Medium,Public,Negative,4,No,College,Near,Female,65.0
20.0,89,Medium,Medium,Yes,4,58,Medium,Yes,1,Medium,Medium,Public,Positive,3,No,High School,Far,Female,67.0
17.0,77,Low,High,Yes,5,53,Medium,Yes,2,High,Medium,Public,Neutral,3,No,College,Near,Male,86.0
24.0,76,Low,High,No,6,72,High,Yes,3,Medium,High,Public,Neutral,3,Yes,High School,Moderate,Female,67.0
14.0,65,High,Medium,No,5,59,Low,Yes,1,High,Medium,Public,Positive,4,No,Postgraduate,Far,Male,63.0
19.0,80,Medium,Medium,No,7,94,Medium,Yes,0,Medium,Low,Public,Neutral,3,No,College,Moderate,Female,66.0
21.0,65,High,High,No,7,88,Low,Yes,2,Low,Medium,Private,Neutral,1,No,High School,Near,Male,65.0
23.0,79,Medium,Medium,No,5,81,Medium,Yes,1,Medium,Medium,Private,Neutral,3,No,High School,Near,Female,67.0
24.0,91,Medium,Medium,No,7,52,Low,Yes,0,High,High,Public,Neutral,4,No,College,Near,Male,69.0
13.0,70,High,High,No,6,81,Medium,Yes,2,Medium,Low,Public,Positive,2,No,Postgraduate,Near,Male,66.0
11.0,79,Medium,Medium,Yes,7,81,Medium,Yes,1,High,Medium,Public,Neutral,2,No,High School,Moderate,Male,64.0
28.0,100,High,Low,Yes,6,72,Medium,Yes,1,Low,Medium,Public,Negative,2,No,Postgraduate,Near,Female,73.0
22.0,87,Low,Medium,No,8,83,Low,Yes,1,Low,Medium,Public,Neutral,1,No,College,Far,Male,66.0
16.0,94,Medium,Medium,No,9,93,Low,Yes,1,Low,Medium,Public,Negative,4,No,Postgraduate,Near,Female,68.0
29.0,77,High,Low,Yes,8,88,Low,Yes,0,Medium,High,Public,Positive,4,No,College,Moderate,Male,70.0
21.0,91,High,Medium,No,9,74,Medium,Yes,2,Low,Low,Private,Negative,2,No,High School,Near,Female,69.0
27.0,62,Medium,High,Yes,5,63,Low,Yes,4,High,Medium,Public,Negative,4,No,High School,Near,Female,67.0
20.0,65,Medium,Low,No,6,74,Low,Yes,0,Medium,Medium,Private,Positive,3,No,College,Moderate,Male,62.0
32.0,68,Medium,Low,No,8,97,High,Yes,1,Low,Medium,Public,Positive,2,No,High School,Near,Male,68.0
31.0,76,Medium,High,Yes,9,91,Medium,Yes,1,Low,Medium,Private,Neutral,4,No,Postgraduate,Near,Male,72.0
19.0,94,Low,Medium,No,8,51,Medium,Yes,3,Medium,Low,Private,Positive,5,No,Postgraduate,Near,Male,69.0
26.0,74,Low,Low,No,5,89,Low,Yes,3,High,High,Private,Negative,2,No,High School,Near,Male,66.0
24.0,86,High,High,No,6,59,Medium,Yes,1,Low,Medium,Public,Positive,3,No,High School,Moderate,Female,70.0
28.0,88,High,Medium,No,8,79,Medium,Yes,0,Medium,Medium,Public,Positive,3,No,High School,Far,Male,71.0
14.0,83,Medium,Medium,Yes,7,90,Medium,Yes,0,Low,Low,Public,Negative,3,No,College,Near,Female,65.0
24.0,74,High,Medium,Yes,6,78,Medium,Yes,3,Low,High,Public,Positive,3,No,College,Near,Female,70.0
26.0,83,Low,Low,No,7,70,High,No,2,Medium,High,Public,Negative,4,Yes,High School,Moderate,Male,65.0
9.0,74,Medium,High,No,7,66,Low,Yes,1,High,High,Private,Neutral,3,No,High School,Far,Female,62.0
13.0,63,High,Medium,Yes,5,65,Medium,Yes,2,High,Medium,Private,Neutral,2,No,High School,Far,Male,62.0
8.0,100,High,Medium,Yes,8,92,Medium,Yes,1,Medium,High,Public,Neutral,3,No,Postgraduate,Moderate,Female,70.0
18.0,65,Medium,High,Yes,6,91,Medium,No,5,Low,Medium,Private,Neutral,3,No,College,Near,Male,66.0
24.0,63,High,Low,Yes,7,91,Low,Yes,4,Low,Medium,Private,Positive,4,No,High School,Near,Female,67.0
29.0,95,Medium,Low,No,9,64,Medium,Yes,1,Medium,High,Public,Positive,3,No,High School,Near,Female,72.0
20.0,72,High,Low,Yes,7,90,Low,Yes,0,Low,High,Private,Negative,3,No,Postgraduate,Near,Female,66.0
30.0,86,Medium,Low,Yes,8,52,Medium,Yes,2,Medium,Medium,Public,Negative,2,Yes,College,Moderate,Female,68.0
12.0,73,High,Medium,No,5,60,Medium,Yes,1,Low,Medium,Public,Negative,4,No,High School,Moderate,Male,62.0
10.0,76,Low,Medium,Yes,8,76,Medium,Yes,2,High,High,Private,Positive,3,Yes,Postgraduate,Moderate,Male,64.0
20.0,70,Medium,Medium,No,8,70,Medium,Yes,0,Low,Medium,Public,Neutral,5,No,Postgraduate,Near,Female,65.0
22.0,74,Medium,Low,Yes,6,56,Low,Yes,4,Medium,High,Public,Negative,3,No,Postgraduate,Moderate,Male,66.0
20.0,76,Medium,Low,No,7,52,Medium,Yes,2,Low,High,Private,Neutral,3,No,High School,Near,Female,64.0
8.0,89,Medium,High,Yes,7,81,Low,Yes,4,Low,Medium,Public,Neutral,3,No,College,Near,Male,67.0
19.0,80,High,Medium,Yes,7,66,Low,Yes,4,Medium,Medium,Public,Negative,4,No,College,Near,Female,69.0
12.0,98,High,Medium,Yes,8,51,Medium,Yes,0,Medium,Low,Public,Positive,5,No,Postgraduate,Moderate,Male,68.0
24.0,62,Medium,Medium,No,6,72,High,Yes,2,Low,Low,Public,Neutral,4,No,High School,Near,Male,64.0
22.0,80,High,Medium,Yes,7,65,Medium,Yes,2,High,Medium,Private,Neutral,2,No,High School,Moderate,Female,68.0
14.0,83,Low,Low,Yes,9,79,Medium,Yes,1,Medium,Low,Public,Positive,3,No,High School,Near,Male,64.0
17.0,97,Medium,High,No,9,96,High,Yes,0,High,Medium,Public,Negative,1,No,Postgraduate,Near,Male,71.0
14.0,62,High,High,Yes,8,65,Low,Yes,3,Low,Medium,Public,Negative,2,No,High School,Far,Male,61.0
20.0,83,Low,Medium,No,7,100,Medium,Yes,4,Low,Medium,Public,Negative,3,No,College,Near,Male,68.0
26.0,94,High,Medium,Yes,10,54,Low,Yes,2,High,Medium,Public,Neutral,5,No,High School,Near,Male,73.0
14.0,70,High,Medium,Yes,9,54,Medium,No,3,Medium,Medium,Public,Positive,1,No,College,Near,Male,64.0
23.0,95,Medium,Medium,Yes,7,86,Medium,Yes,3,Low,Medium,Public,Positive,4,Yes,Postgraduate,Far,Male,72.0
17.0,61,Medium,Medium,Yes,7,87,High,Yes,5,Medium,Medium,Public,Neutral,3,No,High School,Near,Male,65.0
15.0,89,Medium,Medium,Yes,6,71,Medium,Yes,1,Medium,High,Public,Positive,4,No,High School,Near,Female,68.0
19.0,97,High,Low,Yes,8,64,Medium,Yes,2,Low,High,Public,Positive,3,No,High School,Near,Male,71.0
14.0,86,Medium,Low,Yes,8,90,Medium,No,3,Medium,Medium,Public,Negative,3,Yes,Postgraduate,Near,Male,65.0
17.0,78,Medium,Medium,No,8,98,Low,Yes,2,Medium,Medium,Private,Positive,2,No,High School,Near,Male,66.0
13.0,62,Low,High,No,7,99,Medium,Yes,4,Medium,Low,Public,Positive,1,No,Postgraduate,Moderate,Female,63.0
32.0,97,Medium,High,No,5,82,Medium,Yes,1,Medium,Medium,Public,Neutral,3,No,High School,Moderate,Male,74.0
20.0,79,High,Low,Yes,7,87,Low,No,2,Medium,High,Private,Neutral,4,Yes,High School,Near,Female,66.0
16.0,61,Medium,Low,No,8,91,High,Yes,2,Medium,High,Public,Neutral,3,No,College,Moderate,Male,63.0
21.0,88,High,Medium,Yes,6,90,High,Yes,2,High,Medium,Private,Neutral,4,No,High School,Moderate,Male,72.0
19.0,79,Medium,High,No,7,100,Low,Yes,1,High,High,Public,Positive,2,No,College,Far,Female,69.0
19.0,65,Medium,High,Yes,9,91,Medium,Yes,1,Medium,High,Public,Positive,4,No,College,Near,Male,67.0
24.0,69,Low,High,No,5,83,Low,Yes,3,Low,Medium,Private,Neutral,3,No,High School,Near,Male,66.0
25.0,63,High,Medium,No,7,69,Medium,Yes,0,Low,High,Private,Negative,5,No,High School,Moderate,Female,64.0
17.0,83,Low,Medium,No,9,80,Medium,Yes,4,Medium,High,Public,Negative,2,No,College,Near,Female,67.0
17.0,85,Medium,Low,No,7,94,High,Yes,4,Low,Medium,Public,Positive,3,No,College,Near,Female,69.0
18.0,80,Medium,Low,Yes,6,65,Medium,Yes,2,Low,High,Public,Negative,2,No,College,Near,Female,65.0
6.0,93,Medium,Medium,No,7,52,High,Yes,0,Medium,Medium,Public,Neutral,2,No,College,Near,Female,64.0
11.0,94,Medium,Low,Yes,8,66,High,No,1,High,Low,Public,Neutral,4,No,High School,Near,Female,65.0
28.0,85,Medium,High,Yes,7,98,Medium,Yes,2,Low,High,Private,Positive,1,Yes,High School,Near,Male,72.0
30.0,61,Low,High,Yes,8,90,Medium,Yes,2,Low,High,Public,Negative,2,No,High School,Moderate,Female,66.0
19.0,88,Medium,Low,No,7,59,Medium,Yes,2,Low,Medium,Public,Neutral,3,No,College,Near,Female,66.0
23.0,77,High,High,Yes,7,51,Medium,Yes,1,Low,Low,Private,Positive,3,No,College,Moderate,Male,67.0
22.0,83,Medium,Medium,Yes,8,83,High,Yes,1,High,Medium,Private,Negative,3,Yes,Postgraduate,Moderate,Male,69.0
20.0,86,Low,High,Yes,7,79,Low,Yes,3,Low,Medium,Public,Negative,3,No,High School,Near,Male,73.0
27.0,74,Medium,High,No,6,54,Medium,Yes,3,Medium,Medium,Public,Neutral,3,No,College,Near,Female,69.0
19.0,97,Medium,Low,No,8,98,Medium,Yes,1,Low,Medium,Private,Neutral,4,Yes,High School,Near,Male,68.0
14.0,65,Low,Medium,Yes,7,81,Medium,Yes,1,Low,Medium,Public,Positive,3,No,High School,Moderate,Female,61.0
10.0,87,Medium,Low,Yes,6,83,Medium,No,0,Low,Medium,Public,Positive,4,No,High School,Near,Male,63.0
21.0,60,Medium,High,Yes,8,93,Low,Yes,0,Low,Medium,Public,Positive,2,No,High School,Far,Female,63.0
15.0,97,Low,Medium,Yes,9,67,Medium,Yes,1,Low,High,Public,Neutral,2,No,College,Near,Male,68.0
11.0,65,Medium,High,No,7,78,Medium,Yes,2,Low,Medium,Public,Neutral,3,No,Postgraduate,Near,Female,63.0
16.0,64,High,Medium,Yes,7,79,Medium,Yes,3,Medium,Medium,Private,Positive,4,Yes,Postgraduate,Near,Female,66.0
14.0,73,High,Medium,Yes,5,98,Medium,Yes,2,Low,Medium,Public,Negative,4,No,High School,Moderate,Female,65.0
30.0,75,High,High,No,7,57,High,Yes,0,Low,Medium,Public,Neutral,1,Yes,College,Near,Female,68.0
25.0,69,Medium,Medium,Yes,7,88,High,Yes,0,Low,Medium,Public,Negative,4,No,College,Near,Female,66.0
20.0,83,Low,Low,No,7,79,Low,No,2,Medium,Medium,Public,Positive,5,No,Postgraduate,Moderate,Male,66.0
29.0,78,High,Medium,No,6,92,Medium,Yes,2,Low,Medium,Private,Negative,4,No,High School,Near,Male,70.0
20.0,61,Low,Low,Yes,8,92,Medium,Yes,0,Medium,Medium,Public,Negative,2,No,High School,Near,Female,61.0
15.0,73,Medium,Low,Yes,7,51,Medium,Yes,2,Low,High,Private,Negative,3,No,High School,Moderate,Male,61.0
29.0,92,Medium,Medium,Yes,10,63,High,Yes,1,Low,High,Private,Negative,4,No,High School,Moderate,Male,71.0
23.0,88,Low,Medium,Yes,7,59,Medium,Yes,1,Medium,Medium,Public,Negative,2,No,High School,Near,Male,67.0
14.0,89,High,High,Yes,4,73,Medium,Yes,2,Medium,High,Public,Negative,3,No,College,Near,Male,70.0
19.0,88,High,Medium,No,5,95,Medium,Yes,2,Low,Medium,Private,Negative,4,No,College,Moderate,Male,69.0
15.0,72,High,High,No,8,50,Medium,Yes,2,Medium,Medium,Public,Neutral,4,No,High School,Near,Female,65.0
12.0,64,High,Low,Yes,6,74,High,Yes,0,Medium,Medium,Public,Positive,2,No,High School,Moderate,Male,61.0
26.0,71,Medium,Low,No,6,94,Low,Yes,3,Low,Medium,Public,Positive,4,No,Postgraduate,Near,Male,68.0
31.0,93,High,Low,Yes,5,96,Medium,Yes,2,Low,Medium,Public,Positive,2,No,High School,Near,Male,74.0
12.0,99,Medium,Medium,No,6,83,Low,Yes,1,Medium,Medium,Public,Negative,3,No,High School,Near,Female,67.0
23.0,80,Medium,Medium,Yes,7,91,Low,Yes,5,High,Medium,Public,Negative,1,No,High School,Near,Female,70.0
16.0,60,Low,Medium,Yes,8,66,Low,Yes,1,High,High,Private,Neutral,2,Yes,High School,Moderate,Female,59.0
17.0,66,High,High,No,5,64,Low,Yes,0,Medium,High,Private,Neutral,2,No,College,Near,Male,64.0
16.0,73,High,Medium,Yes,8,52,Medium,Yes,2,Medium,High,Public,Positive,4,No,College,Near,Female,66.0
15.0,83,Low,Low,Yes,5,75,Medium,Yes,1,Medium,Medium,Public,Neutral,3,No,High School,Far,Female,63.0
20.0,63,Low,Low,Yes,8,73,Low,Yes,0,High,Medium,Public,Neutral,3,No,College,Near,Female,61.0
15.0,98,Low,High,Yes,8,69,Low,Yes,2,Low,Medium,Public,Neutral,4,No,High School,Moderate,Female,68.0
22.0,75,Medium,Medium,No,6,56,Low,Yes,3,Medium,Medium,Private,Positive,3,No,High School,Far,Male,65.0
20.0,97,Medium,High,No,5,62,Medium,Yes,1,Medium,Medium,Private,Neutral,4,No,High School,Far,Male,69.0
19.0,91,High,Low,Yes,8,60,Medium,Yes,2,Low,Medium,Private,Neutral,4,No,High School,Moderate,Male,68.0
15.0,90,Medium,Low,Yes,6,97,Low,Yes,2,High,High,Public,Positive,2,No,High School,Near,Male,69.0
17.0,84,Medium,Low,Yes,7,98,High,Yes,1,Low,High,Public,Neutral,2,No,College,Far,Female,67.0
25.0,85,High,High,No,8,50,High,Yes,1,High,Medium,Public,Neutral,1,No,College,Moderate,Female,70.0
23.0,86,Medium,Medium,Yes,8,59,Low,Yes,1,Low,Medium,Public,Neutral,3,No,Postgraduate,Moderate,Female,68.0
14.0,85,Medium,Medium,No,6,94,Low,Yes,0,High,Medium,Public,Positive,4,No,College,Near,Male,67.0
21.0,82,High,Medium,No,7,52,Medium,Yes,4,Low,Medium,Public,Neutral,3,No,High School,Far,Male,67.0
25.0,99,High,Medium,Yes,6,97,High,Yes,0,Medium,Medium,Public,Positive,3,No,College,Moderate,Male,75.0
10.0,89,Low,Low,Yes,8,69,Low,Yes,3,Low,Medium,Public,Negative,4,No,College,Moderate,Male,63.0
23.0,91,Low,Medium,No,9,77,High,Yes,1,Low,Medium,Public,Positive,5,No,High School,Near,Male,70.0
16.0,95,Medium,Low,Yes,6,88,Low,Yes,2,High,High,Public,Positive,4,No,High School,Near,Female,70.0
23.0,69,Medium,High,Yes,7,62,Medium,Yes,1,Medium,Medium,Public,Neutral,4,Yes,High School,Far,Male,64.0
15.0,63,Medium,Low,No,8,55,Low,Yes,0,Medium,Low,Public,Neutral,3,No,College,Near,Female,59.0
9.0,79,Medium,Low,No,7,90,High,Yes,1,High,Low,Public,Neutral,3,No,High School,Near,Male,63.0
10.0,81,High,Medium,Yes,8,99,Medium,No,2,Medium,Medium,Public,Positive,4,No,Postgraduate,Moderate,Female,67.0
20.0,93,Low,High,Yes,7,83,Medium,Yes,0,Medium,Medium,Private,Negative,2,Yes,High School,Near,Male,68.0
22.0,78,Medium,Medium,Yes,5,91,Low,Yes,0,Medium,High,Private,Negative,3,No,Postgraduate,Near,Male,68.0
15.0,83,Medium,Medium,No,7,97,Medium,Yes,2,Low,High,Private,Neutral,2,No,High School,Near,Female,97.0
24.0,81,Medium,Low,No,9,61,Medium,Yes,1,Low,Low,Public,Positive,4,No,College,Near,Female,66.0
10.0,62,Medium,Low,No,7,68,High,Yes,3,Medium,Medium,Public,Neutral,3,No,Postgraduate,Near,Male,61.0
20.0,85,High,Medium,No,9,61,High,Yes,2,High,Medium,Public,Positive,3,No,College,Near,Male,70.0
13.0,93,Low,Low,Yes,4,53,High,Yes,1,Medium,Low,Public,Positive,1,No,Postgraduate,Near,Male,65.0
16.0,66,Low,Medium,Yes,8,87,High,Yes,3,Medium,Medium,Public,Positive,2,No,High School,Moderate,Female,64.0
20.0,84,Medium,High,Yes,6,57,High,Yes,2,Medium,Medium,Public,Positive,4,No,High School,Far,Female,69.0
15.0,84,Medium,High,No,6,55,Low,Yes,1,Medium,Medium,Private,Negative,2,No,High School,Near,Male,64.0
18.0,67,Low,Low,Yes,9,68,Low,Yes,2,Low,High,Private,Negative,2,No,Postgraduate,Near,Male,61.0
26.0,65,Low,Medium,No,7,53,Low,Yes,3,High,Medium,Public,Positive,2,No,High School,Near,Female,64.0
17.0,99,Medium,High,No,6,59,Medium,Yes,0,Medium,Medium,Public,Neutral,3,No,High School,Moderate,Male,68.0
25.0,76,Medium,High,No,8,53,High,Yes,1,High,High,Public,Positive,3,Yes,High School,Far,Female,67.0
13.0,69,High,Low,No,4,94,Medium,Yes,3,Low,Low,Public,Positive,3,Yes,High School,Near,Male,62.0
23.0,67,Medium,Medium,Yes,9,89,Medium,Yes,2,Low,High,Public,Neutral,2,No,High School,Near,Female,66.0
29.0,87,Medium,High,Yes,10,93,High,Yes,1,Low,Medium,Public,Neutral,4,No,High School,Moderate,Male,72.0
5.0,84,Medium,Medium,Yes,8,93,High,Yes,4,High,High,Public,Positive,3,No,College,Moderate,Male,68.0
15.0,86,Medium,High,Yes,8,97,Medium,Yes,4,High,Medium,Public,Positive,3,No,High School,Near,Male,71.0
23.0,64,Medium,Medium,Yes,7,59,High,Yes,3,Medium,Medium,Public,Positive,2,No,High School,Moderate,Female,65.0
19.0,96,Medium,Low,Yes,5,95,Low,No,2,Medium,Low,Private,Neutral,3,No,High School,Moderate,Female,68.0
22.0,76,Medium,Low,No,9,76,Medium,Yes,2,Low,High,Public,Neutral,5,No,High School,Far,Female,65.0
16.0,73,High,Low,Yes,8,58,Medium,Yes,1,Medium,Medium,Public,Neutral,4,No,High School,Near,Female,64.0
21.0,78,Medium,Low,No,8,83,Medium,Yes,2,Medium,Medium,Public,Positive,4,Yes,High School,Far,Male,65.0
19.0,76,High,High,Yes,8,66,Low,Yes,0,Low,High,Private,Negative,4,Yes,High School,Near,Male,65.0
27.0,95,High,Medium,No,7,52,High,Yes,3,Medium,High,Private,Negative,3,No,College,Moderate,Female,73.0
22.0,97,Medium,High,Yes,6,54,Medium,Yes,1,Low,High,Public,Positive,3,No,Postgraduate,Near,Male,72.0
22.0,72,Low,Medium,Yes,10,71,Medium,Yes,1,Medium,Medium,Private,Negative,1,No,College,Near,Male,64.0
18.0,95,Medium,Medium,Yes,7,91,Low,Yes,0,Low,Medium,Public,Positive,4,Yes,Postgraduate,Moderate,Male,69.0
17.0,91,Medium,Medium,No,6,66,High,Yes,1,High,Medium,Private,Positive,3,No,High School,Near,Male,69.0
17.0,97,Medium,High,Yes,9,88,Medium,No,0,Medium,Medium,Public,Positive,2,No,High School,Near,Male,70.0
22.0,70,Low,Medium,No,7,53,Low,Yes,1,Low,Medium,Public,Positive,3,No,High School,Near,Female,83.0
17.0,83,High,Medium,No,7,70,Low,Yes,3,Low,Medium,Private,Neutral,5,No,Postgraduate,Near,Female,68.0
22.0,71,Low,High,Yes,9,56,High,Yes,1,Low,High,Public,Neutral,3,Yes,College,Near,Female,84.0
32.0,93,Medium,Medium,Yes,8,93,High,Yes,1,Medium,High,Public,Negative,3,No,Postgraduate,Far,Female,75.0
25.0,60,Low,High,No,8,98,Medium,Yes,1,Medium,Medium,Public,Neutral,5,No,Postgraduate,Near,Female,67.0
18.0,83,Medium,High,Yes,5,66,Medium,Yes,0,High,Medium,Private,Positive,4,No,Postgraduate,Near,Male,69.0
27.0,74,High,Medium,No,8,99,High,No,3,Medium,Medium,Public,Positive,4,No,High School,Near,Male,71.0
18.0,73,Medium,Low,Yes,5,88,Medium,Yes,1,Medium,Medium,Public,Positive,5,No,College,Near,Female,66.0
8.0,86,Medium,High,No,6,50,High,Yes,1,Medium,Medium,Public,Positive,2,No,College,Near,Male,65.0
14.0,94,High,Medium,No,7,74,Medium,Yes,1,High,Medium,Private,Positive,5,No,College,Near,Male,70.0
9.0,84,High,Low,No,7,92,High,Yes,1,Low,High,Public,Negative,4,No,Postgraduate,Near,Male,66.0
18.0,94,High,Medium,Yes,8,77,Medium,Yes,3,Medium,High,Public,Positive,4,No,Postgraduate,Near,Male,74.0
20.0,71,High,Medium,No,8,77,Medium,Yes,0,High,Medium,Private,Neutral,4,No,High School,Moderate,Male,66.0
30.0,81,Medium,High,No,8,72,Low,Yes,0,Low,Medium,Public,Neutral,2,No,High School,Moderate,Male,68.0
22.0,78,Medium,High,Yes,5,70,Medium,Yes,2,Low,Medium,Public,Positive,1,No,College,Near,Male,68.0
19.0,60,Medium,High,No,10,51,Medium,Yes,0,Medium,Medium,Public,Positive,3,Yes,College,Near,Female,62.0
25.0,82,Medium,High,Yes,7,81,Medium,Yes,2,Medium,Medium,Private,Neutral,2,No,Postgraduate,Moderate,Male,71.0
7.0,86,Medium,Low,No,9,88,Medium,Yes,2,Low,Medium,Public,Negative,2,No,College,Near,Female,63.0
21.0,84,High,High,No,4,90,Medium,Yes,2,Medium,Low,Public,Neutral,3,No,High School,Far,Male,69.0
25.0,89,Medium,Medium,Yes,7,81,High,Yes,3,Medium,Medium,Public,Negative,0,No,College,Near,Male,71.0
11.0,83,High,Low,Yes,5,67,Medium,Yes,1,Medium,Medium,Public,Positive,2,No,Postgraduate,Near,Male,66.0
27.0,63,Medium,High,No,6,51,Low,Yes,0,Low,Medium,Public,Positive,2,No,Postgraduate,Moderate,Male,64.0
22.0,65,Medium,Medium,Yes,7,95,Low,Yes,3,Low,Medium,Public,Positive,2,No,High School,Moderate,Female,65.0
18.0,84,Medium,High,No,6,71,Medium,Yes,4,Medium,Low,Public,Positive,2,No,High School,Near,Female,69.0
24.0,71,Medium,Low,No,9,80,Medium,Yes,2,Medium,High,Private,Positive,3,No,High School,Near,Female,66.0
34.0,63,Medium,High,Yes,10,60,Low,Yes,1,Medium,Medium,Public,Negative,4,No,High School,Near,Female,67.0
21.0,77,Medium,Low,Yes,6,57,Medium,Yes,4,Low,Medium,Public,Negative,5,No,High School,Far,Male,65.0
21.0,82,Low,Low,Yes,6,54,High,Yes,3,Low,Medium,Public,Negative,2,No,College,Moderate,Male,65.0
17.0,73,High,Medium,No,5,90,High,Yes,1,Low,Medium,Private,Positive,4,No,High School,Near,Male,67.0
15.0,89,Low,Medium,Yes,9,82,Low,Yes,1,Medium,Medium,Public,Neutral,3,No,College,Near,Male,66.0
25.0,86,Medium,Medium,Yes,7,81,Low,Yes,1,High,Low,Public,Positive,1,No,High School,Near,Male,69.0
15.0,73,Medium,High,No,7,96,Low,Yes,1,Low,Medium,Public,Negative,2,No,College,Near,Male,64.0
20.0,90,Medium,Medium,Yes,7,58,High,Yes,1,High,High,Private,Neutral,4,No,High School,Near,Male,70.0
17.0,86,High,Medium,Yes,7,59,Low,Yes,3,Low,Medium,Public,Positive,3,No,Postgraduate,Moderate,Male,68.0
23.0,85,High,Low,Yes,6,59,Low,Yes,1,Medium,Medium,Public,Negative,1,No,High School,Near,Male,68.0
22.0,82,High,Medium,Yes,7,71,Low,Yes,1,High,Medium,Private,Positive,3,No,High School,Near,Female,69.0
26.0,60,Medium,Medium,Yes,7,94,High,Yes,3,High,Medium,Public,Positive,2,No,High School,Moderate,Female,68.0
17.0,88,Medium,Medium,Yes,8,94,Medium,Yes,5,Medium,Medium,Public,Neutral,2,Yes,College,Near,Female,70.0
18.0,75,High,Medium,Yes,5,80,Medium,Yes,2,Low,High,Public,Neutral,3,No,High School,Near,Female,67.0
14.0,98,High,High,Yes,7,83,Medium,No,3,Low,Medium,Public,Positive,3,No,College,Near,Male,72.0
17.0,93,High,Low,No,6,95,Medium,Yes,1,Low,Medium,Public,Neutral,4,No,High School,Near,Male,69.0
22.0,84,High,Medium,No,7,81,Medium,Yes,1,Medium,Low,Private,Positive,3,No,High School,Moderate,Male,69.0
25.0,70,Low,Medium,Yes,8,61,Low,No,3,Low,Medium,Public,Positive,4,No,College,Moderate,Female,64.0
14.0,68,Low,Medium,Yes,6,85,Medium,Yes,2,Medium,Medium,Public,Neutral,3,No,High School,Near,Female,63.0
25.0,74,High,High,Yes,9,88,Medium,Yes,3,Medium,High,Public,Neutral,3,Yes,High School,Near,Male,70.0
28.0,79,High,Medium,Yes,4,82,Medium,Yes,0,Medium,Medium,Private,Positive,3,No,High School,Near,Male,70.0
22.0,72,High,Medium,Yes,9,64,Low,Yes,1,Medium,Medium,Public,Negative,2,No,College,Near,Female,66.0
31.0,81,Medium,Medium,No,9,70,Low,Yes,1,Low,Medium,Public,Neutral,4,No,Postgraduate,Near,Female,70.0
15.0,67,Medium,High,Yes,6,74,High,Yes,0,High,Medium,Public,Positive,2,No,Postgraduate,Near,Female,66.0
13.0,99,Medium,Medium,Yes,6,57,Medium,Yes,1,Low,Medium,Public,Negative,5,No,College,Near,Male,68.0
9.0,64,Medium,Medium,No,5,73,Medium,Yes,1,Medium,Medium,Public,Positive,4,No,College,Near,Male,61.0
29.0,97,Medium,Medium,No,8,58,Medium,Yes,1,High,Medium,Private,Negative,4,No,College,Moderate,Female,72.0
24.0,97,High,Low,No,7,75,Low,Yes,1,Medium,Medium,Public,Negative,2,No,High School,Moderate,Female,69.0
20.0,81,Medium,Low,Yes,6,53,Low,Yes,0,Medium,Low,Public,Neutral,4,No,High School,Far,Female,63.0
22.0,89,Medium,High,Yes,5,97,Medium,Yes,2,Medium,Medium,Private,Neutral,5,No,High School,Near,Male,72.0
13.0,77,Medium,Medium,Yes,10,62,Medium,Yes,1,High,Medium,Private,Neutral,4,No,College,Moderate,Male,65.0
35.0,85,Medium,High,Yes,6,73,High,Yes,1,High,Medium,Public,Negative,5,No,High School,Moderate,Female,74.0
21.0,74,Medium,Low,Yes,7,52,Low,Yes,1,High,Medium,Public,Negative,4,No,High School,Far,Male,62.0
21.0,72,High,Medium,No,7,60,Low,Yes,0,Low,Medium,Private,Neutral,4,No,Postgraduate,Near,Male,65.0
24.0,83,Low,High,No,6,85,Low,Yes,1,Low,High,Public,Neutral,4,No,High School,Moderate,Female,68.0
23.0,80,Medium,Low,Yes,6,56,Medium,Yes,3,Medium,Medium,Public,Positive,2,Yes,High School,Near,Male,66.0
21.0,83,High,Medium,Yes,6,81,Low,Yes,3,High,Medium,Public,Negative,4,No,Postgraduate,Moderate,Male,71.0
15.0,71,Medium,High,No,8,50,Low,Yes,1,Medium,Medium,Public,Neutral,2,Yes,Postgraduate,Near,Female,62.0
23.0,75,Low,High,Yes,6,73,Low,Yes,1,Low,Medium,Public,Positive,2,No,High School,Moderate,Female,65.0
31.0,63,Medium,High,No,9,86,Low,Yes,0,High,Medium,Public,Neutral,3,No,Postgraduate,Moderate,Male,68.0
28.0,62,Medium,High,No,6,96,Medium,Yes,4,Medium,High,Public,Positive,3,No,High School,Near,Male,70.0
30.0,70,Low,Medium,No,8,75,Medium,Yes,1,Medium,Medium,Private,Positive,2,No,High School,Near,Female,67.0
17.0,63,Medium,Medium,No,4,92,Medium,Yes,2,Low,Medium,Public,Negative,4,No,High School,Near,Female,63.0
14.0,64,High,High,Yes,6,90,Low,Yes,0,Low,High,Private,Negative,2,No,High School,Near,Female,63.0
19.0,93,Medium,High,No,6,65,Medium,Yes,0,Medium,High,Public,Neutral,3,No,High School,Near,Male,69.0
20.0,62,Low,Medium,Yes,5,94,High,Yes,3,Medium,Medium,Public,Neutral,3,No,Postgraduate,Near,Male,66.0
27.0,86,Medium,Medium,Yes,7,82,Low,Yes,2,Low,Medium,Public,Positive,3,No,High School,Moderate,Female,70.0
10.0,71,Medium,Medium,Yes,7,55,High,Yes,2,Low,High,Public,Positive,3,No,College,Near,Female,63.0
29.0,95,Low,Medium,Yes,4,97,Medium,Yes,0,Medium,Medium,Private,Positive,4,Yes,College,Moderate,Female,72.0
19.0,79,High,Medium,Yes,10,59,Low,Yes,1,Medium,Medium,Public,Neutral,3,Yes,College,Moderate,Male,65.0
17.0,72,Medium,High,Yes,7,74,Low,Yes,2,High,Medium,Public,Positive,4,No,Postgraduate,Far,Male,67.0
14.0,81,Medium,Medium,Yes,7,73,Low,No,1,High,Medium,Private,Positive,3,Yes,High School,Moderate,Male,63.0
10.0,75,High,Medium,No,9,81,Medium,Yes,3,Low,High,Public,Negative,5,No,High School,Near,Female,65.0
25.0,83,Medium,Medium,Yes,8,83,Medium,Yes,2,Low,Medium,Public,Neutral,1,Yes,High School,Moderate,Female,67.0
20.0,65,Medium,Low,Yes,7,62,High,Yes,0,Medium,Medium,Public,Neutral,0,Yes,Postgraduate,Near,Male,80.0
12.0,100,Medium,Medium,Yes,4,68,Medium,Yes,2,Low,Medium,Public,Neutral,3,No,College,Far,Male,68.0
12.0,77,Medium,Medium,Yes,8,57,Medium,Yes,2,Low,High,Public,Negative,2,No,College,Moderate,Male,63.0
18.0,74,Medium,Medium,No,6,56,Medium,Yes,1,Medium,Medium,Private,Positive,3,No,College,Moderate,Male,64.0
30.0,88,Medium,Medium,No,9,91,Medium,Yes,3,Medium,Low,Public,Positive,3,No,High School,Near,Female,73.0
18.0,75,Medium,Medium,Yes,6,88,Low,Yes,2,Medium,High,Public,Negative,1,Yes,Postgraduate,Near,Female,66.0
11.0,93,Medium,Medium,Yes,6,72,Low,Yes,2,Low,Medium,Public,Negative,3,No,College,Moderate,Male,66.0
19.0,78,High,High,No,5,55,Medium,Yes,0,Medium,Medium,Public,Neutral,4,No,High School,Moderate,Male,66.0
18.0,89,Medium,High,Yes,5,72,Low,Yes,4,Medium,Low,Public,Neutral,2,No,High School,Near,Female,69.0
4.0,64,Medium,High,Yes,7,65,Medium,Yes,1,Medium,High,Public,Negative,4,No,High School,Far,Male,59.0
20.0,94,Medium,Medium,No,7,89,Medium,Yes,0,Low,Medium,Private,Neutral,1,No,High School,Near,Male,68.0
19.0,89,Medium,Medium,No,6,55,Medium,Yes,1,Low,Medium,Private,Neutral,3,No,Postgraduate,Moderate,Female,67.0
24.0,68,Medium,Medium,Yes,10,73,Low,Yes,1,Medium,Medium,Public,Neutral,4,Yes,High School,Moderate,Female,64.0
31.0,66,Low,High,Yes,8,80,Low,Yes,0,Low,Low,Private,Negative,4,No,High School,Near,Female,65.0
27.0,73,Medium,Medium,No,7,99,Low,Yes,1,Low,Medium,Public,Positive,4,No,College,Near,Male,68.0
18.0,99,Medium,High,Yes,4,54,Low,Yes,0,Medium,Medium,Public,Positive,3,No,Postgraduate,Moderate,Male,70.0
13.0,70,Medium,Medium,No,8,56,Medium,Yes,2,Medium,High,Public,Neutral,0,No,High School,Near,Male,62.0
35.0,78,High,Low,Yes,10,99,Medium,Yes,1,Low,Medium,Private,Positive,2,No,High School,Near,Male,72.0
20.0,61,Medium,Low,Yes,7,70,Low,Yes,1,Medium,Medium,Private,Positive,4,No,High School,Moderate,Female,62.0
20.0,76,High,High,Yes,6,87,Low,Yes,1,Low,Medium,Public,Negative,4,No,Postgraduate,Moderate,Male,68.0
20.0,83,High,Medium,No,7,89,Medium,Yes,3,Low,High,Private,Negative,4,No,High School,Near,Female,69.0
21.0,98,High,Medium,No,5,66,Low,Yes,3,High,High,Public,Positive,5,No,High School,Near,Male,73.0
19.0,81,High,High,No,8,61,Low,Yes,3,Medium,Medium,Private,Negative,5,No,Postgraduate,Near,Male,69.0
17.0,93,Medium,Medium,Yes,9,64,Medium,Yes,1,Medium,Medium,Public,Neutral,3,No,High School,Moderate,Female,67.0
17.0,82,Medium,Low,No,6,88,Low,Yes,2,Low,Low,Private,Neutral,3,No,Postgraduate,Near,Male,65.0
20.0,62,Low,Low,No,6,92,High,Yes,2,Medium,Medium,Public,Positive,3,No,Postgraduate,Moderate,Male,63.0
17.0,73,High,Medium,Yes,7,85,Medium,Yes,2,Low,Medium,Public,Positive,2,No,High School,Moderate,Male,66.0
16.0,83,Medium,Medium,No,6,72,Medium,Yes,1,Low,High,Public,Positive,2,No,College,Near,Male,66.0
21.0,98,Medium,High,No,5,63,Low,Yes,0,Low,High,Public,Neutral,2,No,Postgraduate,Near,Male,70.0
18.0,94,Medium,Medium,No,6,71,Low,Yes,2,High,Medium,Public,Neutral,3,No,Postgraduate,Far,Male,69.0
29.0,69,Medium,High,No,6,96,Low,Yes,1,High,Medium,Public,Positive,4,No,High School,Near,Female,70.0
4.0,69,Medium,Low,No,9,93,Low,No,2,Medium,High,Private,Negative,3,No,High School,Moderate,Female,58.0
27.0,68,Medium,Medium,No,9,66,Medium,Yes,3,High,Medium,Private,Positive,3,No,High School,Far,Male,67.0
27.0,97,High,High,Yes,9,66,Low,Yes,1,Low,Medium,Public,Positive,3,No,High School,Far,Male,73.0
8.0,94,High,Low,No,8,89,High,Yes,0,Medium,Medium,Public,Neutral,2,No,High School,Near,Female,66.0
18.0,91,High,High,Yes,7,71,High,Yes,0,Medium,Medium,Public,Neutral,3,No,High School,Near,Male,70.0
18.0,76,High,High,No,6,79,Medium,Yes,1,Medium,Medium,Private,Positive,2,No,Postgraduate,Far,Female,67.0
12.0,80,Low,Low,No,9,71,High,Yes,1,Low,Low,Private,Positive,3,Yes,High School,Moderate,Female,60.0
15.0,79,High,Medium,No,8,62,Low,Yes,1,Low,Low,Public,Positive,3,No,College,Near,Male,65.0
13.0,70,Medium,Medium,No,5,59,Medium,Yes,0,Medium,High,Private,Positive,2,No,Postgraduate,Near,Female,63.0
31.0,80,High,High,Yes,6,57,Low,Yes,1,Medium,High,Private,Positive,3,No,High School,Near,Female,72.0
26.0,61,Low,Medium,Yes,5,51,High,Yes,0,Low,Medium,Private,Neutral,5,No,High School,Moderate,Female,62.0
28.0,65,Medium,Medium,Yes,4,64,Medium,Yes,6,Medium,High,Public,Neutral,3,No,Postgraduate,Near,Male,70.0
24.0,95,High,Low,Yes,8,59,Medium,Yes,2,Low,High,Public,Negative,1,No,College,Moderate,Male,70.0
13.0,90,Medium,Medium,No,5,63,Medium,Yes,0,Low,Medium,Public,Neutral,4,No,High School,Moderate,Female,64.0
17.0,77,Medium,Medium,Yes,6,54,Low,Yes,3,Low,Medium,Public,Neutral,4,No,High School,Moderate,Male,64.0
23.0,81,Medium,Low,Yes,7,67,Medium,Yes,0,Medium,High,Private,Positive,5,No,High School,Moderate,Female,67.0
13.0,75,Medium,High,Yes,7,76,High,Yes,1,Medium,High,Public,Negative,1,No,High School,Moderate,Male,64.0
24.0,90,Medium,Medium,Yes,6,97,Low,Yes,1,High,High,Public,Positive,4,No,High School,Near,Male,72.0
19.0,91,Medium,Low,No,9,67,Medium,Yes,0,Medium,Medium,Private,Negative,3,No,College,Near,Female,66.0
18.0,91,Medium,Medium,No,5,52,Medium,Yes,2,Medium,Medium,Public,Negative,4,No,High School,Moderate,Female,66.0
24.0,89,Medium,High,Yes,5,68,Medium,Yes,0,Low,High,Public,Positive,2,No,Postgraduate,Near,Female,71.0
23.0,68,Low,Low,No,8,91,Medium,Yes,5,Low,Medium,Public,Negative,5,No,Postgraduate,Near,Female,66.0
18.0,74,Medium,Low,Yes,6,67,High,Yes,2,Low,High,Public,Neutral,2,No,High School,Near,Male,64.0
27.0,79,Medium,Low,No,6,65,Low,Yes,0,Medium,Medium,Private,Negative,2,No,College,Near,Male,66.0
14.0,73,Medium,Low,Yes,5,96,Low,Yes,1,Low,Medium,Public,Negative,3,No,High School,Moderate,Female,62.0
24.0,90,Medium,Medium,No,8,65,Medium,Yes,4,Low,Medium,Public,Neutral,4,No,High School,Moderate,Male,70.0
24.0,73,Medium,Medium,Yes,7,99,Medium,Yes,3,Medium,High,Private,Neutral,3,No,High School,Near,Female,69.0
18.0,66,High,Medium,No,7,92,Medium,Yes,2,Low,Medium,Private,Neutral,4,No,High School,Moderate,Male,65.0
22.0,76,High,Medium,Yes,6,84,High,Yes,2,Medium,High,Public,Neutral,3,No,High School,Near,Male,70.0
12.0,99,High,High,Yes,6,80,Medium,No,0,High,Medium,Public,Positive,3,No,High School,Moderate,Male,70.0
26.0,69,Medium,Medium,Yes,7,61,Medium,Yes,1,High,High,Public,Positive,2,No,College,Near,Male,67.0
19.0,84,Medium,High,Yes,8,87,Low,Yes,2,Low,High,Public,Positive,3,No,High School,Moderate,Female,69.0
17.0,77,Low,Medium,No,9,67,Low,Yes,0,Low,High,Public,Neutral,5,Yes,High School,Near,Female,62.0
26.0,63,Medium,High,Yes,9,74,Medium,Yes,1,Low,Medium,Private,Positive,4,No,High School,Near,Female,67.0
16.0,80,High,Medium,No,8,55,High,No,0,Low,Medium,Public,Positive,6,No,College,Moderate,Male,65.0
12.0,88,Medium,Medium,No,8,65,Medium,Yes,0,Low,Medium,Public,Positive,4,No,High School,Near,Male,65.0
11.0,81,Medium,High,Yes,5,76,Medium,Yes,1,Low,Medium,Public,Neutral,3,No,Postgraduate,Far,Male,65.0
24.0,95,Medium,Low,Yes,6,73,Medium,No,3,Low,Medium,Public,Positive,2,No,High School,Moderate,Male,69.0
12.0,72,Medium,Medium,No,8,67,Low,Yes,4,Medium,Medium,Public,Neutral,4,No,High School,Near,Male,63.0
31.0,63,Low,High,Yes,7,74,Low,Yes,3,Medium,Medium,Public,Negative,2,No,College,Moderate,Male,66.0
8.0,97,Medium,High,Yes,8,87,Medium,Yes,0,Medium,Medium,Public,Positive,2,Yes,High School,Near,Male,67.0
30.0,75,Medium,Medium,No,8,73,High,Yes,1,Medium,Medium,Public,Negative,3,No,College,Near,Male,69.0
21.0,83,Medium,Medium,Yes,8,75,High,Yes,1,Low,High,Public,Neutral,2,No,High School,Far,Male,67.0
19.0,92,Medium,Medium,Yes,5,85,Medium,Yes,1,Medium,High,Private,Neutral,4,No,High School,Near,Male,70.0
17.0,73,High,High,Yes,7,92,Medium,Yes,2,High,Medium,Private,Negative,2,No,High School,Moderate,Male,67.0
22.0,89,High,Medium,No,6,76,Medium,Yes,2,Low,Medium,Public,Neutral,4,No,High School,Near,Male,70.0
20.0,65,High,High,Yes,6,97,Medium,Yes,0,Low,Low,Private,Negative,3,No,High School,Moderate,Female,65.0
27.0,72,Medium,Low,No,4,68,Medium,No,0,Medium,High,Public,Negative,3,Yes,College,Near,Male,63.0
21.0,66,Medium,Medium,Yes,7,63,Medium,Yes,0,High,Medium,Public,Neutral,3,No,High School,Near,Female,64.0
21.0,92,High,Medium,Yes,4,85,Low,Yes,1,High,Medium,Public,Negative,3,No,High School,Far,Male,69.0
18.0,69,Low,Medium,No,8,59,Low,No,1,Low,Medium,Public,Positive,4,No,High School,Near,Female,60.0
20.0,89,Low,Medium,Yes,9,95,Medium,Yes,3,Low,Medium,Public,Positive,3,No,High School,Moderate,Male,69.0
22.0,98,Medium,Low,Yes,8,69,Medium,Yes,4,High,Medium,Private,Positive,2,No,High School,Near,Female,72.0
10.0,81,Medium,Low,Yes,7,85,Low,Yes,1,Low,Medium,Public,Neutral,2,No,College,Near,Male,63.0
12.0,82,Low,Medium,No,9,79,High,Yes,0,Low,Medium,Private,Positive,2,No,College,Moderate,Female,63.0
24.0,78,High,Low,Yes,7,53,High,Yes,0,Medium,Medium,Public,Neutral,4,Yes,High School,Near,Male,66.0
21.0,73,Medium,Medium,No,6,85,Medium,Yes,6,Medium,High,Public,Neutral,5,No,College,Near,Male,70.0
19.0,79,Medium,High,Yes,7,90,Medium,Yes,1,High,Medium,Public,Negative,4,No,College,Far,Female,68.0
20.0,84,Medium,Medium,Yes,10,99,Low,Yes,2,Medium,Medium,Private,Positive,3,No,High School,Moderate,Male,69.0
22.0,99,Medium,Medium,Yes,5,71,High,Yes,0,Medium,High,Public,Neutral,4,No,College,Near,Female,72.0
17.0,98,Low,High,No,5,75,Low,Yes,1,Low,Low,Private,Positive,3,Yes,College,Near,Male,67.0
15.0,94,Low,Medium,No,8,94,Low,Yes,1,High,Medium,Public,Positive,4,No,High School,Moderate,Male,68.0
21.0,96,Medium,High,No,7,63,Medium,Yes,1,Medium,Medium,Private,Negative,2,No,Postgraduate,Far,Female,70.0
14.0,79,High,Medium,Yes,6,59,Medium,Yes,5,Medium,High,Public,Positive,3,No,Postgraduate,Far,Male,68.0
22.0,86,Medium,Medium,Yes,5,57,High,Yes,2,Medium,Medium,Public,Positive,3,No,College,Moderate,Male,69.0
10.0,96,Medium,Medium,No,4,99,Medium,Yes,1,Medium,Medium,Private,Negative,5,No,College,Near,Female,68.0
26.0,76,Medium,Medium,No,5,64,Low,Yes,0,Medium,Medium,Public,Positive,5,No,College,Far,Female,66.0
23.0,98,Medium,Medium,No,9,88,High,Yes,1,Low,Medium,Public,Negative,4,No,Postgraduate,Moderate,Female,72.0
22.0,77,Medium,Medium,Yes,7,72,Medium,Yes,2,Medium,High,Public,Neutral,3,No,High School,Near,Male,67.0
26.0,84,Low,High,No,4,62,Medium,No,3,High,High,Public,Positive,2,No,High School,Near,Male,70.0
30.0,88,High,Medium,Yes,9,96,Medium,Yes,1,Medium,High,Private,Neutral,3,Yes,High School,Near,Male,73.0
26.0,98,Medium,Low,Yes,9,73,High,Yes,1,High,Low,Public,Neutral,6,No,Postgraduate,Moderate,Male,73.0
9.0,70,Medium,Medium,No,9,78,Low,Yes,1,Medium,Low,Public,Neutral,2,No,High School,Near,Female,60.0
12.0,90,Medium,High,No,6,61,Low,Yes,2,Medium,High,Public,Neutral,3,No,College,Near,Male,67.0
16.0,81,High,Medium,Yes,7,66,Medium,Yes,3,High,High,Private,Positive,4,No,High School,Near,Male,69.0
20.0,71,Medium,Low,No,7,87,High,Yes,1,Medium,Medium,Public,Negative,5,No,High School,Near,Male,65.0
23.0,91,Low,High,Yes,9,67,Low,Yes,2,Low,Medium,Public,Neutral,4,No,High School,Near,Female,70.0
16.0,82,High,High,Yes,6,75,Low,Yes,3,Medium,Medium,Public,Neutral,3,No,College,Moderate,Female,68.0
21.0,86,Medium,Low,No,6,56,Medium,Yes,1,Low,High,Private,Negative,2,No,College,Near,Female,66.0
15.0,73,Low,High,Yes,8,93,Medium,Yes,1,Low,High,Public,Positive,4,No,College,Far,Male,65.0
16.0,79,Low,Medium,Yes,9,87,Medium,Yes,1,Low,Medium,Public,Neutral,2,No,College,Moderate,Female,64.0
12.0,85,High,High,Yes,7,88,High,Yes,1,Low,Medium,Public,Neutral,0,No,College,Far,Female,67.0
14.0,76,High,Medium,Yes,8,59,Low,Yes,3,Medium,Medium,Private,Neutral,5,No,High School,Moderate,Male,65.0
12.0,68,High,High,Yes,7,75,Medium,Yes,1,Medium,Low,Private,Positive,4,No,High School,Near,Male,64.0
14.0,98,High,High,No,7,51,Medium,Yes,0,Medium,Low,Public,Positive,1,Yes,High School,Near,Male,67.0
26.0,80,Medium,Low,Yes,6,66,Medium,Yes,2,High,Medium,Public,Neutral,4,No,Postgraduate,Near,Male,70.0
14.0,89,Medium,Low,Yes,5,67,Low,No,3,Low,Low,Private,Neutral,3,No,High School,Far,Female,63.0
36.0,76,Medium,Medium,No,6,96,Medium,Yes,1,Low,Medium,Private,Neutral,2,No,College,Near,Male,71.0
23.0,74,High,Low,No,6,100,Low,Yes,2,High,Low,Private,Positive,3,No,High School,Near,Male,68.0
21.0,76,Medium,Medium,No,7,81,Medium,Yes,0,Medium,High,Private,Positive,2,No,College,Moderate,Female,67.0
15.0,76,High,High,Yes,9,76,Medium,Yes,1,Medium,High,Public,Neutral,2,No,Postgraduate,Far,Female,67.0
24.0,82,Low,Medium,Yes,7,72,Medium,Yes,0,Medium,High,Public,Positive,2,No,Postgraduate,Moderate,Female,68.0
17.0,82,High,Medium,No,6,51,Medium,Yes,1,Low,Medium,Public,Positive,3,No,Postgraduate,Moderate,Male,66.0
21.0,80,Medium,Medium,Yes,8,90,Medium,Yes,0,Medium,Medium,Public,Negative,4,No,College,Near,Male,68.0
35.0,65,High,Medium,Yes,7,84,High,Yes,0,Medium,Medium,Public,Positive,2,No,High School,Moderate,Male,70.0
19.0,80,Low,Low,No,8,82,Medium,Yes,5,Low,Low,Public,Positive,3,No,College,Near,Male,67.0
27.0,67,Low,Medium,Yes,6,90,Medium,Yes,2,High,High,Private,Neutral,3,No,High School,Moderate,Male,67.0
16.0,65,Low,High,No,9,96,Low,Yes,2,Low,Medium,Public,Negative,2,No,High School,Near,Male,62.0
20.0,97,Medium,High,No,9,69,Low,Yes,0,Low,Low,Public,Negative,3,Yes,High School,Near,Male,67.0
31.0,84,Medium,High,No,7,71,Low,Yes,4,Low,Medium,Public,Negative,4,No,High School,Far,Male,70.0
16.0,86,High,High,No,8,99,Medium,Yes,4,Low,High,Private,Neutral,4,No,College,Near,Male,72.0
31.0,76,Medium,Medium,Yes,9,83,Medium,Yes,2,High,Medium,Private,Negative,3,No,High School,Moderate,Female,70.0
24.0,96,Low,High,No,6,93,Medium,Yes,2,Low,Medium,Public,Neutral,2,No,High School,Moderate,Female,94.0
17.0,86,Medium,Medium,No,7,61,Medium,No,2,High,Medium,Public,Positive,3,No,High School,Moderate,Male,66.0
24.0,91,Low,Low,Yes,7,66,High,Yes,2,Low,High,Public,Neutral,3,No,High School,Near,Male,69.0
26.0,75,High,Medium,No,5,70,Low,Yes,0,High,Low,Private,Neutral,2,No,Postgraduate,Near,Male,68.0
24.0,98,High,Low,No,8,66,High,Yes,2,Low,Medium,Public,Positive,1,No,High School,Moderate,Male,71.0
11.0,93,High,Medium,No,9,94,Medium,Yes,4,Low,High,Public,Neutral,4,No,High School,Moderate,Male,69.0
16.0,94,Medium,Medium,No,7,76,Low,Yes,2,Medium,Medium,Public,Neutral,3,Yes,High School,Near,Female,67.0
19.0,67,Low,Medium,Yes,8,98,Medium,Yes,2,Low,Medium,Private,Negative,2,No,Postgraduate,Near,Female,64.0
20.0,71,Medium,Medium,Yes,9,66,Medium,Yes,1,Medium,Low,Private,Negative,5,Yes,College,Near,Female,63.0
24.0,71,Medium,High,Yes,6,52,Medium,Yes,2,Medium,Medium,Private,Neutral,3,No,College,Far,Female,66.0
21.0,71,High,Medium,Yes,8,57,Low,No,2,High,Medium,Public,Positive,1,No,Postgraduate,Near,Female,66.0
12.0,94,Low,High,Yes,6,61,Medium,Yes,3,High,High,Public,Neutral,4,No,College,Near,Male,69.0
22.0,61,Low,Low,Yes,6,82,Low,Yes,4,Medium,Medium,Public,Positive,4,No,High School,Moderate,Female,64.0
24.0,63,High,Medium,No,8,59,Low,Yes,1,Low,Medium,Public,Neutral,3,Yes,High School,Near,Male,62.0
23.0,71,Medium,Medium,Yes,7,69,High,Yes,3,Low,Medium,Public,Positive,5,Yes,High School,Far,Female,66.0
26.0,68,Medium,High,Yes,8,90,Medium,Yes,4,Low,High,Private,Neutral,3,No,High School,Near,Male,70.0
25.0,69,High,Medium,Yes,7,56,Medium,Yes,2,Low,Medium,Private,Neutral,4,No,High School,Near,Male,67.0
23.0,92,Low,Medium,No,8,54,Medium,Yes,0,High,Low,Public,Positive,1,No,Postgraduate,Near,Female,68.0
20.0,83,High,Low,No,9,77,High,Yes,0,Low,Medium,Public,Positive,3,Yes,High School,Near,Male,67.0
10.0,60,Medium,Medium,No,9,85,Medium,Yes,0,Medium,High,Public,Positive,4,No,Postgraduate,Near,Male,62.0
23.0,77,Low,Medium,Yes,8,96,Medium,Yes,1,High,Medium,Private,Neutral,1,Yes,College,Near,Male,67.0
21.0,76,Medium,High,Yes,8,83,Medium,Yes,0,Low,Medium,Public,Positive,5,No,High School,Near,Male,68.0
22.0,65,Low,Medium,No,7,97,Low,Yes,2,Medium,High,Private,Neutral,4,No,High School,Moderate,Female,64.0
12.0,87,Medium,Low,Yes,7,62,Medium,No,2,Medium,Medium,Public,Neutral,4,No,High School,Near,Female,64.0
14.0,88,Medium,Medium,No,8,67,Medium,Yes,2,High,Low,Public,Neutral,3,No,Postgraduate,Far,Male,66.0
26.0,89,Medium,Low,Yes,7,92,Medium,Yes,2,Low,High,Public,Positive,2,No,Postgraduate,Moderate,Male,72.0
20.0,89,Medium,High,Yes,8,91,Medium,Yes,2,Medium,Medium,Public,Positive,3,No,High School,Near,Female,72.0
24.0,60,Medium,High,Yes,9,83,High,Yes,2,Medium,Low,Public,Positive,3,Yes,High School,Near,Male,66.0
20.0,98,Low,Medium,No,7,75,High,Yes,4,Medium,Medium,Private,Positive,1,No,College,Near,Male,72.0
20.0,93,High,Medium,Yes,4,51,Low,Yes,1,Medium,Medium,Public,Positive,3,No,High School,Near,Male,69.0
26.0,96,High,High,Yes,10,64,Low,Yes,2,Medium,Medium,Private,Neutral,3,Yes,High School,Near,Female,72.0
17.0,61,Low,Low,Yes,6,58,Medium,Yes,1,Medium,High,Public,Neutral,4,No,High School,Near,Male,60.0
21.0,97,Medium,Medium,Yes,7,53,Medium,Yes,0,High,Medium,Public,Neutral,2,No,High School,Moderate,Male,69.0
17.0,92,Medium,High,No,8,89,Medium,Yes,0,Low,Low,Public,Positive,3,Yes,High School,Near,Male,68.0
17.0,93,Low,Medium,Yes,9,57,High,Yes,3,Low,High,Private,Neutral,2,No,College,Near,Male,69.0
18.0,64,Medium,Low,Yes,10,68,Low,Yes,1,Low,Medium,Public,Positive,5,No,High School,Near,Male,62.0
21.0,90,Medium,Medium,Yes,6,99,Low,Yes,2,Low,High,Public,Positive,2,No,High School,Moderate,Male,71.0
17.0,98,Medium,High,Yes,9,70,Low,Yes,1,High,Medium,Private,Negative,2,No,High School,Near,Male,70.0
28.0,87,Low,Low,Yes,7,57,Medium,Yes,2,Medium,High,Private,Negative,4,No,High School,Moderate,Male,68.0
15.0,83,High,Medium,Yes,10,84,Medium,Yes,1,High,High,Public,Negative,2,No,College,Near,Male,68.0
19.0,98,Medium,High,No,9,90,Low,No,1,High,Medium,Private,Positive,2,No,College,Far,Female,70.0
17.0,78,Medium,High,No,7,64,Medium,Yes,0,Low,Medium,Private,Neutral,3,No,High School,Near,Female,65.0
29.0,84,High,Medium,Yes,6,90,Medium,Yes,0,Medium,High,Public,Positive,3,No,Postgraduate,Far,Male,73.0
21.0,79,High,Medium,No,4,64,Low,Yes,0,Low,High,Public,Negative,4,No,College,Moderate,Male,66.0
26.0,97,Medium,Medium,No,8,85,Low,No,2,High,Low,Public,Neutral,3,No,High School,Near,Male,71.0
11.0,63,High,Medium,Yes,9,56,High,Yes,2,Medium,Medium,Public,Neutral,3,No,High School,Near,Female,62.0
22.0,80,Medium,Medium,Yes,8,71,High,Yes,2,Low,Medium,Private,Positive,3,No,High School,Near,Female,68.0
25.0,87,Medium,High,No,4,76,Low,Yes,1,Low,High,Public,Positive,4,No,College,Far,Male,70.0
20.0,92,Medium,Low,No,5,86,Low,Yes,0,Medium,Medium,Public,Neutral,2,No,Postgraduate,Moderate,Female,68.0
26.0,83,High,Low,Yes,8,83,Medium,Yes,2,Low,High,Public,Neutral,2,No,College,Near,Female,71.0
17.0,96,Medium,Medium,Yes,10,93,Medium,Yes,2,Medium,Low,Public,Negative,4,No,High School,Near,Female,70.0
28.0,98,Medium,Medium,Yes,7,59,Medium,Yes,1,Low,Medium,Public,Positive,3,No,High School,Near,Male,72.0
34.0,63,Medium,High,Yes,9,83,Medium,Yes,2,Medium,High,Public,Negative,2,No,College,Moderate,Male,69.0
18.0,76,Medium,High,No,5,56,Medium,Yes,1,Low,Low,Public,Negative,2,No,College,Moderate,Male,63.0
17.0,61,Medium,Medium,No,7,74,High,Yes,0,Medium,Medium,Public,Neutral,2,No,Postgraduate,Near,Female,62.0
29.0,73,Medium,Medium,No,7,76,Medium,Yes,2,Low,High,Private,Neutral,3,No,High School,Near,Female,68.0
29.0,81,Low,Medium,Yes,9,51,Low,Yes,2,Medium,Medium,Public,Positive,5,No,Postgraduate,Near,Male,70.0
17.0,96,Medium,Medium,Yes,6,54,Medium,Yes,1,Medium,Medium,Private,Positive,4,No,High School,Near,Male,69.0
17.0,94,Medium,Medium,No,10,92,Low,Yes,2,Low,Medium,Private,Negative,2,No,High School,Near,Male,68.0
18.0,65,High,Medium,Yes,7,64,Medium,Yes,2,High,Medium,Public,Positive,1,No,High School,Near,Male,65.0
12.0,64,Medium,Low,No,5,67,Medium,Yes,3,Low,Medium,Private,Positive,2,Yes,High School,Near,Male,59.0
14.0,84,Medium,Medium,No,5,82,Medium,Yes,3,Low,Medium,Public,Positive,3,No,College,Far,Male,66.0
14.0,81,High,Medium,No,6,61,Low,Yes,0,Low,Medium,Public,Positive,4,No,High School,Moderate,Male,64.0
15.0,71,Low,Medium,No,8,60,High,No,5,Low,High,Public,Positive,4,No,High School,Far,Female,63.0
20.0,96,Medium,Medium,No,6,71,Medium,Yes,5,Low,High,Public,Neutral,3,No,College,Near,Male,72.0
21.0,97,Medium,High,Yes,6,53,Low,Yes,0,Low,Medium,Public,Negative,3,Yes,High School,Moderate,Male,67.0
29.0,76,Medium,Medium,No,8,96,Low,Yes,2,Low,Medium,Public,Positive,2,No,Postgraduate,Moderate,Male,94.0
14.0,96,Medium,High,Yes,4,97,Low,Yes,2,Medium,Medium,Public,Negative,3,No,High School,Near,Female,70.0
26.0,75,Low,Medium,No,6,72,Medium,Yes,0,Low,High,Public,Neutral,3,No,High School,Near,Male,66.0
19.0,89,Low,Medium,Yes,5,60,Low,Yes,4,Medium,Medium,Public,Positive,2,No,Postgraduate,Moderate,Female,69.0
20.0,79,Medium,Low,Yes,6,74,Low,Yes,2,Low,Medium,Public,Positive,2,No,High School,Far,Male,64.0
24.0,65,Medium,Medium,No,7,55,Low,Yes,1,Low,High,Private,Positive,3,Yes,High School,Near,Female,63.0
13.0,97,High,High,No,7,70,Medium,Yes,1,Low,High,Public,Neutral,4,No,Postgraduate,Near,Female,71.0
22.0,78,High,Medium,No,7,54,Medium,Yes,1,Medium,Medium,Public,Negative,3,Yes,High School,Moderate,Male,65.0
21.0,89,Low,Medium,Yes,9,85,Low,Yes,1,Medium,Medium,Public,Negative,5,No,College,Far,Female,68.0
23.0,75,Medium,Medium,No,7,64,High,Yes,1,Low,Medium,Public,Negative,3,Yes,High School,Moderate,Male,64.0
22.0,61,Low,Low,Yes,10,76,High,Yes,1,High,High,Public,Positive,2,No,College,Near,Male,64.0
35.0,64,Medium,Medium,Yes,8,51,Medium,Yes,2,Medium,Medium,Public,Negative,5,Yes,High School,Near,Male,66.0
16.0,80,High,Medium,No,6,76,Medium,Yes,1,Medium,High,Public,Positive,4,No,College,Near,Male,68.0
17.0,88,Medium,Medium,No,10,50,Medium,Yes,3,Low,High,Public,Neutral,5,No,College,Moderate,Female,67.0
16.0,73,Low,High,Yes,7,96,Medium,Yes,1,Medium,Medium,Private,Positive,3,No,High School,Moderate,Female,66.0
17.0,88,Medium,Medium,Yes,10,75,Medium,Yes,2,Medium,Medium,Public,Neutral,3,No,High School,Near,Male,68.0
16.0,88,Low,Medium,No,7,55,Medium,Yes,3,Low,Low,Public,Neutral,3,No,Postgraduate,Near,Male,66.0
27.0,88,Medium,Medium,No,7,67,Medium,Yes,3,High,Medium,Public,Neutral,4,No,College,Far,Male,71.0
29.0,80,Medium,High,Yes,8,52,Medium,Yes,4,Low,Medium,Public,Positive,4,No,High School,Moderate,Female,71.0
17.0,97,Medium,High,No,7,77,Medium,Yes,0,Low,Medium,Private,Negative,4,No,College,Far,Male,68.0
15.0,80,High,Low,No,9,56,High,Yes,3,Medium,Medium,Public,Neutral,3,Yes,High School,Near,Female,64.0
23.0,78,Medium,Medium,Yes,10,74,Low,Yes,3,Medium,Medium,Public,Negative,4,No,High School,Moderate,Male,67.0
17.0,68,High,Medium,Yes,4,65,High,Yes,0,Medium,Medium,Private,Positive,2,No,High School,Moderate,Male,64.0
24.0,72,High,Low,Yes,8,88,High,Yes,3,Low,Medium,Public,Positive,2,No,High School,Near,Female,68.0
21.0,62,Medium,Low,No,6,74,High,Yes,0,Low,High,Private,Positive,3,Yes,Postgraduate,Far,Male,62.0
11.0,85,Medium,Low,Yes,4,92,Low,Yes,0,Medium,High,Public,Neutral,1,No,College,Near,Male,64.0
29.0,70,Low,High,No,8,97,Low,Yes,3,Low,High,Public,Positive,3,No,Postgraduate,Moderate,Male,70.0
31.0,72,Medium,Medium,No,8,98,High,Yes,0,Low,Medium,Public,Neutral,4,No,College,Far,Male,68.0
16.0,91,Medium,Medium,No,8,63,High,Yes,2,Medium,High,Public,Neutral,3,No,College,Near,Female,69.0
18.0,73,Low,Medium,Yes,8,88,Low,Yes,3,Low,Medium,Public,Positive,4,No,College,Moderate,Male,65.0
22.0,70,Medium,High,Yes,8,72,Medium,Yes,2,High,Medium,Public,Neutral,3,No,High School,Near,Male,67.0
22.0,67,High,Medium,No,6,71,Low,Yes,2,Medium,Medium,Public,Positive,2,No,College,Moderate,Male,65.0
24.0,91,High,Medium,No,7,93,Low,Yes,0,Medium,Medium,Public,Positive,2,No,High School,Moderate,Male,71.0
32.0,65,Medium,Low,Yes,8,57,Low,Yes,2,Low,Medium,Public,Positive,3,No,High School,Moderate,Female,65.0
19.0,78,Medium,Medium,Yes,9,74,Low,Yes,2,Low,Medium,Public,Positive,5,No,High School,Moderate,Female,66.0
15.0,80,High,Medium,No,7,80,Medium,Yes,0,Low,Low,Public,Neutral,5,No,High School,Near,Female,65.0
12.0,87,Medium,Medium,Yes,7,53,Low,Yes,2,Medium,Medium,Private,Neutral,1,No,College,Near,Male,65.0
16.0,85,Low,Medium,No,7,93,High,Yes,1,Medium,High,Public,Positive,3,No,High School,Near,Male,68.0
20.0,92,Medium,Medium,Yes,5,66,Medium,Yes,2,Medium,Medium,Public,Negative,2,Yes,College,Moderate,Male,68.0
31.0,62,High,Medium,No,8,83,Medium,Yes,0,Medium,High,Private,Neutral,2,Yes,College,Near,Female,67.0
17.0,72,Low,Medium,Yes,5,96,High,Yes,3,High,Medium,Public,Negative,3,No,High School,Moderate,Male,65.0
21.0,71,Medium,Low,No,8,86,Medium,Yes,2,Medium,High,Public,Neutral,2,No,College,Near,Male,66.0
20.0,66,Medium,Medium,Yes,7,94,Low,Yes,0,Medium,Low,Public,Neutral,4,No,High School,Moderate,Female,63.0
27.0,72,High,High,Yes,5,53,Medium,Yes,1,High,Medium,Private,Neutral,5,No,Postgraduate,Near,Male,70.0
35.0,72,High,High,Yes,5,75,Medium,Yes,1,Low,Medium,Public,Positive,5,No,College,Moderate,Male,72.0
17.0,81,Medium,High,No,6,78,Medium,Yes,2,Low,Medium,Private,Positive,2,No,High School,Moderate,Male,67.0
17.0,87,High,Low,Yes,6,84,Medium,Yes,0,Medium,Medium,Public,Positive,3,No,College,Far,Male,67.0
26.0,75,Low,Medium,Yes,9,56,Medium,Yes,1,Low,Medium,Public,Positive,5,No,High School,Moderate,Male,66.0
24.0,89,Low,Medium,No,7,83,Medium,No,1,Low,Low,Public,Neutral,3,No,High School,Moderate,Male,66.0
31.0,73,High,Medium,Yes,8,57,Medium,Yes,2,Low,High,Public,Neutral,4,No,High School,Far,Male,69.0
24.0,72,Medium,Low,Yes,9,53,Medium,Yes,0,Low,High,Private,Neutral,4,Yes,High School,Moderate,Male,62.0
18.0,82,Low,Medium,No,9,73,Low,Yes,2,Low,Medium,Public,Positive,4,No,College,Near,Female,66.0
24.0,61,Medium,Medium,No,7,80,High,Yes,0,Low,Medium,Public,Positive,3,No,Postgraduate,Moderate,Male,64.0
27.0,63,High,Medium,Yes,6,98,Medium,Yes,1,Low,High,Public,Positive,2,No,High School,Moderate,Female,67.0
25.0,77,High,High,No,8,85,Medium,Yes,2,Medium,Medium,Public,Positive,1,No,College,Near,Male,71.0
23.0,98,High,Medium,Yes,6,80,Medium,Yes,1,Medium,Medium,Public,Positive,2,No,High School,Moderate,Male,73.0
26.0,89,Medium,Low,Yes,10,61,Low,Yes,0,Medium,High,Public,Neutral,3,No,High School,Moderate,Female,68.0
27.0,64,High,Low,Yes,8,58,Medium,Yes,2,High,High,Public,Neutral,1,No,Postgraduate,Far,Male,66.0
28.0,94,Medium,High,Yes,7,80,Medium,Yes,3,Low,High,Public,Positive,4,No,Postgraduate,Far,Male,75.0
24.0,89,Medium,High,Yes,8,61,Medium,Yes,1,Low,High,Public,Positive,3,No,Postgraduate,Near,Female,72.0
19.0,84,High,Low,Yes,7,85,Medium,Yes,1,High,Medium,Private,Neutral,3,No,High School,Near,Male,68.0
21.0,93,Medium,Medium,Yes,6,56,Medium,No,1,Low,Medium,Public,Positive,3,No,High School,Near,Male,68.0
27.0,76,Low,High,Yes,8,67,Medium,Yes,1,Medium,Medium,Public,Positive,4,No,High School,Near,Male,69.0
15.0,69,Medium,Medium,Yes,7,89,Medium,Yes,1,Low,High,Public,Negative,2,No,College,Moderate,Female,63.0
22.0,80,Medium,High,Yes,10,92,Medium,Yes,0,Medium,High,Public,Positive,2,No,High School,Near,Female,70.0
18.0,82,Low,Medium,Yes,6,67,Low,Yes,1,High,Low,Private,Positive,3,No,Postgraduate,Moderate,Male,66.0
20.0,82,Low,Low,Yes,8,60,Medium,Yes,3,Medium,High,Public,Positive,4,No,High School,Moderate,Male,66.0
28.0,83,Medium,High,No,6,98,Medium,Yes,1,Low,High,Private,Neutral,2,No,Postgraduate,Moderate,Male,72.0
21.0,98,Low,Medium,No,6,88,Medium,Yes,1,Medium,Low,Public,Neutral,3,No,Postgraduate,Near,Male,71.0
20.0,96,High,Medium,No,4,90,Medium,Yes,3,Low,Medium,Private,Neutral,2,No,College,Near,Male,72.0
12.0,95,Medium,Medium,No,8,61,High,Yes,4,High,High,Private,Neutral,1,No,College,Near,Male,69.0
24.0,92,Low,High,Yes,6,71,Low,Yes,2,Low,High,Public,Positive,2,No,High School,Near,Male,71.0
24.0,98,Medium,Low,No,9,53,Medium,Yes,3,High,Low,Private,Negative,2,No,Postgraduate,Far,Male,69.0
33.0,64,High,Medium,No,8,55,Medium,Yes,1,Medium,High,Public,Neutral,3,No,College,Moderate,Female,68.0
18.0,71,Low,Low,Yes,7,61,Low,Yes,2,Low,Medium,Public,Negative,4,No,College,Near,Male,61.0
21.0,80,Medium,High,No,5,65,High,Yes,2,Medium,Low,Private,Neutral,1,No,Postgraduate,Moderate,Male,68.0
21.0,94,High,Medium,Yes,8,100,Low,Yes,0,Low,Medium,Public,Neutral,3,No,Postgraduate,Near,Male,72.0
29.0,80,Medium,Medium,Yes,6,71,Medium,Yes,0,Medium,Medium,Public,Positive,3,No,College,Moderate,Female,70.0
19.0,90,High,Medium,Yes,5,85,High,Yes,0,Medium,High,Private,Positive,5,No,Postgraduate,Near,Female,73.0
22.0,66,Medium,High,No,8,95,Low,Yes,3,Medium,Medium,Private,Positive,3,No,High School,Moderate,Female,67.0
24.0,70,Medium,High,No,5,62,Medium,Yes,2,Low,Medium,Private,Negative,4,Yes,College,Near,Male,65.0
21.0,89,Medium,Medium,No,4,57,Medium,Yes,1,High,Medium,Private,Positive,2,No,High School,Near,Female,68.0
17.0,67,Low,High,Yes,9,62,High,Yes,3,Medium,Medium,Public,Positive,3,No,High School,Near,Male,65.0
21.0,74,High,Medium,No,6,94,Medium,Yes,1,Low,High,Public,Positive,1,No,High School,Near,Male,97.0
26.0,71,High,Low,Yes,4,83,Low,Yes,1,Medium,Medium,Public,Negative,3,No,College,Moderate,Male,66.0
14.0,74,High,High,Yes,6,73,High,Yes,2,Medium,Medium,Private,Neutral,3,No,High School,Near,Female,67.0
21.0,88,High,Medium,No,6,91,Medium,Yes,2,High,Medium,Public,Neutral,1,No,High School,Moderate,Female,70.0
16.0,75,High,Medium,Yes,9,62,Medium,Yes,3,Low,Medium,Public,Positive,4,No,High School,Moderate,Female,66.0
27.0,82,Medium,High,Yes,5,62,Low,Yes,1,Low,High,Private,Neutral,4,No,High School,Moderate,Female,69.0
11.0,64,High,Medium,Yes,5,78,Low,Yes,2,Low,High,Private,Neutral,4,No,College,Moderate,Male,62.0
17.0,92,Medium,Low,Yes,8,90,High,Yes,1,High,Low,Public,Negative,3,No,High School,Near,Male,68.0
22.0,75,Medium,High,Yes,6,63,Low,Yes,1,Low,Medium,Public,Positive,2,No,College,Near,Male,67.0
29.0,86,Medium,Medium,Yes,7,61,Medium,Yes,0,Medium,Medium,Public,Negative,4,No,High School,Far,Female,68.0
20.0,89,High,Medium,Yes,6,74,Medium,Yes,1,Low,High,Private,Neutral,2,No,High School,Moderate,Male,69.0
17.0,68,Medium,Medium,Yes,10,57,Medium,Yes,1,High,Medium,Private,Positive,1,Yes,High School,Moderate,Female,62.0
31.0,95,High,Medium,Yes,5,87,Medium,Yes,2,Low,Medium,Public,Neutral,3,No,Postgraduate,Moderate,Male,75.0
11.0,85,Medium,Medium,No,7,79,Low,Yes,2,High,Low,Public,Positive,3,No,High School,Near,Male,65.0
7.0,77,High,Medium,No,9,76,Medium,Yes,2,Medium,High,Public,Negative,3,No,College,Moderate,Male,63.0
23.0,67,High,Medium,No,6,94,Low,Yes,1,Medium,Medium,Public,Positive,2,No,College,Far,Male,66.0
17.0,98,Low,High,No,6,87,High,No,3,Medium,Medium,Private,Positive,5,No,College,Near,Female,71.0
14.0,90,High,Medium,Yes,8,57,Medium,Yes,0,Medium,Medium,Public,Positive,3,Yes,College,Moderate,Male,66.0
24.0,68,Medium,Medium,No,9,71,Medium,Yes,2,Medium,Medium,Public,Neutral,4,No,College,Near,Male,66.0
21.0,74,Medium,High,No,6,66,Low,Yes,1,Medium,High,Private,Negative,4,No,High School,Near,Male,66.0
17.0,92,High,High,Yes,9,90,Medium,Yes,1,High,Low,Public,Positive,3,No,High School,Moderate,Male,71.0
12.0,88,Medium,Medium,Yes,7,86,High,Yes,3,Medium,High,Public,Positive,3,Yes,High School,Moderate,Male,68.0
25.0,91,Medium,Medium,No,8,74,High,Yes,1,Medium,High,Private,Positive,3,No,College,Moderate,Male,71.0
24.0,78,Medium,Medium,Yes,9,91,Low,Yes,0,High,High,Public,Negative,3,No,Postgraduate,Far,Female,68.0
19.0,89,Low,Medium,No,8,71,Medium,Yes,2,Low,High,Public,Positive,4,No,High School,Near,Male,68.0
31.0,75,Medium,Medium,No,7,90,Low,Yes,2,Medium,High,Public,Neutral,2,Yes,High School,Moderate,Male,68.0
14.0,68,Medium,Medium,Yes,6,52,Medium,Yes,2,Low,Medium,Public,Positive,2,No,College,Near,Male,62.0
11.0,85,High,Low,Yes,10,57,High,Yes,0,Medium,High,Public,Neutral,5,No,High School,Near,Male,65.0
16.0,99,Low,High,No,6,88,High,Yes,2,Low,Low,Public,Neutral,3,No,Postgraduate,Near,Male,71.0
20.0,72,Medium,High,Yes,7,56,Low,Yes,0,Low,Medium,Public,Negative,6,Yes,College,Moderate,Male,63.0
21.0,78,High,Medium,No,8,84,Low,Yes,1,High,Low,Public,Positive,4,No,High School,Near,Male,68.0
19.0,87,High,Low,Yes,8,86,Low,Yes,1,Medium,High,Public,Positive,4,No,High School,Moderate,Female,69.0
22.0,82,High,High,No,10,83,Medium,Yes,1,Low,High,Private,Neutral,2,Yes,College,Moderate,Male,69.0
12.0,94,Medium,High,Yes,7,91,Low,Yes,3,Medium,Medium,Private,Positive,3,No,Postgraduate,Near,Female,71.0
29.0,90,Medium,High,No,7,76,Medium,Yes,0,Low,Medium,Public,Neutral,1,No,Postgraduate,Moderate,Female,71.0
20.0,62,Medium,Medium,Yes,9,95,Low,Yes,0,Medium,Medium,Private,Neutral,3,Yes,High School,Near,Male,62.0
27.0,100,Low,Low,Yes,7,78,Low,Yes,2,Medium,Medium,Public,Negative,2,No,High School,Near,Male,70.0
22.0,90,High,High,No,8,75,High,Yes,1,Low,Low,Private,Neutral,3,No,College,Moderate,Male,70.0
23.0,95,Medium,Medium,Yes,7,75,Medium,Yes,2,High,Medium,Public,Positive,2,No,College,Near,Male,73.0
23.0,86,Medium,High,Yes,8,96,Low,Yes,3,Medium,Medium,Private,Positive,2,No,High School,Moderate,Female,71.0
23.0,94,Medium,Low,Yes,8,62,Medium,Yes,2,Low,Medium,Public,Positive,0,No,Postgraduate,Moderate,Female,69.0
24.0,64,Medium,High,Yes,6,85,High,Yes,0,High,Low,Private,Neutral,3,Yes,Postgraduate,Near,Male,66.0
28.0,74,Medium,Low,Yes,4,62,Medium,Yes,1,Low,Medium,Private,Neutral,3,No,High School,Moderate,Male,65.0
21.0,95,High,Medium,No,4,55,Medium,Yes,2,Medium,High,Private,Neutral,1,No,College,Near,Male,71.0
24.0,68,Medium,Medium,Yes,4,98,High,Yes,2,Medium,High,Public,Negative,2,No,High School,Near,Male,68.0
19.0,63,Medium,High,Yes,7,56,Medium,Yes,2,Low,Medium,Private,Positive,3,No,High School,Near,Female,64.0
29.0,92,Low,Low,Yes,4,84,Medium,Yes,2,Low,Medium,Public,Negative,3,No,Postgraduate,Near,Male,71.0
16.0,93,Low,Medium,No,7,71,Medium,Yes,0,Medium,High,Public,Positive,2,No,High School,Near,Male,67.0
31.0,67,Medium,Low,No,7,92,High,Yes,2,Medium,Medium,Public,Negative,3,No,High School,Far,Female,66.0
20.0,94,Low,High,Yes,8,89,Medium,Yes,1,Low,Medium,Public,Positive,4,No,High School,Near,Male,71.0
11.0,87,Low,Medium,No,8,57,High,Yes,0,Low,Medium,Public,Negative,2,No,High School,Moderate,Male,62.0
21.0,81,High,Medium,No,8,73,Medium,Yes,3,Low,Medium,Public,Positive,2,Yes,High School,Near,Male,67.0
16.0,93,Medium,Low,Yes,8,51,Medium,Yes,3,Low,Medium,Public,Neutral,2,No,College,Near,Male,67.0
25.0,77,Low,Medium,Yes,7,71,Medium,Yes,0,Medium,Medium,Public,Negative,3,No,High School,Near,Female,66.0
16.0,68,Low,Medium,Yes,7,85,High,Yes,1,Low,High,Private,Positive,3,No,Postgraduate,Moderate,Female,64.0
17.0,71,Low,Medium,Yes,6,62,Medium,Yes,2,Low,Medium,Public,Neutral,3,Yes,College,Near,Male,62.0
9.0,80,Medium,High,No,7,91,Low,Yes,1,Medium,Medium,Public,Neutral,3,No,College,Near,Female,65.0
17.0,81,Medium,Low,Yes,5,53,Low,Yes,0,Medium,Medium,Public,Neutral,1,No,College,Near,Male,63.0
5.0,92,Medium,Medium,Yes,9,52,Medium,Yes,2,High,Medium,Private,Neutral,4,Yes,College,Moderate,Female,64.0
10.0,92,Low,High,Yes,6,51,Low,Yes,1,Medium,Medium,Private,Neutral,3,No,High School,Near,Female,65.0
25.0,83,Medium,High,No,7,64,Medium,Yes,0,Low,Medium,Public,Neutral,2,No,College,Moderate,Male,68.0
25.0,91,Medium,High,Yes,7,73,Medium,Yes,2,Low,Medium,Public,Positive,3,No,High School,Near,Female,72.0
23.0,68,Medium,Medium,Yes,9,55,Medium,Yes,0,Low,Medium,Public,Positive,3,No,College,Moderate,Male,64.0
14.0,62,High,Medium,No,4,100,Low,Yes,1,Low,Medium,Public,Neutral,3,No,High School,Near,Male,62.0
20.0,95,Medium,Low,Yes,7,100,Low,No,3,Low,Medium,Private,Neutral,2,No,High School,Near,Female,69.0
20.0,63,Low,Low,Yes,8,76,Medium,Yes,3,Medium,Medium,Public,Neutral,4,No,Postgraduate,Near,Female,64.0
13.0,70,High,Medium,No,10,78,Medium,Yes,1,Low,Medium,Public,Negative,2,No,High School,Far,Female,61.0
29.0,88,Medium,High,No,7,96,Low,Yes,2,Low,Low,Public,Positive,2,No,High School,Near,Female,72.0
25.0,76,Medium,Low,Yes,6,88,Low,Yes,1,Medium,Medium,Private,Negative,3,No,College,Far,Male,66.0
19.0,95,High,Low,No,10,58,Low,Yes,2,High,Medium,Public,Positive,3,No,High School,Near,Male,69.0
20.0,72,Medium,Medium,No,8,90,High,No,2,Low,Low,Private,Neutral,2,No,College,Near,Female,65.0
21.0,60,High,Medium,Yes,9,62,Medium,Yes,2,Low,Medium,Public,Positive,3,No,High School,Near,Male,64.0
8.0,72,Low,Medium,Yes,5,72,Medium,Yes,3,High,Low,Private,Positive,4,No,High School,Near,Female,62.0
19.0,83,Medium,Medium,No,8,77,High,Yes,1,Low,Medium,Public,Positive,4,No,High School,Far,Male,66.0
16.0,75,Low,Low,Yes,5,86,Medium,Yes,0,Low,Medium,Public,Positive,1,No,College,Moderate,Female,62.0
14.0,81,Medium,Medium,Yes,5,58,High,Yes,3,Low,High,Public,Negative,4,No,Postgraduate,Moderate,Male,66.0
18.0,95,Medium,High,No,8,54,Medium,Yes,2,High,Medium,Public,Neutral,3,No,College,Moderate,Female,70.0
31.0,96,Medium,Medium,Yes,8,93,Low,Yes,3,Low,Medium,Public,Positive,3,No,High School,Near,Male,75.0
24.0,71,Low,High,Yes,6,91,Medium,Yes,3,High,Medium,Public,Neutral,2,No,High School,Far,Female,67.0
17.0,78,Low,Medium,Yes,9,76,Low,Yes,4,Medium,Medium,Public,Positive,2,No,College,Near,Male,66.0
23.0,82,Medium,High,No,6,83,Medium,Yes,2,Medium,Medium,Private,Positive,3,No,Postgraduate,Moderate,Male,71.0
28.0,98,High,Medium,Yes,7,86,Medium,Yes,2,Medium,High,Private,Neutral,2,No,High School,Near,Female,75.0
26.0,100,High,High,No,7,74,Low,Yes,1,Medium,Medium,Public,Neutral,2,No,High School,Far,Female,72.0
20.0,69,High,Medium,No,7,63,Low,Yes,2,Low,Medium,Private,Negative,2,No,High School,Moderate,Female,64.0
16.0,89,Medium,Medium,Yes,9,74,Medium,No,1,Low,Medium,Public,Neutral,3,No,High School,Far,Male,65.0
24.0,75,Low,Medium,No,5,98,High,Yes,1,Low,Medium,Public,Positive,3,No,High School,Near,Male,67.0
22.0,60,Medium,Medium,No,6,92,Low,Yes,2,Low,High,Public,Negative,2,No,High School,Near,Male,63.0
25.0,60,Medium,Low,Yes,5,73,Low,Yes,1,Medium,Medium,Public,Negative,2,No,High School,Near,Male,62.0
24.0,78,Low,High,Yes,10,61,High,Yes,2,Medium,Medium,Public,Positive,4,No,College,Moderate,Female,69.0
26.0,80,Medium,Medium,Yes,7,94,Medium,Yes,1,Low,Medium,Private,Positive,2,No,Postgraduate,Moderate,Male,70.0
17.0,61,Low,Medium,Yes,6,82,High,Yes,0,Medium,High,Public,Neutral,4,No,Postgraduate,Near,Male,63.0
28.0,87,Medium,Medium,Yes,7,70,Medium,Yes,2,Low,Medium,Public,Neutral,2,No,Postgraduate,Near,Male,71.0
21.0,72,Medium,Low,Yes,8,56,Medium,Yes,0,Low,Medium,Public,Neutral,4,No,High School,Near,Male,63.0
32.0,82,Low,Medium,Yes,8,88,Low,Yes,0,High,Medium,Public,Positive,2,No,College,Moderate,Male,71.0
16.0,72,Medium,Medium,Yes,6,66,Low,Yes,0,Low,Medium,Private,Positive,4,No,College,Near,Male,63.0
30.0,67,Medium,High,Yes,6,80,High,Yes,0,Low,Medium,Public,Neutral,4,No,High School,Moderate,Male,68.0
21.0,76,Medium,Low,Yes,5,78,High,No,0,Low,High,Public,Neutral,3,No,High School,Near,Male,65.0
16.0,69,High,High,Yes,7,85,Medium,Yes,0,High,High,Private,Negative,3,No,High School,Near,Female,66.0
17.0,81,Low,Medium,Yes,9,77,Medium,Yes,3,Low,Medium,Public,Neutral,4,No,College,Far,Male,66.0
18.0,68,High,High,No,6,82,Low,Yes,0,Medium,High,Public,Positive,3,No,High School,Near,Male,66.0
23.0,80,Low,Low,Yes,8,54,Medium,Yes,0,Medium,High,Private,Positive,2,No,High School,Near,Female,65.0
23.0,66,Medium,High,No,6,83,Medium,Yes,0,High,Medium,Public,Positive,2,No,High School,Near,Female,66.0
17.0,87,Medium,Medium,Yes,5,60,Medium,Yes,4,Medium,Medium,Private,Positive,3,Yes,High School,Near,Female,67.0
20.0,90,High,Medium,No,8,70,Medium,Yes,0,Medium,Medium,Private,Neutral,3,No,High School,Moderate,Female,68.0
33.0,64,Medium,Low,Yes,10,76,Low,Yes,2,High,High,Private,Neutral,3,No,High School,Near,Male,68.0
30.0,79,Low,Medium,No,8,84,Medium,Yes,3,Low,Medium,Private,Negative,3,No,College,Moderate,Female,69.0
23.0,63,Medium,Low,Yes,6,87,Low,Yes,1,Medium,Medium,Public,Neutral,2,No,Postgraduate,Near,Male,64.0
20.0,84,Medium,Medium,No,6,85,Medium,Yes,0,Medium,Medium,Private,Positive,3,No,High School,Moderate,Male,67.0
21.0,71,Medium,Medium,Yes,10,55,Low,Yes,1,Medium,Medium,Public,Negative,4,No,High School,Moderate,Female,63.0
24.0,81,Low,High,Yes,7,69,Medium,Yes,3,Low,Medium,Public,Negative,3,No,College,Near,Male,67.0
14.0,81,Medium,High,Yes,6,64,Low,No,2,High,High,Public,Neutral,2,No,High School,Far,Female,64.0
18.0,97,Low,Medium,No,7,70,Low,Yes,0,High,Medium,Public,Neutral,2,Yes,High School,Near,Female,66.0
10.0,82,High,Medium,No,7,82,Low,Yes,2,Low,High,Private,Neutral,4,No,High School,Near,Male,65.0
22.0,83,Medium,Medium,Yes,8,60,Low,No,4,Medium,Medium,Public,Neutral,2,No,Postgraduate,Moderate,Female,68.0
24.0,76,Low,High,No,9,75,Low,Yes,0,Low,Medium,Private,Positive,5,No,High School,Near,Male,66.0
17.0,98,High,High,No,9,94,Low,Yes,0,High,Low,Public,Negative,3,No,College,Near,Male,71.0
29.0,91,Medium,High,Yes,7,87,Medium,No,2,Medium,High,Private,Negative,4,No,College,Near,Female,74.0
13.0,71,Medium,High,No,7,86,Low,Yes,2,Low,Medium,Public,Positive,3,No,Postgraduate,Near,Male,65.0
11.0,94,Low,High,Yes,8,92,High,Yes,0,Medium,Medium,Public,Neutral,4,No,High School,Near,Female,68.0
21.0,77,Medium,High,Yes,6,70,Low,No,2,High,Medium,Private,Positive,2,No,College,Near,Male,68.0
26.0,93,Medium,Medium,No,8,88,Medium,Yes,1,Medium,High,Public,Neutral,4,Yes,College,Near,Male,72.0
30.0,93,High,High,Yes,7,53,Medium,Yes,3,Low,Medium,Private,Negative,2,No,Postgraduate,Moderate,Female,74.0
17.0,68,Low,High,No,8,53,Medium,Yes,0,Low,Medium,Public,Neutral,2,No,College,Near,Male,61.0
26.0,88,Low,Low,No,10,67,Low,Yes,0,Low,Low,Private,Positive,3,No,High School,Far,Male,65.0
20.0,72,High,Low,No,8,60,Low,Yes,0,Low,Medium,Public,Neutral,5,No,High School,Near,Male,63.0
19.0,72,High,Medium,Yes,7,76,Medium,Yes,1,Medium,High,Public,Positive,2,No,High School,Moderate,Female,66.0
25.0,72,Low,High,Yes,6,59,Medium,Yes,2,Low,Medium,Public,Negative,3,No,High School,Near,Male,66.0
24.0,89,High,Medium,Yes,7,99,Medium,Yes,2,Low,High,Private,Neutral,4,No,High School,Near,Female,73.0
11.0,69,Medium,Medium,No,5,93,Medium,Yes,0,Medium,High,Public,Negative,4,No,College,Near,Male,63.0
29.0,60,High,High,Yes,8,99,Medium,Yes,0,Medium,Medium,Public,Positive,4,Yes,High School,Near,Female,68.0
28.0,89,High,Low,Yes,4,90,High,Yes,3,Low,High,Public,Positive,2,Yes,Postgraduate,Moderate,Female,73.0
16.0,67,Low,High,Yes,8,98,Medium,Yes,0,High,Low,Private,Negative,3,No,High School,Moderate,Male,63.0
22.0,64,Medium,High,Yes,8,68,Medium,Yes,2,Medium,Medium,Public,Negative,4,No,High School,Near,Male,65.0
23.0,70,Low,High,Yes,7,75,High,Yes,0,Low,Medium,Public,Positive,4,No,High School,Near,Female,66.0
22.0,75,Low,Low,Yes,6,62,Medium,Yes,0,High,High,Public,Negative,3,No,Postgraduate,Near,Female,65.0
17.0,79,Low,High,Yes,7,82,Medium,Yes,0,Medium,High,Public,Negative,2,No,College,Near,Male,66.0
16.0,62,High,Medium,No,4,89,High,Yes,3,Low,Medium,Public,Neutral,3,No,College,Near,Female,65.0
20.0,99,Medium,Medium,No,8,75,Medium,Yes,2,Low,High,Private,Negative,2,No,Postgraduate,Far,Female,70.0
27.0,89,Medium,Medium,No,7,65,Medium,Yes,1,Medium,Medium,Public,Neutral,3,No,High School,Near,Female,70.0
23.0,73,High,Medium,Yes,9,75,Medium,Yes,0,High,High,Private,Positive,3,No,High School,Moderate,Female,68.0
18.0,73,Medium,High,No,8,53,Medium,No,1,Low,High,Public,Neutral,3,No,Postgraduate,Moderate,Male,64.0
25.0,78,Medium,Medium,No,7,86,Medium,Yes,1,Medium,Medium,Public,Negative,3,No,Postgraduate,Moderate,Female,68.0
20.0,85,Low,High,No,8,73,Low,Yes,2,Low,Medium,Private,Neutral,3,No,High School,Near,Male,62.0
27.0,66,Medium,Medium,Yes,6,95,Medium,Yes,1,Medium,Medium,Public,Positive,3,No,College,Moderate,Male,68.0
10.0,68,Low,Medium,No,6,96,Low,Yes,1,High,Medium,Public,Neutral,3,No,College,Moderate,Male,61.0
18.0,94,High,Medium,Yes,7,56,Low,No,1,Low,Medium,Public,Positive,3,No,Postgraduate,Near,Male,69.0
13.0,70,Medium,Medium,Yes,7,100,Medium,Yes,3,Low,Medium,Public,Neutral,3,No,High School,Near,Male,65.0
12.0,75,Medium,High,Yes,6,98,Medium,Yes,2,Low,Medium,Public,Neutral,2,No,College,Far,Male,65.0
27.0,95,Medium,High,No,7,81,Low,Yes,3,Low,Medium,Public,Neutral,2,No,High School,Moderate,Male,72.0
17.0,87,Medium,Medium,Yes,7,91,High,Yes,3,Low,High,Public,Positive,3,Yes,College,Near,Female,70.0
22.0,74,Medium,High,Yes,10,51,Medium,No,1,Medium,Medium,Private,Negative,4,No,High School,Near,Male,65.0
20.0,87,Medium,Medium,No,7,99,Medium,Yes,3,Low,Medium,Public,Negative,3,No,High School,Near,Male,69.0
23.0,61,High,Low,Yes,6,73,Medium,Yes,1,Medium,Medium,Public,Positive,3,No,College,Near,Male,65.0
20.0,89,Low,Medium,Yes,7,95,Low,Yes,3,Low,Medium,Private,Neutral,2,No,High School,Near,Male,69.0
12.0,79,Low,Medium,Yes,9,69,Medium,Yes,2,Low,High,Public,Neutral,3,No,Postgraduate,Near,Male,65.0
26.0,93,Medium,High,Yes,9,89,Medium,Yes,0,Low,Medium,Public,Neutral,3,No,College,Moderate,Male,72.0
17.0,98,High,Low,Yes,10,71,Medium,Yes,0,Low,High,Private,Positive,3,No,Postgraduate,Moderate,Female,70.0
11.0,97,Medium,Medium,Yes,7,68,Low,Yes,0,Low,Medium,Private,Negative,2,No,High School,Moderate,Female,64.0
17.0,96,Medium,Low,No,8,97,Low,Yes,0,Medium,Medium,Public,Negative,3,No,High School,Near,Female,67.0
29.0,80,Medium,Low,No,5,85,High,Yes,0,High,High,Public,Neutral,2,No,High School,Moderate,Male,69.0
25.0,74,Low,Medium,Yes,6,92,Low,Yes,4,Medium,Medium,Private,Positive,3,No,Postgraduate,Near,Male,70.0
18.0,79,Medium,Medium,Yes,5,77,Low,Yes,1,Low,High,Public,Neutral,3,No,High School,Near,Male,65.0
18.0,88,High,High,Yes,8,96,Low,Yes,1,Low,Medium,Public,Positive,3,No,High School,Far,Female,69.0
18.0,95,High,Medium,Yes,7,87,High,Yes,5,Medium,Medium,Public,Neutral,2,No,College,Near,Male,74.0
32.0,68,Low,Medium,Yes,7,54,Medium,Yes,1,Low,Medium,Private,Neutral,1,No,Postgraduate,Near,Male,66.0
22.0,97,Medium,Medium,Yes,6,88,High,Yes,1,Low,Low,Private,Positive,4,No,College,Near,Male,72.0
23.0,93,Medium,Low,Yes,8,51,High,No,0,Low,High,Private,Positive,1,No,High School,Near,Male,67.0
26.0,99,Low,High,Yes,4,91,High,Yes,2,High,Low,Public,Neutral,4,No,Postgraduate,Moderate,Female,75.0
21.0,95,Medium,Low,Yes,7,67,Medium,Yes,3,Medium,Medium,Public,Positive,2,No,College,Far,Female,70.0
18.0,71,Low,Low,No,7,80,Medium,Yes,1,Medium,Low,Public,Neutral,4,No,Postgraduate,Moderate,Female,63.0
19.0,64,Medium,Medium,No,4,87,High,Yes,2,Medium,Medium,Private,Positive,4,No,High School,Moderate,Male,65.0
20.0,64,Medium,High,No,8,82,Medium,Yes,3,Medium,Low,Public,Negative,3,No,High School,Moderate,Female,64.0
20.0,72,Medium,High,No,7,84,Low,Yes,2,Medium,High,Public,Negative,2,No,High School,Moderate,Female,65.0
24.0,85,Medium,Medium,Yes,8,95,Medium,Yes,2,Medium,Medium,Public,Negative,4,No,High School,Near,Female,70.0
20.0,92,Medium,Low,No,10,69,Medium,Yes,0,Low,Medium,Public,Positive,2,No,Postgraduate,Far,Male,67.0
24.0,96,Medium,Medium,Yes,7,77,Low,No,0,Low,Medium,Public,Negative,2,Yes,High School,Near,Female,67.0
20.0,85,Medium,High,No,8,59,Medium,Yes,1,Medium,Medium,Public,Positive,3,No,Postgraduate,Far,Female,68.0
20.0,60,Medium,Medium,No,9,73,High,Yes,4,Medium,Medium,Public,Negative,4,No,College,Near,Male,65.0
8.0,67,High,Medium,Yes,8,58,Low,Yes,2,Medium,Medium,Public,Positive,1,No,Postgraduate,Moderate,Female,61.0
25.0,64,Medium,Low,Yes,6,82,Low,Yes,2,Low,Medium,Public,Negative,3,No,High School,Moderate,Female,63.0
22.0,75,Medium,Low,Yes,5,66,Low,Yes,2,Low,Medium,Public,Positive,2,No,High School,Far,Male,80.0
26.0,80,Medium,Medium,Yes,8,93,Medium,Yes,2,Low,Low,Public,Neutral,1,No,Postgraduate,Moderate,Male,69.0
20.0,62,Medium,Low,No,6,67,Medium,Yes,1,Low,Medium,Public,Negative,3,No,High School,Near,Male,55.0
33.0,74,Medium,Medium,No,9,64,Medium,Yes,2,Medium,Medium,Private,Neutral,4,No,Postgraduate,Near,Female,70.0
19.0,67,Medium,Medium,Yes,6,75,High,Yes,1,Low,Medium,Public,Neutral,3,No,College,Near,Female,65.0
27.0,86,Low,Medium,Yes,7,59,Low,Yes,1,Medium,Medium,Public,Neutral,3,No,High School,Near,Male,68.0
14.0,79,Medium,Low,Yes,5,60,Medium,Yes,3,Low,Medium,Public,Negative,5,No,High School,Near,Male,64.0
24.0,80,Medium,Medium,No,6,89,Medium,Yes,1,Low,High,Public,Neutral,3,No,College,Near,Male,69.0
14.0,77,Low,High,No,6,75,Medium,Yes,1,Medium,High,Public,Neutral,4,Yes,High School,Near,Female,89.0
16.0,98,Medium,Low,Yes,6,60,Medium,Yes,1,Medium,Medium,Private,Positive,3,No,High School,Far,Male,67.0
31.0,69,Medium,Medium,No,7,52,Medium,No,2,High,Low,Public,Neutral,5,No,College,Far,Male,92.0
19.0,81,High,High,No,6,73,Low,No,1,Low,High,Private,Positive,3,No,High School,Near,Female,67.0
21.0,89,Low,Medium,Yes,10,87,Low,Yes,3,Medium,Medium,Public,Positive,3,No,College,Near,Male,70.0
25.0,82,High,Low,No,8,68,Medium,Yes,1,Low,High,Public,Neutral,3,No,College,Near,Male,68.0
23.0,97,Medium,Low,Yes,9,62,Medium,Yes,0,Low,Medium,Private,Positive,2,No,Postgraduate,Near,Male,70.0
21.0,75,Medium,Medium,Yes,7,70,Low,Yes,3,Medium,Medium,Public,Positive,4,Yes,Postgraduate,Near,Male,67.0
22.0,79,Medium,Medium,Yes,7,98,High,Yes,0,High,Medium,Public,Neutral,3,No,High School,Near,Male,69.0
34.0,64,Medium,Medium,No,6,71,High,Yes,0,Low,High,Private,Negative,4,No,High School,Near,Female,67.0
20.0,84,High,High,Yes,10,63,Medium,Yes,0,Low,Medium,Private,Positive,4,No,High School,Near,Female,69.0
21.0,72,Medium,High,No,7,78,Low,No,0,High,Medium,Public,Neutral,1,Yes,High School,Near,Female,63.0
26.0,66,Medium,Medium,No,6,91,Medium,Yes,3,Medium,Medium,Public,Positive,3,No,College,Near,Female,69.0
27.0,82,Medium,High,No,6,51,Low,Yes,1,Low,Medium,Public,Negative,3,No,High School,Moderate,Male,66.0
27.0,81,Medium,Medium,No,8,78,Medium,Yes,0,Medium,Medium,Public,Positive,3,No,High School,Moderate,Male,68.0
24.0,63,Medium,Medium,Yes,9,92,Medium,Yes,4,Medium,Medium,Private,Positive,4,No,Postgraduate,Near,Male,69.0
13.0,88,High,Low,Yes,9,61,Low,Yes,4,Medium,Medium,Private,Negative,3,No,High School,Near,Female,66.0
30.0,85,Medium,Medium,Yes,6,96,Low,Yes,1,Medium,Medium,Private,Neutral,4,No,High School,Near,Female,72.0
13.0,68,Low,Medium,Yes,6,79,Medium,Yes,1,High,Medium,Private,Negative,3,No,College,Near,Male,62.0
22.0,79,Medium,Medium,No,9,76,Medium,Yes,1,Low,Medium,Private,Positive,2,No,High School,Near,Male,67.0
15.0,89,High,Low,No,10,98,Low,Yes,0,Low,Medium,Private,Positive,2,No,College,Near,Male,67.0
20.0,81,High,High,Yes,7,56,Low,No,1,Medium,Medium,Private,Positive,3,No,High School,Near,Male,67.0
22.0,76,Medium,Low,No,9,87,Low,Yes,2,Low,High,Public,Neutral,3,Yes,College,Near,Female,65.0
22.0,73,High,Low,No,5,91,Medium,Yes,1,Medium,Medium,Public,Positive,3,No,Postgraduate,Moderate,Male,67.0
23.0,84,Low,Low,No,6,74,Medium,No,3,Low,Medium,Public,Positive,1,No,High School,Near,Female,66.0
30.0,98,Low,Low,Yes,5,50,High,Yes,0,Low,High,Public,Negative,2,No,College,Near,Male,70.0
23.0,87,Low,High,No,8,76,Medium,Yes,2,High,Medium,Public,Positive,5,Yes,Postgraduate,Near,Female,71.0
19.0,63,Low,High,Yes,7,58,Medium,Yes,2,Low,High,Private,Neutral,3,No,Postgraduate,Near,Female,64.0
26.0,78,Low,High,Yes,7,78,Low,Yes,4,Medium,Medium,Private,Neutral,4,No,High School,Moderate,Female,69.0
27.0,96,Medium,High,Yes,9,87,Low,No,0,Medium,High,Public,Positive,2,No,College,Moderate,Male,72.0
13.0,64,Medium,Low,Yes,6,77,Medium,Yes,0,Low,High,Public,Neutral,4,No,High School,Near,Male,60.0
24.0,100,Medium,Low,Yes,7,82,Low,Yes,1,Medium,High,Private,Positive,3,No,High School,Moderate,Male,71.0
24.0,98,Medium,Medium,Yes,5,55,High,Yes,0,Medium,Medium,Public,Positive,3,No,High School,Moderate,Male,71.0
18.0,63,High,High,No,9,55,Medium,Yes,2,High,High,Private,Positive,2,No,Postgraduate,Near,Female,66.0
28.0,97,Medium,Medium,No,9,93,Low,Yes,3,Medium,High,Public,Neutral,3,No,High School,Near,Female,74.0
19.0,75,Medium,Medium,No,8,52,High,Yes,0,Low,Medium,Public,Negative,4,No,Postgraduate,Moderate,Male,64.0
21.0,94,Medium,Low,Yes,7,64,Low,Yes,2,Medium,Medium,Private,Neutral,2,No,High School,Near,Male,68.0
19.0,77,High,Low,No,6,97,Low,Yes,4,Low,Medium,Public,Negative,2,No,High School,Near,Male,66.0
20.0,78,Medium,Medium,No,5,73,Low,Yes,1,Low,Medium,Public,Negative,3,No,College,Near,Female,65.0
13.0,85,Low,High,Yes,7,84,Medium,No,0,Low,Medium,Public,Neutral,5,No,High School,Moderate,Female,64.0
11.0,91,Medium,Low,No,8,61,Medium,Yes,1,High,Medium,Private,Positive,3,No,Postgraduate,Far,Male,65.0
30.0,61,High,High,No,10,64,Low,Yes,4,Medium,Medium,Public,Positive,2,No,Postgraduate,Moderate,Male,69.0
15.0,84,Medium,High,Yes,6,75,Medium,Yes,2,Medium,Medium,Private,Positive,4,Yes,Postgraduate,Near,Female,68.0
14.0,67,Medium,High,No,7,82,Low,Yes,1,Medium,Medium,Public,Neutral,3,No,High School,Far,Female,62.0
7.0,74,Low,High,No,9,98,High,Yes,3,High,Low,Public,Neutral,2,No,High School,Moderate,Male,63.0
16.0,74,High,Low,No,9,79,High,Yes,0,High,Medium,Public,Neutral,4,No,Postgraduate,Moderate,Female,65.0
12.0,79,Low,High,No,6,55,Medium,Yes,1,Low,High,Private,Neutral,4,No,College,Far,Female,62.0
30.0,73,Low,Medium,No,7,68,Medium,Yes,0,Low,High,Public,Positive,2,No,Postgraduate,Near,Male,67.0
26.0,64,Low,High,No,6,62,Low,Yes,1,Low,Medium,Private,Positive,5,No,High School,Moderate,Male,64.0
16.0,66,Medium,Low,No,6,63,Low,Yes,2,Medium,High,Public,Neutral,3,No,College,Moderate,Male,61.0
34.0,61,Low,Medium,No,9,75,Medium,Yes,1,Low,Medium,Public,Neutral,2,No,College,Far,Male,65.0
26.0,79,High,Low,No,7,66,Medium,Yes,1,High,Medium,Public,Positive,5,Yes,High School,Moderate,Male,67.0
18.0,98,High,Low,No,7,64,Medium,Yes,0,Medium,Medium,Public,Positive,4,No,Postgraduate,Moderate,Male,70.0
5.0,65,Medium,High,Yes,7,98,Low,Yes,1,Low,Low,Private,Positive,3,No,High School,Far,Male,59.0
34.0,98,Medium,High,No,7,79,Medium,Yes,1,Low,Medium,Private,Neutral,4,No,College,Near,Male,75.0
12.0,89,Low,Medium,Yes,7,63,Medium,Yes,4,Low,High,Public,Neutral,2,No,College,Near,Male,67.0
10.0,85,Medium,Medium,Yes,6,64,Low,Yes,1,Medium,Medium,Public,Negative,3,No,College,Near,Male,64.0
26.0,86,Medium,High,Yes,9,91,Medium,Yes,3,High,Medium,Public,Neutral,3,Yes,High School,Near,Female,72.0
35.0,93,Medium,Medium,Yes,6,94,Medium,Yes,5,Medium,Medium,Public,Neutral,2,Yes,College,Near,Female,76.0
28.0,64,Medium,High,Yes,6,84,Low,Yes,2,Medium,Medium,Private,Positive,2,No,Postgraduate,Near,Male,69.0
23.0,80,Low,Medium,No,7,72,Low,Yes,0,Low,High,Public,Negative,5,No,High School,Near,Male,65.0
24.0,88,High,Medium,No,10,88,Low,Yes,2,High,High,Public,Positive,1,No,Postgraduate,Far,Female,72.0
25.0,83,Medium,High,Yes,6,97,Low,Yes,0,Low,Low,Public,Neutral,4,No,High School,Near,Male,69.0
25.0,93,High,Medium,No,8,58,Medium,Yes,0,High,Medium,Private,Positive,4,No,High School,Moderate,Female,71.0
22.0,63,High,Medium,No,7,93,High,Yes,0,Medium,Medium,Private,Neutral,2,No,High School,Far,Male,64.0
21.0,88,High,High,Yes,7,92,High,Yes,2,Medium,Medium,Public,Positive,3,No,Postgraduate,Near,Female,74.0
20.0,81,Medium,High,Yes,8,68,Medium,Yes,0,Medium,Medium,Public,Neutral,3,No,College,Near,Male,68.0
15.0,75,Medium,High,Yes,4,65,High,Yes,1,Low,Low,Private,Positive,4,No,Postgraduate,Moderate,Female,66.0
18.0,74,Medium,Medium,No,6,78,High,Yes,0,High,Medium,Public,Positive,2,No,High School,Moderate,Female,65.0
10.0,85,High,Medium,Yes,8,64,Low,Yes,2,High,Medium,Public,Neutral,3,No,Postgraduate,Near,Female,67.0
19.0,96,Medium,Medium,No,7,57,High,Yes,0,Low,Medium,Public,Positive,3,No,High School,Near,Female,69.0
14.0,80,High,Low,Yes,7,98,High,Yes,2,Low,High,Private,Negative,2,No,High School,Near,Male,66.0
13.0,93,Medium,High,Yes,8,75,Medium,Yes,1,Medium,Medium,Private,Positive,2,No,High School,Near,Male,69.0
21.0,76,Medium,Medium,Yes,6,74,Medium,Yes,2,Medium,Medium,Private,Neutral,3,No,High School,Near,Male,67.0
28.0,64,Medium,Medium,Yes,9,56,Medium,Yes,1,Low,Low,Public,Negative,2,No,College,Near,Male,64.0
26.0,62,High,High,No,8,75,Medium,Yes,2,Medium,Medium,Public,Neutral,2,No,College,Moderate,Male,67.0
11.0,62,Low,High,Yes,7,87,High,No,3,Low,High,Public,Positive,3,No,High School,Far,Female,61.0
14.0,75,Medium,Low,Yes,8,62,Low,Yes,0,High,Medium,Public,Negative,2,No,High School,Moderate,Female,61.0
26.0,73,Medium,Medium,Yes,9,68,High,Yes,4,Medium,Medium,Public,Neutral,2,No,High School,Far,Male,68.0
14.0,89,Low,High,No,6,59,Low,Yes,2,Low,High,Public,Neutral,5,No,Postgraduate,Moderate,Male,66.0
19.0,90,Medium,Medium,No,8,68,Low,Yes,0,High,Medium,Public,Negative,4,No,High School,Moderate,Male,66.0
23.0,62,Medium,High,No,10,93,High,Yes,2,Low,Medium,Public,Positive,4,No,College,Near,Female,68.0
14.0,69,Low,High,No,8,62,High,Yes,1,Medium,High,Private,Neutral,2,No,High School,Near,Male,63.0
21.0,71,Medium,Medium,Yes,7,51,Medium,Yes,3,Medium,High,Private,Neutral,3,No,Postgraduate,Moderate,Female,66.0
12.0,82,High,Medium,Yes,10,77,High,Yes,0,Medium,Medium,Public,Neutral,4,No,College,Far,Female,66.0
16.0,66,High,Medium,Yes,7,79,High,Yes,0,High,High,Private,Neutral,3,No,College,Near,Female,66.0
22.0,65,Medium,Medium,Yes,9,66,High,Yes,2,Medium,Medium,Public,Negative,4,No,High School,Near,Male,65.0
10.0,98,Medium,Medium,Yes,6,82,Medium,Yes,2,High,Medium,Public,Positive,2,No,College,Moderate,Male,69.0
23.0,92,Medium,High,No,9,52,High,Yes,1,High,Medium,Private,Positive,2,No,High School,Near,Female,71.0
20.0,67,High,High,No,6,67,High,Yes,1,Medium,High,Public,Positive,2,Yes,College,Near,Female,66.0
23.0,76,Medium,Medium,Yes,7,57,High,Yes,1,Medium,Medium,Public,Negative,3,No,High School,Moderate,Female,66.0
21.0,74,Medium,High,Yes,6,61,Low,No,0,Low,Medium,Private,Positive,4,No,High School,Near,Male,65.0
28.0,92,Low,Medium,No,10,69,Medium,Yes,4,Low,Medium,Public,Neutral,4,No,High School,Moderate,Female,71.0
21.0,80,Medium,High,No,7,75,High,Yes,3,Medium,High,Private,Neutral,2,No,High School,Far,Male,69.0
17.0,65,Low,Low,Yes,5,55,Medium,Yes,2,Low,Medium,Public,Positive,3,No,High School,Near,Female,61.0
21.0,90,High,Medium,Yes,7,55,High,Yes,1,Low,High,Public,Neutral,4,No,High School,Near,Female,70.0
23.0,76,Medium,Medium,No,8,84,High,Yes,2,High,Medium,Public,Positive,4,No,College,Near,Female,70.0
20.0,71,Medium,Medium,No,7,70,High,Yes,0,High,High,Public,Negative,4,No,High School,Near,Female,65.0
20.0,75,Medium,Low,Yes,6,59,Medium,Yes,2,Medium,Medium,Public,Negative,1,No,Postgraduate,Moderate,Male,64.0
16.0,80,High,High,Yes,9,62,Low,Yes,0,High,Medium,Public,Neutral,4,No,Postgraduate,Near,Female,68.0
16.0,74,Low,Medium,Yes,9,86,Low,Yes,1,Low,Medium,Private,Neutral,2,No,High School,Near,Female,63.0
12.0,70,Medium,High,No,5,53,Medium,Yes,2,Low,Medium,Private,Positive,3,No,College,Near,Male,63.0
30.0,76,Medium,Medium,Yes,6,75,Low,Yes,3,High,Medium,Public,Positive,3,No,College,Near,Female,71.0
13.0,61,High,Low,No,7,68,Low,No,1,Medium,Medium,Public,Neutral,2,No,High School,Near,Male,58.0
16.0,91,Medium,Medium,Yes,6,91,Medium,Yes,1,Medium,Medium,Public,Neutral,2,No,High School,Moderate,Female,68.0
16.0,67,Medium,High,No,8,90,High,Yes,1,High,Low,Public,Neutral,4,No,High School,Near,Male,65.0
25.0,62,Medium,Medium,No,10,84,Low,Yes,2,Low,Medium,Public,Positive,3,No,College,Near,Female,65.0
18.0,86,High,Low,Yes,6,69,Low,Yes,2,Medium,High,Public,Positive,2,No,High School,Near,Male,68.0
27.0,91,Low,High,Yes,9,82,Medium,Yes,0,Low,Low,Public,Neutral,1,No,High School,Far,Male,69.0
16.0,93,Medium,Medium,Yes,5,82,Low,Yes,5,High,Medium,Public,Positive,1,No,High School,Near,Male,71.0
22.0,80,Low,Medium,No,8,67,Low,Yes,2,Low,Low,Private,Positive,2,No,Postgraduate,Moderate,Male,65.0
15.0,68,Low,Medium,Yes,6,94,Low,Yes,0,Medium,High,Public,Neutral,5,No,Postgraduate,Near,Female,64.0
33.0,89,Low,Medium,No,8,99,Medium,Yes,2,High,High,Private,Positive,4,No,College,Moderate,Male,75.0
13.0,88,High,Medium,No,4,66,Low,Yes,1,Low,High,Public,Positive,4,No,High School,Near,Female,67.0
22.0,70,Medium,High,Yes,5,90,High,Yes,1,Medium,High,Public,Neutral,3,No,College,Far,Female,68.0
24.0,96,High,High,No,8,75,Low,Yes,1,Medium,Medium,Public,Positive,1,No,College,Moderate,Female,72.0
22.0,64,Medium,Medium,No,6,73,High,Yes,3,Medium,Medium,Public,Positive,4,No,Postgraduate,Moderate,Female,67.0
19.0,99,High,Medium,No,7,69,Medium,Yes,1,High,Medium,Public,Positive,3,No,High School,Near,Male,72.0
19.0,94,Medium,Low,Yes,10,65,High,Yes,1,Low,High,Public,Negative,3,No,Postgraduate,Moderate,Male,69.0
20.0,88,Low,Low,No,7,96,Low,Yes,0,High,High,Public,Positive,3,No,Postgraduate,Moderate,Male,68.0
19.0,98,Medium,Medium,Yes,8,87,Medium,Yes,0,Medium,Medium,Private,Negative,6,No,High School,Near,Male,70.0
26.0,89,Medium,Medium,No,6,72,High,Yes,1,Low,Medium,Public,Neutral,3,Yes,College,Near,Female,69.0
33.0,68,Medium,Low,Yes,5,88,Medium,Yes,2,Low,Medium,Public,Negative,1,No,College,Moderate,Male,67.0
17.0,78,Medium,Medium,No,7,86,Medium,No,0,Low,Low,Public,Neutral,3,No,College,Near,Female,63.0
12.0,63,Medium,High,No,5,63,Low,Yes,4,Low,Medium,Private,Positive,2,No,High School,Moderate,Male,61.0
19.0,76,Medium,High,Yes,6,59,Medium,Yes,1,Medium,Medium,Public,Neutral,3,No,High School,Near,Female,66.0
35.0,90,High,Medium,Yes,7,92,Low,No,0,Low,Medium,Private,Neutral,4,No,High School,Near,Male,73.0
15.0,75,Medium,High,Yes,7,91,High,Yes,0,Medium,High,Public,Neutral,3,No,College,Moderate,Male,67.0
30.0,73,High,Medium,Yes,8,100,Medium,Yes,2,High,High,Public,Neutral,2,No,High School,Near,Female,72.0
30.0,84,High,Medium,No,8,51,Low,Yes,1,Low,Medium,Public,Positive,4,Yes,Postgraduate,Far,Male,69.0
17.0,95,Low,High,No,5,77,Medium,Yes,2,Medium,Medium,Public,Positive,4,No,High School,Moderate,Female,69.0
23.0,62,Low,High,Yes,6,85,Medium,Yes,1,Low,Medium,Public,Negative,3,Yes,College,Moderate,Male,63.0
30.0,75,Medium,Medium,Yes,4,79,Low,Yes,0,Medium,Medium,Public,Negative,4,No,High School,Moderate,Male,67.0
18.0,66,Medium,Medium,No,6,86,Medium,Yes,0,High,Medium,Public,Positive,2,No,High School,Moderate,Female,63.0
19.0,88,Medium,High,Yes,8,57,Low,No,1,Medium,Low,Private,Negative,4,No,College,Near,Male,66.0
17.0,64,Medium,Medium,No,9,50,Medium,Yes,2,Low,High,Public,Positive,4,No,High School,Moderate,Female,62.0
14.0,87,Medium,Medium,Yes,7,55,Medium,Yes,2,Low,High,Private,Positive,4,No,Postgraduate,Near,Male,68.0
16.0,71,Medium,High,No,9,69,Medium,Yes,1,Low,Medium,Public,Neutral,4,No,Postgraduate,Near,Female,65.0
13.0,68,Low,Low,Yes,8,66,Medium,Yes,0,Medium,Low,Public,Neutral,4,Yes,College,Near,Male,59.0
20.0,97,High,Medium,Yes,7,94,High,Yes,1,Medium,Medium,Public,Negative,1,No,College,Moderate,Male,72.0
15.0,61,Medium,High,Yes,6,54,Medium,Yes,0,High,High,Private,Neutral,2,No,Postgraduate,Near,Male,63.0
21.0,78,Medium,Medium,No,4,72,Medium,Yes,1,Medium,High,Public,Neutral,4,No,Postgraduate,Near,Male,68.0
11.0,61,Medium,Medium,Yes,9,98,High,Yes,0,Medium,High,Public,Negative,2,No,High School,Moderate,Male,61.0
22.0,79,Low,Medium,No,7,75,Low,Yes,1,Low,High,Private,Neutral,3,No,High School,Near,Female,65.0
25.0,80,Medium,Medium,Yes,9,57,Low,Yes,2,Low,High,Public,Positive,3,No,High School,Moderate,Female,68.0
8.0,73,Low,Medium,Yes,6,65,High,Yes,1,Low,Medium,Public,Neutral,4,No,College,Moderate,Male,61.0
22.0,65,Low,Low,Yes,10,81,Medium,Yes,1,Low,Medium,Private,Neutral,3,No,Postgraduate,Near,Male,63.0
27.0,75,Medium,Medium,Yes,7,51,High,Yes,1,Medium,Low,Public,Negative,2,No,Postgraduate,Near,Male,67.0
13.0,87,Low,Medium,Yes,6,98,Low,Yes,0,High,High,Public,Positive,3,Yes,Postgraduate,Moderate,Male,66.0
30.0,91,Medium,Medium,Yes,7,78,High,Yes,3,Medium,Medium,Private,Positive,2,No,Postgraduate,Near,Male,75.0
23.0,81,Medium,Medium,No,7,85,Low,Yes,0,Medium,Medium,Public,Positive,4,No,High School,Near,Male,68.0
16.0,84,Low,Medium,No,7,75,High,Yes,2,Medium,Medium,Public,Negative,3,No,High School,Near,Female,65.0
20.0,68,Low,Medium,No,6,98,High,Yes,0,Low,High,Public,Negative,4,No,High School,Near,Female,64.0
23.0,71,High,Medium,Yes,4,79,Medium,No,2,Low,Medium,Public,Positive,3,No,High School,Near,Male,67.0
20.0,66,Low,Medium,Yes,6,83,Medium,Yes,2,Low,Medium,Private,Neutral,3,No,College,Near,Male,64.0
23.0,70,Medium,High,Yes,9,93,Medium,Yes,0,Low,High,Public,Neutral,2,Yes,Postgraduate,Moderate,Female,67.0
14.0,69,Medium,High,Yes,6,93,Low,No,2,Low,Medium,Private,Neutral,0,No,High School,Near,Male,63.0
21.0,81,High,Medium,Yes,4,51,Medium,Yes,0,Medium,Medium,Private,Positive,2,No,College,Moderate,Female,67.0
12.0,83,High,Low,Yes,5,64,Medium,Yes,1,High,Medium,Private,Negative,2,No,Postgraduate,Near,Female,65.0
19.0,98,High,Low,Yes,7,62,High,Yes,1,Low,High,Public,Neutral,2,No,High School,Near,Female,70.0
15.0,68,Medium,Medium,Yes,6,50,High,Yes,2,High,Low,Public,Neutral,3,No,High School,Moderate,Male,62.0
16.0,86,High,Medium,Yes,7,94,Medium,Yes,2,Low,High,Public,Neutral,3,No,High School,Moderate,Female,69.0
27.0,93,Medium,Low,Yes,6,66,Medium,Yes,2,Medium,Medium,Public,Negative,3,No,College,Moderate,Female,70.0
27.0,82,Medium,Medium,Yes,9,67,Low,Yes,1,Low,High,Private,Neutral,2,No,High School,Moderate,Male,68.0
24.0,70,Medium,High,No,8,55,Medium,Yes,4,Low,High,Public,Positive,4,No,Postgraduate,Moderate,Female,68.0
13.0,71,Medium,Medium,Yes,10,99,Medium,Yes,0,Low,Medium,Public,Neutral,3,No,Postgraduate,Near,Male,64.0
18.0,62,Low,High,Yes,6,91,High,No,4,Low,Medium,Private,Neutral,1,No,High School,Moderate,Male,63.0
27.0,72,Low,Low,Yes,7,79,Medium,Yes,2,High,High,Public,Positive,2,No,Postgraduate,Moderate,Female,68.0
21.0,90,High,Low,Yes,9,89,Low,Yes,1,Low,Low,Public,Neutral,2,No,High School,Far,Female,67.0
34.0,62,High,Low,No,8,89,Low,Yes,3,Low,Medium,Private,Neutral,4,No,College,Moderate,Female,68.0
22.0,69,Medium,High,Yes,6,83,Medium,Yes,1,Low,Medium,Public,Positive,2,No,College,Moderate,Female,66.0
21.0,88,Medium,Medium,Yes,8,59,Low,No,2,Medium,Medium,Private,Negative,1,No,Postgraduate,Near,Male,67.0
18.0,91,High,Medium,No,8,86,High,Yes,1,Medium,Medium,Public,Neutral,4,Yes,High School,Moderate,Male,69.0
21.0,78,High,Medium,Yes,4,78,Medium,Yes,2,High,Medium,Private,Negative,3,No,High School,Far,Male,68.0
19.0,88,Medium,High,No,6,86,Medium,Yes,4,Medium,Medium,Public,Positive,3,Yes,College,Moderate,Male,70.0
24.0,76,Medium,Medium,No,7,77,Medium,Yes,3,Medium,Medium,Private,Negative,4,No,Postgraduate,Moderate,Female,68.0
26.0,66,Low,Medium,Yes,9,98,Medium,Yes,2,Low,Medium,Public,Neutral,2,No,College,Near,Male,66.0
15.0,76,Medium,High,Yes,8,81,Medium,Yes,2,Low,Medium,Private,Neutral,4,No,Postgraduate,Moderate,Female,67.0
12.0,83,Medium,Medium,No,6,79,Medium,Yes,1,High,Low,Public,Neutral,4,No,High School,Moderate,Female,65.0
9.0,98,Medium,Medium,No,6,92,Medium,Yes,0,Medium,Medium,Public,Neutral,5,No,High School,Moderate,Male,67.0
23.0,63,Medium,Medium,No,8,69,High,Yes,2,Medium,Low,Public,Negative,4,Yes,High School,Near,Male,63.0
13.0,80,Low,High,Yes,4,66,High,Yes,2,Low,Medium,Public,Negative,2,No,High School,Moderate,Female,64.0
7.0,73,High,Medium,Yes,6,75,Medium,Yes,3,Low,Medium,Public,Neutral,3,No,College,Near,Female,64.0
22.0,80,Low,Low,No,9,79,High,Yes,0,Medium,Medium,Private,Neutral,3,No,College,Moderate,Female,66.0
35.0,61,Medium,High,Yes,7,61,Low,Yes,2,Medium,Medium,Private,Positive,4,Yes,High School,Near,Male,68.0
20.0,73,High,Medium,Yes,6,84,High,Yes,0,Medium,Medium,Public,Positive,3,No,High School,Moderate,Male,67.0
25.0,93,Medium,High,No,5,90,Low,Yes,1,Medium,Medium,Public,Positive,2,No,College,Near,Male,72.0
20.0,82,Medium,Medium,Yes,8,79,Low,Yes,1,Low,Medium,Public,Positive,4,No,High School,Near,Male,67.0
19.0,78,Medium,Medium,No,7,76,High,Yes,2,Medium,Low,Public,Neutral,3,No,College,Moderate,Female,66.0
26.0,71,High,Low,No,7,65,Medium,Yes,1,Low,Medium,Public,Positive,3,No,College,Near,Female,66.0
18.0,72,High,High,Yes,8,95,Medium,Yes,1,Medium,Medium,Public,Negative,4,No,High School,Moderate,Male,67.0
22.0,75,Medium,Medium,No,7,88,Low,Yes,0,Low,Medium,Private,Neutral,3,No,Postgraduate,Far,Male,65.0
22.0,93,High,Medium,No,7,74,Low,Yes,2,Medium,High,Public,Negative,3,No,College,Far,Male,70.0
16.0,99,Low,Medium,Yes,5,83,Low,Yes,0,Low,High,Private,Neutral,4,No,Postgraduate,Near,Female,69.0
26.0,78,High,High,Yes,5,67,Low,Yes,1,High,High,Private,Negative,3,No,High School,Moderate,Male,69.0
19.0,76,High,Medium,Yes,8,53,Medium,Yes,1,Medium,Medium,Public,Negative,4,No,College,Near,Female,66.0
15.0,94,Medium,Low,No,8,60,Medium,Yes,2,Medium,Medium,Public,Neutral,4,No,High School,Far,Male,66.0
23.0,77,High,High,Yes,8,54,Medium,Yes,1,Low,Medium,Public,Negative,3,No,College,Moderate,Female,67.0
15.0,82,Medium,High,Yes,6,75,Medium,Yes,1,Medium,Low,Public,Positive,3,No,High School,Near,Male,67.0
20.0,69,Medium,Medium,Yes,8,81,High,Yes,2,Medium,Medium,Public,Positive,4,No,High School,Near,Male,67.0
20.0,90,High,High,Yes,6,69,Medium,Yes,2,High,High,Public,Neutral,3,No,High School,Near,Female,72.0
27.0,81,Medium,Low,Yes,9,77,Low,Yes,1,Medium,High,Public,Neutral,4,No,College,Moderate,Female,68.0
23.0,92,Medium,Low,Yes,6,54,High,Yes,3,Medium,Medium,Public,Positive,2,Yes,Postgraduate,Near,Male,70.0
20.0,91,Medium,Medium,Yes,6,88,Medium,Yes,1,Low,Medium,Public,Positive,4,No,High School,Moderate,Male,69.0
25.0,69,High,Low,Yes,7,52,High,Yes,1,Low,Medium,Public,Positive,4,No,High School,Moderate,Male,65.0
28.0,89,High,High,No,8,82,Medium,Yes,0,Medium,Medium,Public,Negative,3,No,Postgraduate,Far,Male,72.0
23.0,92,Medium,High,No,7,72,Medium,Yes,0,Low,Medium,Public,Neutral,4,No,College,Far,Female,69.0
20.0,74,Medium,Medium,Yes,7,59,Low,Yes,5,High,Medium,Public,Positive,4,No,High School,Near,Female,68.0
12.0,67,High,High,No,6,76,High,Yes,1,Low,Medium,Public,Negative,2,No,High School,Moderate,Male,62.0
14.0,60,Medium,Low,Yes,7,89,Low,Yes,2,Medium,Medium,Public,Neutral,3,No,High School,Moderate,Male,60.0
18.0,78,High,Medium,Yes,7,71,Low,Yes,3,Medium,Medium,Public,Neutral,4,No,High School,Moderate,Male,67.0
16.0,74,High,High,Yes,6,68,Low,Yes,2,Medium,Medium,Public,Neutral,4,No,College,Near,Male,67.0
19.0,82,Medium,High,Yes,7,57,Medium,Yes,1,Medium,Medium,Public,Neutral,3,No,High School,Near,Male,67.0
20.0,68,Medium,Medium,Yes,7,80,Low,Yes,0,Low,Medium,Private,Neutral,4,No,High School,Near,Female,63.0
23.0,94,Medium,Low,Yes,10,91,High,Yes,1,Medium,Medium,Public,Neutral,3,No,High School,Near,Male,71.0
20.0,70,Medium,Medium,Yes,6,78,High,Yes,0,Medium,Medium,Private,Positive,2,No,College,Near,Female,66.0
23.0,69,Medium,Medium,Yes,6,58,High,Yes,0,Medium,Medium,Public,Neutral,1,No,Postgraduate,Near,Female,65.0
20.0,79,High,Medium,Yes,7,83,High,Yes,2,Medium,Medium,Public,Positive,2,No,High School,Moderate,Female,69.0
8.0,80,High,Low,No,6,52,High,Yes,2,Medium,Medium,Public,Positive,1,No,High School,Near,Female,63.0
14.0,69,Medium,Medium,Yes,5,92,High,Yes,3,Low,Low,Public,Negative,2,No,Postgraduate,Moderate,Female,64.0
19.0,71,High,High,No,5,96,High,Yes,2,Low,Medium,Private,Neutral,0,Yes,College,Near,Female,67.0
13.0,67,Medium,Medium,Yes,6,80,High,Yes,1,Low,High,Public,Negative,2,No,High School,Moderate,Male,62.0
24.0,89,Medium,Low,Yes,6,94,Low,Yes,2,Medium,Medium,Public,Neutral,2,No,High School,Far,Male,68.0
29.0,91,Medium,High,No,5,54,Low,Yes,2,Low,Medium,Public,Neutral,3,No,Postgraduate,Moderate,Male,71.0
27.0,78,High,Medium,No,7,61,Medium,No,1,Low,Medium,Public,Negative,3,No,High School,Moderate,Female,66.0
19.0,89,Medium,High,Yes,4,66,Low,Yes,1,Low,Medium,Public,Positive,1,No,Postgraduate,Near,Female,69.0
29.0,89,Medium,Low,Yes,8,89,Low,Yes,1,Medium,High,Private,Neutral,4,No,High School,Moderate,Male,71.0
21.0,66,Medium,Medium,Yes,6,74,Medium,Yes,2,Medium,High,Private,Neutral,4,No,High School,Near,Female,66.0
18.0,99,Medium,Medium,No,6,67,Medium,Yes,5,Low,Medium,Public,Positive,3,No,Postgraduate,Near,Female,72.0
16.0,93,Medium,Medium,Yes,8,58,Medium,Yes,1,High,High,Public,Positive,4,No,College,Near,Female,70.0
18.0,68,Low,Medium,No,8,91,High,Yes,1,Low,High,Private,Neutral,3,No,Postgraduate,Near,Female,65.0
18.0,67,High,Medium,No,6,51,Medium,Yes,0,Medium,High,Public,Positive,2,No,College,Near,Female,64.0
21.0,65,Medium,Medium,Yes,8,67,Medium,Yes,1,Low,Medium,Public,Positive,2,No,College,Moderate,Male,63.0
21.0,66,Medium,Medium,No,9,62,Low,No,3,Medium,Medium,Private,Positive,2,No,High School,Near,Male,63.0
20.0,90,Low,Medium,No,5,56,Medium,No,3,Medium,Medium,Public,Positive,2,No,High School,Moderate,Male,66.0
23.0,79,High,High,Yes,8,59,Low,Yes,1,Low,High,Public,Negative,4,No,College,Moderate,Male,68.0
27.0,91,Medium,High,Yes,5,75,Low,Yes,1,High,High,Public,Neutral,4,No,College,Near,Male,74.0
26.0,90,High,High,No,9,71,Low,Yes,0,High,Low,Private,Negative,2,No,College,Near,Female,71.0
11.0,84,High,Medium,Yes,6,76,High,Yes,3,Low,High,Public,Negative,3,No,High School,Moderate,Female,67.0
5.0,87,High,Low,No,6,86,Medium,Yes,2,Medium,High,Public,Positive,3,No,Postgraduate,Near,Female,66.0
26.0,61,High,Medium,Yes,9,95,Medium,Yes,0,Medium,Medium,Private,Negative,6,No,College,Near,Male,67.0
12.0,72,Low,High,Yes,8,56,High,Yes,3,Low,Medium,Public,Positive,1,Yes,High School,Moderate,Male,62.0
19.0,86,Medium,Low,No,6,54,Low,Yes,1,High,High,Private,Positive,5,No,Postgraduate,Near,Male,68.0
13.0,60,Medium,Medium,Yes,7,66,Medium,Yes,2,Low,Medium,Public,Positive,3,No,Postgraduate,Near,Male,62.0
9.0,61,High,Medium,Yes,6,77,Low,No,1,High,Medium,Private,Neutral,2,No,High School,Near,Male,82.0
23.0,94,High,Medium,No,5,55,High,Yes,2,Medium,Medium,Public,Positive,2,Yes,High School,Near,Male,70.0
25.0,87,High,Medium,No,7,86,Medium,Yes,4,Medium,Low,Private,Negative,2,No,College,Near,Male,72.0
17.0,71,Low,High,Yes,6,78,Low,Yes,0,Medium,Medium,Public,Positive,4,No,College,Near,Female,64.0
4.0,88,Medium,High,No,6,87,Low,Yes,1,Medium,High,Public,Neutral,4,No,College,Near,Male,66.0
17.0,92,Medium,Medium,Yes,9,68,High,Yes,0,Medium,Low,Private,Positive,3,No,College,Near,Female,68.0
22.0,72,Low,Medium,No,6,70,Low,Yes,1,High,Medium,Public,Neutral,3,No,Postgraduate,Far,Male,64.0
11.0,61,Low,Medium,Yes,7,90,High,Yes,0,Medium,High,Public,Neutral,3,No,High School,Near,Female,61.0
21.0,97,Medium,Medium,Yes,9,63,Medium,Yes,0,Medium,Medium,Public,Positive,1,No,High School,Moderate,Male,69.0
20.0,74,High,High,No,7,69,Low,Yes,2,High,High,Private,Neutral,2,No,College,Near,Male,68.0
23.0,64,Medium,Medium,No,6,51,Medium,Yes,1,Medium,Medium,Public,Positive,5,No,College,Near,Male,64.0
21.0,80,Medium,High,No,7,78,Medium,Yes,1,Low,High,Private,Negative,4,No,High School,Moderate,Female,67.0
14.0,91,Medium,Medium,Yes,8,93,Medium,Yes,0,Medium,Medium,Public,Neutral,3,No,High School,Moderate,Male,67.0
27.0,69,Medium,Medium,No,8,51,Medium,Yes,1,High,Medium,Public,Negative,2,No,High School,Near,Male,65.0
19.0,71,High,Medium,Yes,10,81,Medium,Yes,2,Medium,High,Public,Positive,3,No,High School,Near,Female,68.0
20.0,70,Medium,High,Yes,6,92,Medium,Yes,2,Medium,Low,Public,Positive,3,No,High School,Near,Male,67.0
14.0,100,Low,Medium,No,7,75,Low,Yes,1,Low,Medium,Public,Positive,3,No,Postgraduate,Moderate,Male,67.0
17.0,68,Medium,High,Yes,5,66,Medium,Yes,1,High,Medium,Public,Negative,4,No,High School,Near,Male,64.0
15.0,83,High,High,Yes,8,100,Medium,Yes,0,Medium,Medium,Public,Positive,3,No,College,Near,Female,70.0
19.0,97,Medium,High,No,7,53,Medium,Yes,2,Low,Low,Private,Neutral,3,No,College,Moderate,Male,69.0
30.0,66,Medium,High,No,7,61,Low,Yes,0,High,High,Private,Positive,2,No,High School,Far,Male,66.0
12.0,99,Low,Medium,No,6,94,Medium,Yes,2,Medium,Medium,Public,Neutral,3,No,Postgraduate,Moderate,Male,69.0
10.0,98,Low,Medium,Yes,6,65,Medium,Yes,1,Low,High,Private,Positive,2,No,High School,Near,Male,66.0
29.0,95,High,Medium,Yes,7,91,Low,Yes,1,Low,Medium,Public,Neutral,3,No,High School,Moderate,Female,73.0
19.0,69,Medium,Medium,Yes,6,67,Medium,No,4,High,High,Private,Positive,4,No,Postgraduate,Moderate,Male,66.0
16.0,85,Medium,High,Yes,7,91,High,Yes,0,Medium,Medium,Public,Neutral,2,No,Postgraduate,Moderate,Male,69.0
26.0,90,Medium,Low,Yes,7,84,Low,Yes,1,Medium,Medium,Public,Positive,3,No,High School,Moderate,Male,70.0
16.0,99,High,Medium,Yes,5,73,High,Yes,1,Medium,Medium,Private,Positive,5,Yes,College,Far,Male,71.0
31.0,67,Low,High,Yes,5,76,Medium,Yes,2,Medium,High,Public,Positive,4,No,College,Near,Male,70.0
24.0,91,High,Low,Yes,6,59,Medium,Yes,0,Low,Medium,Private,Neutral,4,No,High School,Near,Male,69.0
17.0,74,Medium,Medium,No,9,56,Medium,Yes,1,Medium,High,Private,Negative,3,No,High School,Moderate,Male,63.0
33.0,67,High,Medium,Yes,6,86,Medium,Yes,4,Medium,High,Public,Positive,3,Yes,High School,Near,Female,71.0
16.0,77,High,High,No,7,92,Low,Yes,2,Medium,Medium,Public,Negative,2,No,College,Near,Male,67.0
24.0,92,Medium,Medium,Yes,5,86,High,Yes,3,Medium,High,Public,Neutral,2,No,High School,Near,Female,73.0
22.0,79,Low,High,Yes,6,96,Medium,Yes,1,High,Medium,Public,Neutral,2,No,College,Moderate,Male,68.0
28.0,82,Low,Medium,Yes,5,95,Medium,Yes,0,High,Low,Public,Neutral,3,No,High School,Near,Male,69.0
29.0,100,High,High,Yes,8,89,Medium,Yes,2,Medium,Medium,Private,Neutral,3,No,High School,Moderate,Female,76.0
20.0,76,Low,Medium,Yes,5,95,Medium,Yes,4,Low,High,Public,Positive,3,No,High School,Near,Male,68.0
15.0,85,Medium,Medium,No,8,58,High,Yes,1,Low,Medium,Private,Negative,3,No,College,Near,Male,65.0
23.0,75,Medium,Medium,Yes,8,87,Low,Yes,0,High,Low,Public,Positive,1,No,High School,Near,Female,66.0
16.0,76,Medium,Low,No,7,88,High,Yes,0,Low,Medium,Public,Positive,2,No,Postgraduate,Near,Male,65.0
32.0,88,Low,Medium,No,8,58,Low,Yes,3,Low,High,Private,Negative,3,No,High School,Moderate,Male,69.0
21.0,98,High,Medium,Yes,10,95,Medium,Yes,0,Medium,Medium,Public,Neutral,1,No,High School,Near,Male,71.0
18.0,82,High,Low,Yes,8,50,Medium,Yes,1,High,Medium,Public,Positive,3,No,High School,Moderate,Male,66.0
21.0,91,Medium,High,No,5,72,Medium,Yes,3,Low,Medium,Public,Negative,3,Yes,High School,Near,Female,69.0
12.0,64,Medium,Medium,No,9,51,Low,No,2,Low,Medium,Public,Neutral,4,No,College,Near,Male,59.0
14.0,68,Medium,High,No,7,76,Medium,Yes,2,High,Medium,Public,Positive,3,No,High School,Near,Male,65.0
27.0,80,High,High,No,10,71,High,Yes,4,Low,Low,Public,Neutral,2,No,College,Near,Male,72.0
16.0,61,Medium,Low,Yes,6,81,Medium,Yes,0,Medium,Medium,Public,Negative,2,No,College,Near,Male,60.0
14.0,70,Medium,Medium,Yes,9,88,Low,Yes,0,High,Medium,Private,Positive,4,No,College,Moderate,Female,64.0
23.0,81,Medium,Medium,No,7,88,Low,Yes,1,Low,Medium,Public,Positive,4,No,Postgraduate,Near,Male,69.0
27.0,61,High,High,Yes,10,86,Medium,Yes,3,Medium,High,Private,Positive,3,No,High School,Near,Female,70.0
24.0,71,Medium,High,Yes,7,55,Low,Yes,2,High,Medium,Public,Positive,3,No,College,Far,Male,67.0
26.0,81,Medium,Medium,No,10,71,Low,Yes,0,Medium,Medium,Private,Positive,5,Yes,High School,Near,Female,67.0
15.0,83,Medium,Low,Yes,8,91,Medium,Yes,0,Low,Medium,Private,Neutral,3,No,College,Far,Male,64.0
11.0,97,Medium,Medium,Yes,8,83,Low,Yes,4,Medium,High,Private,Negative,2,No,High School,Far,Male,68.0
29.0,86,Medium,High,No,10,84,Low,Yes,1,Low,High,Private,Positive,4,No,High School,Near,Female,72.0
18.0,77,Medium,High,Yes,6,61,Medium,Yes,1,Low,Medium,Private,Neutral,3,No,High School,Near,Female,65.0
18.0,97,Medium,High,No,8,66,Low,Yes,2,Medium,Medium,Public,Neutral,2,No,College,Moderate,Male,70.0
28.0,91,High,Medium,No,7,98,Low,Yes,2,Low,Medium,Private,Positive,5,No,Postgraduate,Near,Male,75.0
23.0,68,Low,Low,Yes,7,92,Medium,No,3,Low,High,Private,Neutral,4,No,High School,Near,Male,65.0
23.0,65,Medium,High,Yes,7,58,Low,Yes,1,Low,Medium,Public,Neutral,3,Yes,College,Moderate,Female,63.0
33.0,87,Medium,High,No,8,77,Low,Yes,0,Low,Medium,Private,Positive,3,Yes,High School,Near,Male,71.0
16.0,82,Medium,Low,Yes,8,75,Medium,Yes,2,Medium,Medium,Public,Positive,2,No,College,Near,Female,66.0
26.0,92,Medium,Low,Yes,6,72,Medium,Yes,1,Low,Medium,Private,Neutral,3,No,High School,Moderate,Female,69.0
20.0,90,High,Medium,No,7,74,Low,No,0,High,Low,Private,Positive,3,No,Postgraduate,Moderate,Female,68.0
22.0,85,Medium,High,No,4,82,Medium,Yes,1,Medium,High,Public,Positive,2,No,Postgraduate,Near,Male,71.0
29.0,99,High,Medium,Yes,8,98,High,No,5,Low,Low,Public,Neutral,2,No,Postgraduate,Near,Male,77.0
23.0,81,High,Low,Yes,10,94,High,Yes,1,Medium,High,Public,Neutral,2,No,College,Near,Female,70.0
23.0,65,Medium,Medium,No,7,94,Medium,Yes,1,High,Medium,Public,Negative,3,No,College,Near,Female,66.0
26.0,93,High,Medium,No,5,85,Low,Yes,1,High,High,Public,Positive,3,No,College,Moderate,Female,73.0
18.0,70,Medium,Medium,Yes,8,51,Medium,Yes,1,Low,Medium,Private,Negative,3,No,College,Moderate,Male,62.0
15.0,91,Medium,Medium,No,6,72,Low,Yes,0,Medium,Medium,Public,Neutral,2,No,High School,Moderate,Female,65.0
14.0,98,High,High,Yes,7,76,Medium,Yes,0,Low,Medium,Public,Neutral,2,No,Postgraduate,Near,Male,71.0
8.0,88,Medium,Medium,Yes,8,92,High,Yes,1,Low,Medium,Public,Negative,4,No,College,Near,Male,66.0
32.0,84,Low,Medium,Yes,8,96,Medium,Yes,1,Low,Medium,Public,Positive,3,No,High School,Near,Female,72.0
13.0,78,Medium,Medium,Yes,9,73,Medium,Yes,0,Medium,High,Private,Negative,4,No,High School,Near,Male,64.0
19.0,75,Medium,Medium,No,7,65,Low,Yes,0,Low,Low,Private,Neutral,4,No,High School,Near,Female,63.0
18.0,74,Low,Medium,Yes,7,67,Low,Yes,0,Low,Medium,Public,Positive,3,No,High School,Near,Male,63.0
22.0,85,High,Medium,No,8,79,High,Yes,5,Medium,High,Public,Neutral,2,No,High School,Near,Female,72.0
25.0,90,Medium,Medium,Yes,7,64,Medium,Yes,2,Medium,High,Public,Positive,2,No,High School,Moderate,Male,71.0
25.0,87,High,High,Yes,6,96,Low,No,3,Medium,Medium,Public,Positive,2,No,High School,Moderate,Female,72.0
17.0,68,Medium,High,Yes,8,71,Medium,Yes,1,Medium,High,Private,Neutral,2,No,High School,Near,Male,65.0
19.0,80,Medium,Medium,Yes,5,100,Medium,Yes,0,Medium,Medium,Public,Neutral,3,No,High School,Near,Female,67.0
22.0,92,Low,High,Yes,7,55,Low,Yes,1,Low,Medium,Public,Positive,4,No,High School,Moderate,Female,68.0
19.0,79,Medium,High,Yes,5,59,Medium,Yes,2,Low,Medium,Private,Neutral,2,No,Postgraduate,Far,Male,66.0
30.0,81,Medium,High,No,6,76,Medium,Yes,0,High,Medium,Public,Positive,3,No,Postgraduate,Near,Male,72.0
23.0,91,High,Medium,No,6,93,Medium,Yes,3,Low,Low,Public,Neutral,3,No,High School,Moderate,Female,71.0
24.0,86,Medium,High,No,6,68,Low,Yes,3,Low,High,Public,Positive,3,Yes,College,Moderate,Female,70.0
24.0,76,Medium,Medium,No,9,92,Medium,Yes,1,Medium,Low,Public,Neutral,3,No,Postgraduate,Near,Female,68.0
27.0,96,Medium,High,No,9,71,Low,Yes,0,Low,Medium,Private,Positive,4,No,College,Near,Female,72.0
21.0,67,Low,Medium,Yes,9,93,High,Yes,1,Low,High,Public,Neutral,3,No,College,Near,Male,66.0
12.0,100,Medium,Medium,No,7,64,Medium,Yes,1,Medium,High,Public,Positive,6,No,High School,Near,Male,69.0
22.0,65,Low,Medium,Yes,6,74,High,Yes,2,Medium,Medium,Public,Positive,1,No,College,Near,Male,65.0
16.0,61,High,High,No,8,64,Medium,Yes,1,Low,High,Public,Positive,3,No,High School,Far,Male,62.0
17.0,96,High,High,No,7,61,Low,Yes,1,Low,High,Public,Positive,1,No,College,Moderate,Female,69.0
24.0,70,Medium,Medium,Yes,7,71,Medium,Yes,1,Medium,Low,Public,Negative,4,No,High School,Near,Male,65.0
27.0,89,Medium,Low,No,4,67,Medium,Yes,2,Low,Low,Private,Neutral,4,No,College,Near,Female,69.0
20.0,92,Low,High,Yes,8,89,Medium,Yes,1,Low,Medium,Public,Neutral,3,No,High School,Moderate,Female,69.0
22.0,94,High,Medium,Yes,8,87,Medium,Yes,2,Low,Medium,Private,Neutral,5,No,College,Near,Female,73.0
30.0,100,High,Medium,Yes,7,68,Low,Yes,2,Medium,Medium,Private,Neutral,2,No,Postgraduate,Near,Female,75.0
21.0,72,High,High,Yes,8,100,Medium,Yes,3,Low,High,Private,Positive,3,No,College,Far,Male,70.0
36.0,88,Medium,High,No,8,99,High,Yes,0,Low,Medium,Private,Negative,3,No,College,Near,Female,74.0
23.0,65,Medium,Medium,Yes,6,96,Medium,Yes,0,Low,Low,Public,Positive,3,No,High School,Near,Male,65.0
9.0,76,Medium,Medium,No,7,79,Medium,Yes,1,Medium,Medium,Public,Negative,3,No,College,Near,Male,63.0
25.0,94,High,High,No,5,71,Low,Yes,4,Medium,High,Public,Negative,4,No,College,Near,Female,74.0
22.0,75,High,High,Yes,9,66,Low,Yes,0,Low,Medium,Private,Neutral,2,No,Postgraduate,Near,Male,67.0
28.0,84,Medium,Medium,Yes,8,51,Medium,No,3,Medium,Medium,Public,Positive,4,No,Postgraduate,Near,Female,71.0
24.0,80,High,Low,Yes,6,82,Medium,Yes,1,Low,High,Public,Neutral,3,No,College,Moderate,Female,68.0
19.0,86,High,Medium,No,8,78,Medium,Yes,2,Medium,Medium,Public,Negative,4,No,College,Near,Female,69.0
13.0,99,Medium,High,No,7,81,Medium,Yes,0,Medium,Medium,Public,Positive,4,No,Postgraduate,Near,Male,71.0
19.0,62,High,Medium,Yes,6,79,Low,Yes,7,Medium,Medium,Public,Neutral,2,No,High School,Near,Female,66.0
15.0,83,Medium,Medium,Yes,7,57,Low,Yes,0,Medium,Medium,Private,Positive,3,No,Postgraduate,Near,Male,65.0
17.0,95,Medium,Low,Yes,8,85,Low,No,1,Low,High,Private,Negative,2,No,College,Moderate,Female,66.0
24.0,79,Low,Low,Yes,8,68,High,Yes,2,Low,Medium,Private,Negative,2,No,High School,Near,Male,65.0
30.0,63,Medium,Medium,No,10,76,Medium,Yes,1,Medium,Medium,Public,Neutral,4,No,Postgraduate,Moderate,Female,67.0
22.0,82,High,Medium,No,7,68,High,Yes,2,Low,Medium,Private,Neutral,4,No,Postgraduate,Near,Male,70.0
13.0,73,Medium,Medium,Yes,7,51,Medium,Yes,1,Low,Medium,Public,Positive,4,No,Postgraduate,Near,Male,63.0
23.0,66,Low,Low,No,8,94,Low,Yes,1,Medium,High,Private,Neutral,3,No,Postgraduate,Moderate,Male,64.0
27.0,94,Medium,Medium,Yes,7,57,Medium,Yes,1,Medium,Medium,Private,Neutral,1,No,High School,Near,Male,71.0
16.0,81,Medium,High,Yes,6,79,Medium,Yes,2,Low,High,Public,Positive,3,No,College,Moderate,Female,68.0
19.0,97,Medium,Low,No,6,94,Medium,Yes,2,High,Medium,Public,Neutral,4,No,Postgraduate,Near,Male,72.0
20.0,92,Medium,High,Yes,4,61,Medium,Yes,2,High,Medium,Public,Neutral,4,No,College,Near,Male,71.0
15.0,88,Low,Low,Yes,8,71,Medium,No,1,Low,Low,Private,Positive,2,No,Postgraduate,Moderate,Male,64.0
24.0,60,High,Low,Yes,5,69,Medium,Yes,1,Medium,High,Public,Neutral,5,No,High School,Moderate,Male,64.0
19.0,77,High,Medium,Yes,6,54,Low,Yes,3,High,Medium,Private,Negative,2,No,College,Moderate,Male,66.0
23.0,68,Medium,High,Yes,7,71,High,Yes,3,Medium,Medium,Public,Positive,3,No,High School,Moderate,Female,68.0
15.0,96,High,Medium,No,7,74,Medium,Yes,2,Low,Low,Private,Positive,2,No,High School,Far,Male,68.0
17.0,67,High,Medium,Yes,10,51,Medium,Yes,3,Low,Medium,Public,Positive,5,No,High School,Near,Male,65.0
24.0,71,Medium,Medium,Yes,5,74,Medium,Yes,1,Medium,Medium,Private,Positive,3,No,High School,Near,Male,67.0
18.0,81,Medium,Low,Yes,10,55,Low,Yes,3,Low,Medium,Public,Negative,2,No,High School,Near,Male,64.0
30.0,71,High,Medium,Yes,9,95,High,No,1,Medium,Medium,Public,Neutral,4,No,College,Near,Male,70.0
18.0,68,Medium,High,Yes,8,83,Low,Yes,1,Low,Medium,Public,Positive,2,No,College,Near,Male,65.0
21.0,84,Medium,Low,No,9,53,Low,Yes,2,Medium,High,Public,Negative,3,No,High School,Moderate,Female,65.0
26.0,64,High,Medium,No,8,91,High,Yes,1,Medium,Medium,Public,Positive,4,No,High School,Near,Male,68.0
11.0,62,Medium,High,Yes,4,68,Medium,Yes,2,High,Medium,Public,Negative,3,No,High School,Moderate,Male,61.0
9.0,75,High,Low,No,8,61,High,Yes,3,Medium,Medium,Public,Neutral,3,No,High School,Near,Male,63.0
11.0,89,Medium,Medium,Yes,5,63,Medium,Yes,0,Medium,Medium,Public,Neutral,2,No,College,Near,Female,65.0
28.0,82,Medium,Medium,Yes,6,80,Medium,Yes,1,Low,Medium,Private,Neutral,5,No,High School,Far,Female,69.0
17.0,77,Medium,Medium,No,7,54,Low,Yes,1,Low,High,Public,Positive,2,No,College,Near,Male,64.0
35.0,83,Medium,Low,No,6,53,Medium,Yes,1,Low,Medium,Private,Neutral,2,No,High School,Near,Female,69.0
17.0,75,High,Medium,Yes,8,81,Low,Yes,3,High,Medium,Public,Neutral,3,Yes,Postgraduate,Near,Male,67.0
21.0,97,Medium,High,Yes,7,99,High,Yes,1,Medium,High,Public,Neutral,1,No,Postgraduate,Moderate,Male,74.0
29.0,62,High,Medium,Yes,8,74,Medium,Yes,1,Low,Medium,Private,Negative,3,Yes,College,Near,Male,66.0
32.0,87,Medium,High,Yes,7,71,Medium,Yes,0,High,Low,Public,Neutral,4,Yes,College,Near,Male,72.0
32.0,96,Medium,Low,Yes,7,97,Low,Yes,1,Low,Medium,Public,Neutral,5,No,College,Moderate,Male,73.0
27.0,92,High,Medium,No,6,62,High,Yes,0,Medium,High,Public,Positive,4,No,College,Near,Male,73.0
26.0,67,Low,Medium,Yes,5,62,High,Yes,0,Medium,Medium,Public,Negative,2,No,High School,Moderate,Male,63.0
24.0,72,High,Medium,Yes,7,95,Medium,Yes,3,Low,Medium,Public,Negative,2,No,Postgraduate,Near,Male,69.0
25.0,89,Low,Low,Yes,6,82,High,Yes,2,Low,Medium,Public,Neutral,6,No,Postgraduate,Near,Male,71.0
17.0,63,High,Medium,No,9,53,High,Yes,1,Low,High,Public,Neutral,4,No,College,Moderate,Male,63.0
15.0,92,Medium,High,Yes,5,84,Medium,Yes,0,High,Low,Public,Positive,5,No,High School,Moderate,Female,69.0
20.0,89,High,High,Yes,10,91,Low,Yes,3,Medium,Medium,Private,Neutral,3,No,College,Moderate,Male,72.0
19.0,89,High,Low,Yes,7,64,Medium,Yes,2,Low,Medium,Public,Positive,4,Yes,Postgraduate,Moderate,Female,68.0
17.0,64,Low,High,No,7,69,Medium,Yes,1,Medium,Medium,Public,Negative,3,No,High School,Near,Female,62.0
24.0,89,Low,High,Yes,6,60,Medium,Yes,1,Low,Medium,Private,Neutral,2,No,High School,Near,Male,68.0
26.0,87,Medium,Medium,Yes,8,82,High,Yes,1,Low,Medium,Public,Negative,2,No,Postgraduate,Near,Male,71.0
21.0,93,Medium,Low,Yes,7,83,Low,No,1,High,High,Public,Neutral,3,Yes,High School,Moderate,Male,67.0
29.0,62,Low,High,Yes,7,53,High,Yes,0,Low,Medium,Private,Positive,3,No,College,Moderate,Female,65.0
13.0,61,Low,Medium,Yes,8,84,High,No,1,Medium,High,Public,Neutral,3,Yes,Postgraduate,Far,Male,60.0
19.0,75,Medium,High,Yes,8,83,High,Yes,2,High,Medium,Public,Neutral,2,No,High School,Near,Male,68.0
16.0,66,Low,Medium,Yes,9,52,Medium,Yes,1,Medium,Low,Public,Negative,3,Yes,High School,Near,Male,59.0
9.0,82,High,Medium,No,8,78,Medium,Yes,0,High,Medium,Public,Neutral,0,No,High School,Moderate,Female,64.0
20.0,97,High,Medium,Yes,6,81,High,Yes,2,Low,Low,Public,Neutral,3,No,High School,Moderate,Male,71.0
19.0,76,High,High,No,4,72,Low,Yes,2,High,Medium,Public,Neutral,2,No,College,Moderate,Female,68.0
29.0,94,Low,Medium,Yes,7,95,Medium,No,2,Low,Medium,Public,Neutral,3,Yes,College,Moderate,Male,70.0
24.0,60,Low,Low,No,7,66,Medium,Yes,1,Medium,High,Public,Neutral,4,No,College,Near,Female,62.0
14.0,67,Medium,Medium,No,10,53,Medium,Yes,2,High,Medium,Public,Neutral,3,No,College,Near,Male,62.0
31.0,61,High,Medium,No,7,84,Medium,Yes,2,Medium,Medium,Private,Neutral,3,No,High School,Near,Male,68.0
27.0,73,Medium,Medium,No,8,80,Low,Yes,3,Medium,Medium,Private,Negative,3,No,High School,Near,Female,68.0
23.0,96,Medium,Medium,Yes,8,99,High,Yes,3,Low,Low,Public,Positive,4,No,High School,Near,Female,74.0
19.0,64,Low,Medium,No,8,62,Medium,Yes,0,High,Medium,Public,Positive,4,Yes,College,Near,Male,61.0
14.0,84,Medium,Medium,Yes,8,70,Medium,Yes,1,Low,High,Public,Neutral,5,No,College,Near,Male,67.0
18.0,78,Medium,Low,No,6,73,Medium,Yes,1,High,High,Public,Positive,2,No,High School,Moderate,Female,65.0
27.0,98,Low,Medium,Yes,6,93,Low,No,5,High,High,Public,Positive,3,No,High School,Moderate,Female,67.0
31.0,65,Medium,Low,Yes,7,71,Medium,Yes,1,Low,Medium,Public,Neutral,4,No,High School,Moderate,Male,65.0
29.0,68,Medium,Medium,No,4,89,Medium,Yes,0,Medium,Medium,Private,Neutral,4,Yes,College,Near,Male,67.0
17.0,61,Medium,High,Yes,7,58,Low,Yes,2,Low,Medium,Public,Positive,3,Yes,High School,Near,Female,61.0
13.0,77,Medium,Medium,No,6,70,Medium,Yes,3,Medium,High,Public,Neutral,4,Yes,High School,Near,Male,64.0
21.0,71,High,Low,No,7,58,High,Yes,1,Medium,High,Public,Positive,3,Yes,College,Far,Female,64.0
9.0,95,Medium,Medium,Yes,7,97,Medium,Yes,1,Low,Low,Public,Neutral,2,No,College,Near,Male,67.0
22.0,84,Medium,Medium,Yes,5,59,Medium,Yes,0,High,High,Private,Positive,3,No,College,Near,Female,69.0
19.0,85,High,Medium,Yes,9,71,Low,Yes,1,Medium,High,Public,Positive,2,No,Postgraduate,Moderate,Female,69.0
17.0,81,High,Medium,No,7,54,Medium,Yes,4,Low,Medium,Public,Positive,3,No,High School,Near,Female,67.0
10.0,64,Medium,High,No,8,96,Medium,Yes,1,Medium,Medium,Public,Neutral,3,No,High School,Moderate,Male,62.0
23.0,78,Low,High,No,7,81,Medium,Yes,0,Low,Medium,Private,Neutral,1,No,High School,Near,Male,66.0
17.0,100,High,Medium,No,8,98,Low,Yes,0,Medium,High,Public,Positive,4,No,College,Near,Male,72.0
13.0,93,Medium,Medium,Yes,5,52,Low,Yes,2,Medium,Medium,Public,Positive,3,No,College,Near,Female,67.0
20.0,96,High,High,Yes,9,59,Medium,Yes,2,Low,Medium,Public,Negative,3,No,College,Moderate,Female,66.0
20.0,93,Low,Low,Yes,8,69,Medium,Yes,2,Low,Medium,Public,Neutral,4,No,High School,Moderate,Male,67.0
31.0,64,High,Low,Yes,7,81,Low,Yes,1,Medium,Medium,Public,Positive,4,No,High School,Near,Female,67.0
30.0,69,Medium,Medium,Yes,7,66,Medium,Yes,0,Medium,Low,Public,Positive,4,No,Postgraduate,Near,Female,68.0
17.0,60,High,Medium,Yes,9,86,Medium,Yes,0,Low,High,Public,Positive,2,No,High School,Near,Male,63.0
16.0,72,Medium,High,No,6,58,Low,Yes,1,Medium,Medium,Public,Negative,2,No,High School,Far,Male,62.0
23.0,64,High,Medium,Yes,5,80,Low,Yes,3,Medium,High,Public,Negative,2,Yes,College,Moderate,Female,65.0
14.0,79,Medium,Medium,Yes,6,70,Medium,Yes,1,Low,Medium,Public,Positive,6,No,College,Moderate,Male,65.0
22.0,87,Medium,High,Yes,7,75,Medium,Yes,0,Medium,High,Public,Positive,2,Yes,College,Near,Female,70.0
25.0,95,Low,Medium,No,7,78,Medium,Yes,7,Low,Medium,Public,Positive,4,No,High School,Near,Male,73.0
27.0,90,High,Medium,Yes,9,53,Medium,Yes,1,Medium,High,Public,Positive,2,No,Postgraduate,Near,Female,73.0
19.0,98,Medium,Low,Yes,6,96,Medium,No,2,Low,Medium,Private,Negative,2,No,High School,Moderate,Male,68.0
19.0,62,Medium,Low,No,6,89,High,Yes,3,Medium,Medium,Public,Positive,1,No,High School,Moderate,Male,63.0
15.0,60,Medium,Low,Yes,5,72,High,Yes,2,High,High,Public,Positive,2,No,High School,Near,Male,62.0
15.0,86,High,Medium,Yes,8,77,Medium,Yes,0,Medium,Medium,Public,Positive,3,No,Postgraduate,Near,Male,69.0
19.0,72,Medium,High,No,5,52,Medium,Yes,2,Medium,Medium,Public,Neutral,3,No,Postgraduate,Near,Male,66.0
22.0,70,Medium,High,Yes,8,75,High,Yes,0,Medium,Medium,Private,Positive,3,No,Postgraduate,Near,Male,68.0
25.0,73,High,Medium,Yes,6,71,Low,Yes,0,Low,Medium,Private,Positive,3,No,College,Far,Female,67.0
15.0,71,High,High,Yes,6,69,Low,Yes,2,Low,High,Private,Negative,4,No,College,Near,Female,65.0
29.0,80,Low,Medium,Yes,10,91,High,No,1,High,Medium,Public,Positive,3,No,College,Moderate,Male,70.0
18.0,78,Low,Medium,Yes,9,59,High,No,0,High,High,Private,Positive,1,No,High School,Moderate,Female,64.0
20.0,80,Low,Low,Yes,7,59,High,Yes,2,Medium,High,Private,Neutral,3,No,High School,Moderate,Male,65.0
16.0,87,Medium,Medium,No,5,76,High,Yes,1,Low,High,Private,Neutral,2,No,Postgraduate,Far,Female,67.0
5.0,75,Medium,Low,Yes,10,84,Medium,Yes,0,High,Medium,Private,Neutral,4,No,Postgraduate,Moderate,Female,62.0
25.0,70,Medium,Medium,Yes,7,51,High,Yes,3,Low,Medium,Public,Positive,4,No,High School,Moderate,Male,66.0
24.0,67,High,High,Yes,7,77,Low,Yes,0,High,Medium,Public,Positive,2,No,College,Near,Female,68.0
18.0,74,Medium,Low,No,8,65,High,Yes,0,Medium,High,Public,Positive,4,No,College,Moderate,Female,64.0
20.0,90,High,Low,No,4,88,Medium,Yes,3,Low,Medium,Public,Negative,3,No,High School,Moderate,Male,69.0
23.0,90,Medium,Medium,Yes,6,73,Low,No,1,High,Medium,Private,Positive,2,No,High School,Near,Female,69.0
11.0,87,Medium,Medium,Yes,7,92,Medium,Yes,1,Medium,Medium,Public,Positive,5,No,High School,Moderate,Female,67.0
17.0,69,Medium,Medium,Yes,7,70,Low,Yes,0,Low,High,Public,Neutral,3,Yes,College,Moderate,Male,61.0
25.0,84,High,Medium,Yes,5,91,Low,Yes,1,Medium,Medium,Public,Positive,4,Yes,Postgraduate,Moderate,Female,70.0
12.0,83,Low,Medium,Yes,7,86,Low,Yes,1,High,Medium,Public,Negative,4,No,College,Near,Female,65.0
22.0,79,Medium,Medium,Yes,7,91,Low,Yes,0,Low,Medium,Public,Positive,4,Yes,College,Moderate,Male,66.0
12.0,82,Low,Medium,Yes,10,91,Medium,Yes,3,Low,Medium,Public,Negative,3,No,Postgraduate,Near,Male,66.0
23.0,80,Medium,High,Yes,9,74,Medium,Yes,4,Medium,Medium,Public,Negative,3,No,High School,Moderate,Male,69.0
20.0,83,Medium,Medium,Yes,7,68,High,Yes,1,Medium,Medium,Public,Positive,1,No,High School,Near,Female,67.0
10.0,89,High,High,Yes,7,88,Medium,Yes,2,High,Medium,Private,Positive,2,No,Postgraduate,Near,Female,71.0
27.0,64,High,High,Yes,9,68,High,Yes,1,Low,High,Private,Neutral,4,No,High School,Near,Male,68.0
16.0,90,Medium,Medium,No,7,54,High,No,2,Medium,Medium,Public,Positive,3,No,High School,Near,Female,67.0
15.0,65,High,Medium,No,5,93,Low,Yes,2,Low,Medium,Public,Neutral,4,Yes,High School,Near,Female,63.0
21.0,63,Medium,Medium,No,10,70,Low,Yes,1,High,High,Private,Positive,2,No,College,Near,Female,64.0
27.0,99,High,Medium,Yes,6,57,Medium,Yes,3,Low,Medium,Public,Neutral,3,No,College,Moderate,Male,73.0
14.0,98,Medium,Medium,Yes,10,82,High,Yes,1,Low,Medium,Private,Positive,3,No,High School,Moderate,Male,69.0
20.0,62,High,Low,No,8,94,High,Yes,1,Medium,Medium,Public,Positive,3,No,High School,Near,Female,65.0
23.0,78,High,Low,Yes,6,93,Medium,Yes,0,Medium,High,Private,Positive,5,No,Postgraduate,Near,Male,70.0
24.0,67,High,Medium,Yes,4,78,Low,Yes,1,Low,High,Public,Positive,2,No,High School,Near,Female,67.0
21.0,79,Medium,Low,Yes,8,54,High,Yes,3,Low,Medium,Public,Positive,3,No,Postgraduate,Moderate,Female,67.0
18.0,93,Medium,High,Yes,5,85,Medium,Yes,0,Low,Medium,Public,Positive,3,No,High School,Near,Male,70.0
15.0,98,High,Low,No,8,80,Low,No,2,High,High,Public,Negative,2,No,Postgraduate,Near,Female,69.0
21.0,85,High,Medium,No,10,61,High,Yes,2,Medium,Medium,Public,Neutral,2,Yes,High School,Near,Male,68.0
14.0,74,Medium,High,No,5,95,High,Yes,1,Low,High,Public,Positive,3,Yes,College,Near,Male,66.0
20.0,84,Low,High,No,8,54,Low,Yes,3,Low,Low,Public,Positive,4,No,High School,Near,Male,62.0
23.0,72,Medium,Medium,Yes,6,69,Low,Yes,2,High,Medium,Public,Positive,4,No,High School,Near,Male,67.0
25.0,96,Medium,Low,Yes,9,55,High,Yes,2,Medium,High,Public,Neutral,4,No,High School,Moderate,Male,71.0
6.0,95,High,Medium,Yes,7,96,Medium,Yes,4,Low,Medium,Public,Neutral,2,No,High School,Moderate,Female,68.0
14.0,82,High,Medium,Yes,7,52,High,Yes,3,Low,Medium,Public,Negative,2,No,High School,Near,Female,66.0
24.0,73,Low,Medium,Yes,9,71,High,Yes,0,Low,Medium,Public,Neutral,3,No,High School,Moderate,Male,64.0
32.0,72,High,Medium,Yes,8,93,Low,Yes,1,Low,Medium,Private,Neutral,4,No,Postgraduate,Near,Female,71.0
20.0,61,Low,Low,Yes,6,63,Medium,Yes,1,Medium,High,Public,Positive,4,No,College,Far,Male,61.0
16.0,93,Medium,High,No,10,55,Medium,No,2,Low,Medium,Public,Neutral,2,No,College,Near,Male,67.0
19.0,78,Medium,Low,Yes,5,56,Low,Yes,3,High,Medium,Public,Neutral,4,No,College,Moderate,Female,65.0
28.0,73,High,Medium,Yes,7,70,Low,No,0,Low,Medium,Private,Negative,6,No,College,Moderate,Female,66.0
16.0,79,High,High,Yes,6,71,Medium,Yes,2,Low,High,Public,Neutral,4,No,High School,Near,Female,68.0
15.0,93,Medium,Medium,No,5,86,Medium,Yes,0,Low,Medium,Public,Neutral,2,No,College,Far,Male,66.0
17.0,65,Medium,Medium,No,5,62,Medium,Yes,2,Medium,Medium,Public,Positive,4,No,High School,Near,Female,63.0
14.0,94,Low,Low,Yes,7,85,Low,Yes,1,High,Medium,Public,Neutral,3,No,High School,Moderate,Female,66.0
21.0,96,Medium,High,No,8,100,Medium,Yes,1,High,Medium,Private,Positive,2,No,College,Near,Female,73.0
30.0,98,Medium,Low,Yes,9,93,Medium,Yes,1,Low,Low,Private,Positive,3,No,High School,Near,Male,88.0
22.0,76,Medium,Medium,No,9,82,High,Yes,0,Medium,High,Private,Neutral,4,No,High School,Near,Male,67.0
18.0,69,High,High,Yes,7,97,Medium,Yes,2,Medium,Medium,Public,Positive,2,No,College,Near,Female,69.0
18.0,75,Medium,Low,Yes,6,100,High,Yes,2,Low,Medium,Public,Positive,3,No,High School,Near,Female,67.0
11.0,73,Medium,High,Yes,9,79,Medium,Yes,1,Low,High,Public,Neutral,2,No,High School,Near,Male,64.0
25.0,67,Medium,High,Yes,6,64,Medium,No,0,Low,Medium,Public,Neutral,2,No,High School,Moderate,Male,64.0
20.0,84,Low,Medium,No,5,96,Low,Yes,1,Low,Medium,Public,Negative,2,No,High School,Near,Male,65.0
19.0,79,Medium,Medium,No,8,92,High,Yes,1,Medium,High,Public,Positive,2,No,High School,Near,Male,68.0
20.0,95,Medium,High,Yes,9,54,High,Yes,2,Medium,Medium,Private,Positive,3,No,High School,Moderate,Male,77.0
22.0,61,Medium,Medium,Yes,6,97,High,Yes,0,Low,High,Public,Negative,2,Yes,High School,Near,Male,63.0
15.0,86,High,High,Yes,10,68,Medium,Yes,0,High,Medium,Public,Neutral,5,No,College,Near,Male,69.0
17.0,91,Medium,Medium,Yes,8,66,Medium,Yes,3,Medium,Low,Public,Positive,2,No,College,Near,Male,69.0
27.0,90,Medium,Low,No,8,67,Medium,Yes,2,Medium,Medium,Public,Negative,3,No,Postgraduate,Near,Male,70.0
21.0,95,High,Medium,Yes,6,66,High,Yes,1,Medium,High,Public,Positive,4,No,College,Near,Male,73.0
11.0,89,Medium,Low,Yes,9,76,Medium,Yes,1,Medium,High,Public,Neutral,3,No,Postgraduate,Far,Male,66.0
26.0,97,Medium,Low,No,5,79,High,Yes,2,Low,Low,Private,Positive,3,No,High School,Near,Female,71.0
16.0,73,Medium,Low,Yes,6,71,Medium,Yes,2,High,High,Public,Positive,5,No,College,Near,Male,66.0
31.0,80,Medium,Medium,Yes,6,71,High,Yes,2,Low,High,Public,Neutral,3,No,High School,Near,Female,71.0
26.0,61,Medium,Low,Yes,5,87,Medium,Yes,3,High,High,Public,Positive,2,Yes,High School,Near,Male,66.0
17.0,60,Medium,High,Yes,8,50,High,Yes,0,Low,High,Public,Positive,4,No,High School,Near,Female,63.0
28.0,70,High,High,Yes,8,97,Medium,Yes,5,Low,Low,Public,Negative,5,Yes,High School,Near,Male,70.0
20.0,64,High,Medium,Yes,8,86,Medium,Yes,1,Medium,Medium,Public,Neutral,2,No,Postgraduate,Near,Male,66.0
25.0,70,Medium,Medium,No,7,85,Medium,Yes,1,Medium,Medium,Public,Negative,4,No,High School,Near,Male,66.0
23.0,67,Medium,Medium,No,8,71,High,Yes,2,Medium,Medium,Public,Neutral,4,No,College,Moderate,Female,66.0
15.0,61,Medium,Medium,No,7,98,Medium,Yes,1,Medium,Medium,Public,Neutral,3,No,High School,Near,Male,62.0
16.0,96,Medium,Medium,No,6,50,High,Yes,1,Medium,High,Public,Positive,3,No,College,Near,Male,69.0
26.0,60,Low,High,Yes,6,54,Low,Yes,1,Low,Medium,Private,Positive,1,No,Postgraduate,Moderate,Male,63.0
18.0,89,Medium,Low,Yes,4,90,Low,Yes,1,High,Medium,Public,Positive,2,Yes,Postgraduate,Near,Female,68.0
18.0,66,Medium,High,No,9,87,Medium,Yes,1,Medium,Low,Private,Positive,3,No,High School,Moderate,Male,64.0
14.0,96,Low,High,Yes,9,64,High,Yes,2,Low,High,Public,Neutral,3,No,Postgraduate,Moderate,Male,69.0
23.0,96,Low,Medium,Yes,10,80,Low,Yes,3,Low,High,Public,Positive,3,No,High School,Near,Male,71.0
32.0,86,Medium,Medium,Yes,6,77,Medium,No,2,Medium,Low,Private,Negative,4,No,High School,Near,Male,71.0
14.0,87,Medium,Medium,No,6,76,Medium,Yes,1,Low,Medium,Private,Positive,4,No,College,Far,Female,66.0
20.0,60,Medium,Medium,Yes,4,80,Low,Yes,2,High,Medium,Private,Positive,3,Yes,College,Moderate,Male,63.0
28.0,99,Low,Medium,Yes,8,100,Low,Yes,0,Medium,Medium,Public,Positive,2,No,High School,Far,Male,72.0
20.0,95,Medium,Medium,Yes,8,99,Low,No,1,Low,Medium,Private,Neutral,3,No,College,Near,Female,70.0
23.0,96,Medium,Low,No,9,99,Medium,Yes,0,High,Medium,Private,Neutral,2,No,College,Near,Female,71.0
14.0,86,Low,Low,Yes,6,77,Medium,Yes,3,High,Medium,Private,Neutral,3,No,High School,Far,Male,65.0
23.0,74,Medium,Low,Yes,8,66,Low,Yes,0,High,Medium,Public,Negative,4,No,Postgraduate,Near,Female,65.0
19.0,96,Low,Medium,No,6,78,High,Yes,1,Low,Low,Public,Positive,2,No,High School,Far,Male,67.0
26.0,72,High,Medium,No,9,81,High,Yes,0,Medium,High,Public,Neutral,3,No,High School,Near,Male,68.0
27.0,83,Medium,Medium,Yes,8,66,Medium,Yes,3,Medium,Medium,Public,Positive,4,No,College,Far,Female,70.0
36.0,64,Medium,Medium,Yes,5,82,Medium,Yes,2,Medium,High,Private,Positive,2,No,High School,Near,Female,70.0
23.0,97,Low,High,Yes,7,81,Low,Yes,2,Medium,High,Public,Neutral,3,No,High School,Near,Male,72.0
22.0,66,Medium,High,No,4,95,Medium,Yes,1,Low,Low,Public,Neutral,5,No,College,Moderate,Male,65.0
21.0,69,Medium,Medium,Yes,5,62,High,Yes,2,Low,Medium,Public,Positive,3,No,High School,Near,Male,65.0
18.0,82,High,Medium,Yes,5,85,High,Yes,3,Medium,High,Private,Neutral,4,No,Postgraduate,Near,Male,71.0
22.0,91,High,High,Yes,6,73,Low,Yes,3,High,Medium,Public,Positive,4,No,Postgraduate,Near,Male,74.0
18.0,85,Low,Medium,No,7,56,Low,Yes,0,Low,Medium,Private,Positive,4,No,High School,Moderate,Male,64.0
21.0,69,Medium,Medium,No,7,66,High,Yes,1,Medium,Medium,Private,Neutral,4,No,High School,Far,Female,64.0
28.0,60,Medium,High,Yes,7,53,Low,Yes,3,Low,Medium,Private,Neutral,3,No,High School,Near,Female,65.0
14.0,90,Low,Medium,Yes,7,66,Medium,Yes,1,Medium,Medium,Public,Neutral,5,No,College,Near,Male,67.0
27.0,99,High,Medium,No,7,53,Low,Yes,2,Low,High,Public,Neutral,3,No,College,Near,Male,73.0
28.0,92,Low,High,No,5,96,High,Yes,1,Medium,Low,Public,Neutral,3,No,College,Moderate,Male,72.0
19.0,78,Medium,Medium,No,7,55,Low,Yes,0,Medium,Medium,Public,Positive,3,No,College,Near,Male,65.0
7.0,96,Medium,High,No,9,91,Medium,Yes,0,Low,Medium,Public,Neutral,4,No,College,Near,Male,67.0
16.0,76,Medium,Medium,Yes,7,95,Low,Yes,2,Medium,Medium,Public,Negative,3,No,High School,Near,Female,66.0
28.0,81,High,Medium,Yes,8,73,Low,Yes,0,Medium,High,Public,Negative,3,No,Postgraduate,Near,Male,70.0
20.0,79,High,Medium,No,8,53,Medium,Yes,2,Medium,Medium,Private,Neutral,3,No,High School,Moderate,Female,66.0
14.0,78,High,High,Yes,8,80,Low,Yes,1,Medium,Medium,Public,Neutral,1,No,High School,Near,Female,66.0
17.0,91,Medium,Low,Yes,7,62,Low,Yes,3,High,Medium,Public,Negative,3,No,Postgraduate,Near,Male,68.0
25.0,81,Low,Medium,Yes,8,59,Low,Yes,3,Low,Medium,Public,Positive,4,No,College,Near,Male,68.0
23.0,73,High,High,No,8,78,Low,Yes,0,High,Medium,Public,Neutral,4,No,High School,Moderate,Female,67.0
19.0,70,High,Medium,Yes,8,68,High,No,1,Low,Medium,Public,Positive,3,No,College,Near,Female,65.0
18.0,62,Medium,Low,Yes,8,87,Medium,Yes,4,Low,Medium,Public,Positive,4,No,College,Near,Female,64.0
18.0,83,High,Medium,No,5,80,High,Yes,1,High,High,Public,Positive,2,No,College,Near,Male,70.0
14.0,69,Low,Medium,No,5,91,Medium,Yes,0,High,Medium,Public,Positive,3,No,College,Moderate,Male,63.0
30.0,66,Medium,High,No,6,53,Low,No,2,Low,Medium,Public,Positive,2,No,High School,Near,Male,65.0
18.0,86,Low,Medium,Yes,9,62,Medium,Yes,4,Medium,Medium,Public,Negative,2,Yes,Postgraduate,Near,Female,67.0
27.0,87,Medium,Medium,Yes,7,78,Low,Yes,3,Low,Medium,Private,Negative,5,No,High School,Near,Female,71.0
29.0,90,High,Medium,Yes,7,94,Medium,Yes,1,Low,Low,Private,Neutral,4,No,High School,Near,Female,73.0
26.0,80,Medium,Medium,No,4,91,Low,Yes,1,Low,Medium,Private,Neutral,3,No,High School,Far,Male,67.0
17.0,96,High,Medium,Yes,7,84,Medium,Yes,2,Low,High,Private,Positive,3,No,College,Near,Female,72.0
22.0,97,Medium,Medium,No,7,79,High,Yes,2,Medium,High,Public,Positive,0,No,High School,Far,Male,71.0
20.0,92,Medium,High,Yes,4,82,High,Yes,0,Medium,Medium,Public,Neutral,4,No,Postgraduate,Near,Male,72.0
15.0,85,High,High,Yes,7,61,Medium,Yes,1,Medium,High,Public,Negative,3,No,High School,Near,Male,68.0
22.0,72,Low,Low,Yes,5,80,Medium,Yes,2,Low,High,Public,Neutral,3,No,College,Near,Female,65.0
13.0,99,High,Medium,No,6,75,Low,Yes,1,Medium,Medium,Public,Positive,4,Yes,College,Far,Female,68.0
27.0,71,Medium,Low,No,8,69,Medium,Yes,1,High,Medium,Public,Positive,4,No,College,Near,Male,67.0
17.0,68,Medium,Medium,No,7,94,High,Yes,1,High,Medium,Private,Neutral,4,No,College,Moderate,Female,66.0
21.0,78,Medium,Low,Yes,6,91,Medium,Yes,0,Medium,Low,Private,Neutral,1,Yes,High School,Near,Male,64.0
22.0,62,High,Medium,No,6,54,Medium,Yes,3,Low,Medium,Private,Neutral,3,No,Postgraduate,Near,Male,65.0
18.0,99,Medium,Medium,No,6,99,Medium,Yes,0,Low,Medium,Public,Neutral,3,No,High School,Moderate,Male,69.0
24.0,84,Medium,Medium,Yes,7,61,Medium,Yes,2,Medium,Medium,Public,Positive,2,No,High School,Far,Male,68.0
17.0,82,High,High,No,5,61,Medium,Yes,3,Medium,Medium,Public,Neutral,4,No,Postgraduate,Near,Male,69.0
25.0,86,Medium,Medium,Yes,9,97,Low,Yes,1,High,Medium,Private,Neutral,3,No,High School,Moderate,Male,70.0
12.0,80,High,Medium,No,5,72,Medium,Yes,1,High,Medium,Private,Positive,4,Yes,High School,Near,Female,65.0
21.0,61,Medium,Medium,No,4,90,Low,Yes,2,Medium,Low,Public,Neutral,3,No,High School,Near,Male,63.0
32.0,84,Low,Medium,Yes,8,64,Medium,Yes,1,Low,High,Private,Positive,3,No,College,Near,Female,71.0
14.0,89,Medium,High,Yes,6,94,Low,Yes,0,Low,Medium,Private,Neutral,2,No,Postgraduate,Near,Male,68.0
16.0,77,Medium,Medium,Yes,7,92,High,Yes,5,Low,High,Public,Positive,3,No,Postgraduate,Near,Female,70.0
23.0,90,Medium,High,Yes,8,76,High,Yes,2,Medium,Low,Public,Positive,3,No,High School,Near,Female,72.0
21.0,69,Medium,Medium,Yes,6,85,Medium,Yes,3,Low,Low,Public,Neutral,1,No,College,Far,Female,64.0
22.0,69,Low,Medium,No,7,98,Low,Yes,0,Low,Medium,Public,Positive,2,No,Postgraduate,Moderate,Male,64.0
23.0,66,Medium,Low,Yes,8,73,High,Yes,2,High,Medium,Public,Positive,2,No,College,Near,Female,66.0
24.0,75,Medium,High,Yes,9,75,High,Yes,0,Medium,High,Public,Positive,3,No,College,Far,Male,69.0
27.0,94,Medium,Low,No,6,86,Medium,Yes,2,Medium,Medium,Private,Neutral,2,No,High School,Near,Female,71.0
22.0,93,Medium,High,Yes,6,69,High,Yes,0,High,Low,Public,Negative,3,Yes,High School,Near,Male,69.0
19.0,75,High,Medium,No,8,98,Low,Yes,1,Low,Medium,Public,Neutral,3,No,Postgraduate,Moderate,Male,67.0
24.0,84,Low,Medium,Yes,7,52,Medium,Yes,0,Low,High,Public,Neutral,3,No,High School,Near,Male,66.0
31.0,89,Medium,Medium,No,7,70,Medium,Yes,2,Low,High,Public,Positive,2,No,High School,Moderate,Female,71.0
19.0,70,Medium,Low,Yes,9,86,Low,Yes,2,High,Medium,Public,Neutral,2,Yes,High School,Near,Male,63.0
14.0,67,Medium,Low,No,4,71,Medium,Yes,0,High,Medium,Public,Neutral,4,No,College,Near,Female,62.0
27.0,99,Medium,High,No,5,63,Medium,Yes,0,Medium,High,Public,Neutral,4,No,High School,Near,Female,73.0
19.0,85,High,Medium,No,4,71,Low,Yes,1,Medium,High,Public,Negative,3,No,High School,Far,Female,66.0
7.0,99,High,Medium,Yes,9,94,Medium,Yes,3,High,High,Public,Positive,2,No,Postgraduate,Moderate,Male,72.0
25.0,74,High,Low,Yes,8,77,Low,Yes,1,Low,Medium,Public,Neutral,2,No,Postgraduate,Moderate,Female,67.0
17.0,88,Low,Low,No,5,67,Medium,No,0,Medium,High,Public,Neutral,3,No,Postgraduate,Near,Male,65.0
19.0,69,Medium,Medium,Yes,7,84,Medium,Yes,2,Medium,Medium,Public,Neutral,4,No,High School,Near,Male,66.0
22.0,70,High,Medium,Yes,7,81,Low,Yes,3,Medium,Medium,Public,Neutral,2,No,Postgraduate,Moderate,Female,68.0
21.0,80,Medium,High,Yes,4,78,Medium,Yes,1,Medium,High,Private,Neutral,4,No,High School,Near,Female,69.0
24.0,73,High,Medium,Yes,7,70,Medium,Yes,0,High,Medium,Public,Negative,3,No,Postgraduate,Near,Female,68.0
17.0,67,Medium,High,Yes,5,54,Medium,Yes,0,Low,Medium,Public,Negative,2,No,High School,Moderate,Male,61.0
23.0,71,High,Low,Yes,8,81,Medium,Yes,3,Medium,High,Private,Positive,2,No,High School,Near,Male,68.0
18.0,61,High,Low,Yes,5,71,Low,Yes,3,High,High,Private,Neutral,3,No,College,Near,Male,64.0
24.0,88,Medium,Low,Yes,7,71,Low,No,1,Low,High,Public,Neutral,3,No,College,Moderate,Male,67.0
24.0,80,Low,High,Yes,9,62,High,Yes,3,High,Low,Public,Neutral,3,No,High School,Moderate,Male,68.0
14.0,64,Medium,High,No,8,62,Low,Yes,1,Medium,High,Public,Positive,4,Yes,High School,Moderate,Male,61.0
27.0,67,High,Low,No,8,89,Low,Yes,1,Low,Low,Public,Positive,3,No,Postgraduate,Near,Female,66.0
17.0,64,High,Low,Yes,7,74,Low,Yes,2,Medium,Low,Public,Positive,2,No,Postgraduate,Near,Female,64.0
25.0,85,Low,Medium,No,5,55,Low,Yes,3,High,Medium,Public,Negative,3,No,High School,Moderate,Female,67.0
22.0,64,Medium,High,No,6,52,Low,Yes,2,High,Medium,Private,Negative,4,No,College,Moderate,Female,64.0
31.0,90,High,High,No,7,61,Low,Yes,0,Low,Medium,Public,Positive,3,No,High School,Near,Male,72.0
19.0,61,Medium,Medium,No,7,74,Low,Yes,2,High,Medium,Public,Negative,3,No,Postgraduate,Far,Male,62.0
18.0,70,High,Medium,Yes,5,81,Low,Yes,2,Low,Medium,Private,Negative,2,No,High School,Far,Female,63.0
20.0,96,High,High,No,8,57,Low,Yes,1,Low,Medium,Private,Neutral,4,No,High School,Near,Male,70.0
18.0,89,High,Medium,No,5,72,Low,Yes,3,Medium,Medium,Public,Positive,3,No,College,Moderate,Male,69.0
25.0,63,Low,Medium,Yes,9,54,Medium,Yes,3,Medium,Low,Public,Positive,2,No,High School,Near,Male,64.0
10.0,93,Low,Medium,No,7,52,Medium,Yes,2,Medium,Medium,Public,Positive,3,No,Postgraduate,Near,Male,66.0
14.0,80,Low,Medium,Yes,8,93,Medium,Yes,3,Low,High,Private,Positive,4,No,High School,Near,Female,67.0
14.0,94,High,High,Yes,8,83,Medium,Yes,4,Medium,Low,Public,Negative,5,Yes,Postgraduate,Near,Female,71.0
26.0,84,Medium,High,Yes,10,89,Medium,Yes,0,Low,High,Private,Positive,1,No,High School,Far,Female,70.0
30.0,87,Low,Medium,No,7,59,Medium,Yes,2,Medium,Medium,Public,Neutral,3,No,High School,Moderate,Male,69.0
19.0,100,Medium,Low,No,6,66,High,Yes,0,Low,Medium,Public,Neutral,3,No,High School,Moderate,Male,68.0
19.0,69,Medium,High,Yes,6,72,Medium,No,1,Low,Medium,Public,Neutral,1,No,College,Near,Female,64.0
20.0,85,High,Medium,Yes,9,83,Low,Yes,3,Medium,Medium,Public,Positive,3,Yes,College,Near,Male,70.0
27.0,78,High,Low,Yes,5,77,Medium,Yes,0,Medium,Low,Private,Neutral,3,No,Postgraduate,Near,Male,69.0
14.0,62,Medium,Medium,Yes,6,78,Medium,Yes,0,High,Medium,Public,Positive,2,No,College,Near,Female,63.0
21.0,61,Low,Medium,No,7,58,Medium,Yes,1,Medium,Low,Public,Negative,3,No,High School,Near,Female,60.0
26.0,65,High,Low,No,7,74,Medium,Yes,2,Low,Medium,Public,Negative,4,No,High School,Near,Female,65.0
23.0,86,Medium,Medium,No,8,91,Medium,Yes,0,Low,Medium,Public,Negative,0,No,High School,Near,Male,67.0
21.0,83,Medium,Low,No,5,75,Low,Yes,1,Medium,Medium,Public,Negative,4,No,College,Near,Male,66.0
26.0,82,Low,High,No,7,60,Medium,No,3,Low,Medium,Public,Neutral,3,No,Postgraduate,Near,Female,68.0
4.0,61,Low,High,Yes,7,71,High,Yes,0,Low,Low,Public,Positive,1,No,Postgraduate,Near,Male,58.0
24.0,79,Low,High,Yes,5,88,Medium,Yes,0,Medium,Medium,Public,Neutral,3,No,High School,Moderate,Female,67.0
16.0,97,Medium,Medium,Yes,8,57,Low,Yes,0,Medium,Medium,Public,Positive,4,Yes,High School,Near,Male,68.0
9.0,76,Medium,Medium,Yes,7,79,Medium,Yes,1,Low,Medium,Public,Neutral,3,No,High School,Near,Female,62.0
23.0,85,Low,High,No,7,98,High,No,2,Low,Medium,Public,Negative,3,No,Postgraduate,Moderate,Female,69.0
28.0,91,Medium,High,Yes,6,69,High,Yes,1,Medium,High,Private,Neutral,4,No,High School,Far,Male,73.0
19.0,91,High,Low,No,6,52,Medium,Yes,2,Low,Medium,Public,Negative,4,Yes,High School,Moderate,Male,66.0
26.0,81,Low,Medium,Yes,5,82,Medium,Yes,0,Medium,Medium,Public,Negative,5,Yes,Postgraduate,Near,Female,67.0
30.0,94,Medium,Medium,No,8,52,Medium,Yes,1,Medium,Low,Public,Neutral,4,No,High School,Near,Female,71.0
28.0,76,Medium,Medium,Yes,9,60,Medium,Yes,1,Low,Medium,Public,Neutral,2,No,High School,Far,Male,66.0
30.0,96,High,Medium,Yes,10,52,Medium,Yes,0,High,High,Public,Positive,4,No,College,Moderate,Female,74.0
24.0,70,Medium,High,No,8,59,Low,Yes,2,Low,High,Public,Positive,5,No,High School,Near,Male,67.0
20.0,71,High,Medium,No,6,93,High,Yes,2,Medium,High,Public,Negative,2,No,Postgraduate,Near,Male,68.0
10.0,62,Medium,Medium,No,6,87,High,Yes,2,Low,High,Public,Neutral,3,No,High School,Near,Male,61.0
19.0,92,Medium,High,No,8,67,Medium,Yes,2,Medium,Medium,Private,Negative,2,No,High School,Near,Female,69.0
15.0,77,Low,Medium,Yes,7,95,Low,Yes,4,Low,Medium,Public,Positive,4,No,High School,Moderate,Male,65.0
33.0,69,Medium,High,Yes,7,83,Medium,Yes,2,Medium,Low,Public,Neutral,2,No,Postgraduate,Near,Male,71.0
19.0,69,Medium,Low,No,7,72,Medium,Yes,1,Low,Low,Public,Positive,2,No,High School,Far,Female,61.0
21.0,96,Medium,High,Yes,9,53,Medium,Yes,0,Low,High,Public,Neutral,3,No,College,Near,Male,70.0
23.0,93,Medium,Low,No,6,87,Medium,Yes,2,Medium,Medium,Private,Neutral,3,No,High School,Moderate,Male,70.0
20.0,82,Medium,High,Yes,9,69,Low,Yes,1,Medium,Medium,Public,Positive,3,No,College,Near,Male,69.0
30.0,85,High,Low,Yes,7,65,High,Yes,2,Low,Medium,Public,Negative,3,No,High School,Near,Female,70.0
16.0,79,High,Medium,Yes,6,64,Medium,Yes,4,Low,Low,Public,Positive,4,Yes,College,Near,Male,67.0
21.0,76,Low,Medium,No,6,50,Low,Yes,2,Low,Medium,Public,Negative,4,No,Postgraduate,Moderate,Female,63.0
16.0,97,Medium,Medium,No,7,87,Medium,Yes,1,High,Medium,Public,Neutral,3,No,High School,Near,Female,70.0
12.0,65,Medium,Medium,No,8,57,Medium,Yes,1,High,High,Private,Positive,5,Yes,High School,Near,Female,61.0
16.0,77,Low,High,Yes,6,76,Low,Yes,1,Low,Medium,Public,Neutral,1,No,Postgraduate,Moderate,Female,64.0
20.0,74,Medium,Medium,Yes,8,51,High,Yes,2,Medium,Medium,Public,Negative,3,No,College,Near,Male,65.0
17.0,80,Medium,Medium,No,6,81,Medium,Yes,1,Medium,High,Public,Neutral,1,No,College,Far,Male,65.0
16.0,78,Medium,Low,Yes,7,68,High,Yes,3,Low,High,Private,Positive,3,No,Postgraduate,Far,Female,66.0
12.0,81,High,High,Yes,5,82,Low,Yes,1,Medium,High,Public,Positive,3,No,High School,Far,Female,66.0
20.0,66,Low,Medium,Yes,8,54,Medium,Yes,2,Medium,Low,Public,Positive,2,No,Postgraduate,Near,Male,63.0
11.0,81,Low,High,Yes,7,63,Medium,Yes,3,Medium,Medium,Public,Neutral,2,No,Postgraduate,Near,Male,66.0
25.0,70,Medium,Medium,Yes,9,56,High,Yes,0,Low,Medium,Public,Positive,1,No,High School,Far,Male,64.0
20.0,67,High,Low,No,8,82,Medium,Yes,3,Low,High,Public,Neutral,4,Yes,High School,Near,Male,65.0
11.0,63,High,Medium,No,7,55,Low,Yes,3,High,Medium,Private,Positive,1,No,Postgraduate,Near,Male,62.0
18.0,91,Low,High,Yes,9,81,High,Yes,4,High,Medium,Public,Neutral,5,No,High School,Moderate,Male,71.0
15.0,77,Medium,Medium,Yes,8,57,Low,Yes,1,Low,Medium,Public,Neutral,2,No,College,Near,Male,63.0
22.0,85,Medium,High,No,9,97,High,Yes,0,Medium,High,Public,Negative,3,No,College,Moderate,Male,70.0
28.0,89,Medium,Low,Yes,6,71,Low,Yes,2,Low,Medium,Private,Neutral,4,No,College,Moderate,Male,70.0
9.0,87,Medium,Medium,No,8,56,Medium,Yes,1,Medium,High,Public,Positive,3,No,College,Moderate,Female,65.0
21.0,79,High,High,Yes,8,52,Medium,Yes,1,Low,Medium,Public,Neutral,3,Yes,High School,Near,Female,66.0
19.0,76,Medium,Low,Yes,5,66,Medium,Yes,2,Medium,Medium,Private,Positive,4,No,College,Near,Female,66.0
24.0,75,Medium,Low,No,9,95,High,Yes,0,Medium,High,Public,Positive,2,No,College,Near,Male,68.0
21.0,86,High,High,No,5,57,Medium,Yes,1,Low,Medium,Private,Negative,3,No,High School,Near,Male,68.0
15.0,80,High,Medium,Yes,5,90,Medium,Yes,4,Medium,High,Private,Neutral,3,No,High School,Near,Female,69.0
18.0,94,Medium,Medium,Yes,4,71,Medium,Yes,3,High,Low,Public,Positive,3,No,College,Near,Female,71.0
15.0,95,Medium,Medium,Yes,8,90,Low,Yes,2,Low,Medium,Private,Negative,1,No,Postgraduate,Near,Male,69.0
26.0,67,Medium,High,Yes,5,94,Medium,Yes,0,Medium,Medium,Public,Positive,2,No,College,Near,Male,68.0
20.0,65,Medium,High,Yes,6,100,Medium,Yes,2,Low,High,Public,Neutral,5,No,High School,Moderate,Male,67.0
31.0,85,High,Medium,No,8,53,Medium,Yes,2,Low,High,Public,Positive,3,No,High School,Near,Male,72.0
20.0,72,High,Medium,Yes,7,90,High,Yes,2,Medium,Medium,Public,Neutral,3,No,High School,Near,Male,68.0
16.0,61,High,Medium,Yes,6,53,Low,Yes,0,High,Medium,Public,Positive,4,Yes,High School,Moderate,Female,60.0
11.0,96,Medium,High,No,5,66,High,Yes,2,Low,Medium,Public,Neutral,4,No,High School,Moderate,Male,68.0
9.0,69,High,Medium,Yes,7,82,High,Yes,1,High,High,Public,Positive,2,No,High School,Near,Female,65.0
10.0,97,Low,High,No,8,72,High,Yes,0,Low,Medium,Public,Neutral,3,No,Postgraduate,Moderate,Female,67.0
22.0,89,Low,Medium,No,8,78,Low,Yes,4,High,Medium,Private,Positive,3,No,High School,Near,Female,70.0
23.0,91,Medium,Low,Yes,10,98,High,Yes,0,Low,High,Private,Negative,3,No,High School,Near,Female,70.0
11.0,68,Medium,Medium,No,6,91,Low,Yes,3,Low,High,Public,Negative,2,No,College,Far,Female,61.0
25.0,69,High,Low,Yes,5,68,Medium,Yes,2,High,High,Public,Positive,4,No,College,Far,Male,68.0
17.0,81,Medium,High,No,7,80,High,Yes,1,Low,Medium,Public,Negative,3,No,Postgraduate,Near,Female,67.0
21.0,67,Medium,High,No,7,52,Medium,Yes,3,Low,Medium,Public,Negative,3,Yes,High School,Moderate,Female,62.0
30.0,72,Medium,Low,No,7,73,Medium,Yes,0,High,Medium,Public,Neutral,4,No,High School,Moderate,Male,66.0
25.0,73,High,Medium,Yes,6,80,Medium,Yes,3,High,Medium,Public,Positive,2,No,High School,Far,Female,69.0
18.0,66,Medium,High,Yes,4,86,Medium,Yes,2,Medium,Medium,Public,Negative,4,No,College,Near,Female,66.0
15.0,68,Medium,Medium,Yes,5,95,Medium,Yes,0,High,Medium,Public,Negative,5,No,College,Near,Female,64.0
7.0,92,High,Medium,No,8,64,High,Yes,1,Low,Low,Public,Neutral,4,No,Postgraduate,Near,Male,66.0
16.0,67,Medium,Medium,No,7,95,Low,Yes,2,Medium,Medium,Public,Neutral,5,Yes,High School,Near,Male,63.0
19.0,61,Low,High,Yes,8,83,Low,Yes,1,Medium,Medium,Private,Negative,3,No,High School,Near,Male,62.0
14.0,85,Medium,Medium,Yes,8,54,Low,Yes,1,High,Medium,Private,Negative,4,No,Postgraduate,Moderate,Male,65.0
19.0,99,Low,High,No,8,69,Low,Yes,0,High,Medium,Private,Negative,2,No,High School,Moderate,Male,68.0
20.0,73,High,High,Yes,8,74,Low,Yes,1,Low,Low,Private,Negative,4,No,High School,Moderate,Male,65.0
19.0,65,Medium,High,Yes,7,68,Low,Yes,1,Low,Low,Public,Neutral,4,No,College,Near,Female,63.0
16.0,83,High,High,Yes,7,56,Medium,Yes,3,Medium,Medium,Public,Negative,2,No,High School,Near,Male,68.0
21.0,96,Medium,High,Yes,4,78,Low,Yes,2,High,Medium,Private,Positive,2,No,High School,Near,Male,72.0
23.0,91,High,Low,No,6,57,Medium,Yes,2,Low,Medium,Private,Positive,3,No,High School,Near,Male,69.0
13.0,85,Low,Medium,No,6,96,Low,Yes,1,Low,High,Public,Positive,5,No,Postgraduate,Far,Male,66.0
28.0,73,Low,Low,Yes,7,93,High,Yes,2,Low,High,Private,Neutral,3,No,College,Near,Male,68.0
19.0,82,Low,Low,No,6,74,Medium,Yes,1,Medium,High,Public,Neutral,2,No,High School,Moderate,Male,64.0
20.0,64,Medium,Low,Yes,8,53,Low,Yes,1,Low,Medium,Public,Positive,2,No,High School,Near,Male,61.0
24.0,87,Low,Medium,No,6,78,High,Yes,0,Low,Low,Public,Neutral,2,Yes,Postgraduate,Near,Male,67.0
21.0,89,Medium,Low,Yes,9,80,Medium,Yes,0,Medium,Low,Public,Neutral,3,No,Postgraduate,Moderate,Male,68.0
26.0,99,Medium,Medium,No,6,94,High,Yes,2,Medium,Medium,Public,Positive,3,No,High School,Near,Male,74.0
22.0,70,Medium,High,Yes,6,53,Medium,Yes,3,Medium,High,Public,Positive,2,No,High School,Near,Female,67.0
16.0,61,Medium,High,Yes,6,85,Medium,Yes,2,Medium,Medium,Private,Positive,3,No,High School,Near,Male,64.0
22.0,82,Low,High,No,6,78,Medium,Yes,3,Medium,High,Public,Neutral,3,No,High School,Moderate,Male,69.0
13.0,88,High,Medium,Yes,9,59,Medium,Yes,0,Low,Medium,Private,Negative,3,Yes,High School,Far,Female,63.0
21.0,92,Medium,Medium,No,7,56,Medium,Yes,0,Low,Medium,Private,Neutral,4,No,High School,Moderate,Female,67.0
20.0,68,High,Medium,Yes,7,85,Medium,Yes,1,Medium,Medium,Public,Neutral,3,No,College,Far,Male,65.0
19.0,70,Medium,Medium,Yes,6,67,Medium,Yes,5,Medium,Low,Public,Positive,4,No,Postgraduate,Moderate,Female,67.0
19.0,81,High,Medium,No,7,100,Medium,Yes,1,Low,Medium,Private,Negative,5,No,Postgraduate,Moderate,Female,68.0
9.0,73,Medium,Low,Yes,7,95,Medium,No,3,Low,Medium,Private,Negative,3,No,Postgraduate,Near,Male,62.0
17.0,94,High,Medium,Yes,7,78,Medium,Yes,1,Low,High,Public,Neutral,3,No,College,Near,Female,70.0
21.0,79,Low,High,Yes,7,82,Medium,Yes,1,High,Medium,Public,Negative,3,No,High School,Near,Female,67.0
21.0,92,High,High,Yes,9,58,Medium,Yes,2,High,Medium,Public,Neutral,5,No,High School,Moderate,Female,89.0
14.0,83,High,Medium,Yes,7,95,Low,Yes,1,Low,Medium,Private,Neutral,2,Yes,High School,Near,Female,65.0
28.0,91,Low,Medium,Yes,5,73,Medium,No,2,Medium,Medium,Public,Neutral,2,No,High School,Near,Female,69.0
15.0,73,Medium,Medium,No,7,76,High,Yes,2,Low,Medium,Public,Positive,4,No,High School,Far,Female,64.0
26.0,93,High,Low,No,6,94,Medium,Yes,6,High,Medium,Private,Negative,4,No,High School,Near,Female,74.0
23.0,71,Medium,High,No,8,50,Medium,Yes,0,High,Medium,Public,Positive,2,No,High School,Far,Female,64.0
16.0,82,Low,High,No,7,75,Medium,Yes,0,Low,Medium,Public,Negative,2,No,Postgraduate,Moderate,Female,64.0
31.0,69,Medium,Low,Yes,9,81,Medium,Yes,2,Medium,Medium,Private,Negative,2,No,College,Near,Male,67.0
13.0,79,Low,Low,Yes,6,58,High,Yes,2,Medium,Medium,Public,Positive,4,No,College,Moderate,Male,63.0
26.0,73,High,Medium,Yes,7,53,Low,Yes,3,Medium,High,Private,Neutral,5,No,High School,Moderate,Female,68.0
26.0,71,Low,Medium,Yes,5,77,Low,Yes,0,Medium,Medium,Public,Neutral,5,No,Postgraduate,Near,Male,66.0
16.0,99,Low,High,Yes,7,77,High,Yes,0,Low,Medium,Public,Neutral,3,Yes,High School,Moderate,Female,68.0
28.0,66,Medium,High,No,5,67,Medium,Yes,1,High,Medium,Private,Positive,1,No,Postgraduate,Moderate,Female,68.0
18.0,91,Medium,Medium,No,7,94,Medium,Yes,3,Low,Medium,Private,Neutral,2,No,High School,Near,Female,69.0
22.0,99,High,Low,No,7,65,Medium,Yes,3,Low,Low,Public,Neutral,3,No,Postgraduate,Near,Female,71.0
22.0,61,Low,High,Yes,7,76,Medium,Yes,1,High,Medium,Public,Positive,3,No,College,Near,Female,65.0
19.0,88,Low,Medium,Yes,8,59,Medium,Yes,2,Medium,Medium,Private,Neutral,4,No,High School,Near,Male,67.0
25.0,70,Medium,Medium,No,7,51,Medium,Yes,1,High,Medium,Public,Negative,4,No,College,Near,Female,65.0
25.0,62,High,Medium,No,5,71,Medium,Yes,0,Low,High,Private,Positive,4,No,High School,Moderate,Male,65.0
10.0,76,Medium,Low,No,6,76,Medium,Yes,1,High,High,Public,Negative,2,No,Postgraduate,Near,Male,80.0
28.0,97,Medium,Medium,Yes,7,88,High,Yes,2,Medium,Medium,Public,Neutral,2,No,High School,Moderate,Male,74.0
10.0,60,Medium,Medium,No,7,72,Low,No,3,Medium,Low,Public,Positive,3,No,High School,Near,Male,59.0
26.0,84,Medium,Medium,No,7,64,Low,Yes,2,High,High,Public,Neutral,3,No,High School,Near,Male,69.0
27.0,80,Medium,Low,Yes,9,80,Medium,Yes,0,High,Medium,Public,Neutral,2,Yes,High School,Moderate,Male,66.0
13.0,95,Medium,Medium,Yes,7,69,Medium,Yes,1,Low,Low,Public,Positive,2,Yes,Postgraduate,Moderate,Female,66.0
18.0,63,High,High,No,8,62,Medium,Yes,2,High,Medium,Public,Positive,4,No,High School,Near,Female,65.0
13.0,87,High,Medium,Yes,4,96,Low,Yes,3,Low,Low,Public,Neutral,3,Yes,College,Near,Male,67.0
19.0,87,High,High,No,8,77,Low,Yes,3,Low,Medium,Private,Neutral,4,No,High School,Moderate,Male,69.0
18.0,87,Medium,Low,Yes,10,60,High,Yes,2,Medium,Medium,Public,Positive,3,No,High School,Near,Female,68.0
25.0,98,Medium,Medium,Yes,9,84,Medium,Yes,1,Medium,High,Private,Neutral,2,No,Postgraduate,Near,Female,73.0
28.0,93,Low,High,Yes,6,90,Medium,Yes,1,Low,Medium,Public,Positive,2,Yes,High School,Near,Female,71.0
28.0,62,High,Medium,Yes,10,88,Medium,Yes,0,Low,High,Public,Positive,2,Yes,Postgraduate,Moderate,Male,67.0
17.0,79,Medium,Medium,Yes,7,80,Low,Yes,1,High,High,Public,Positive,3,No,College,Near,Female,67.0
19.0,76,High,Low,No,7,76,Medium,Yes,0,High,High,Public,Neutral,2,No,Postgraduate,Near,Male,66.0
10.0,72,Medium,Low,No,7,89,Medium,Yes,3,Medium,Medium,Public,Negative,4,No,College,Near,Female,63.0
15.0,78,High,High,No,7,85,Medium,No,1,High,Medium,Public,Negative,1,No,High School,Far,Male,65.0
26.0,75,Medium,Low,Yes,4,79,Medium,Yes,2,High,Medium,Public,Negative,1,No,College,Near,Male,67.0
30.0,77,Medium,Low,Yes,8,83,Medium,Yes,1,Low,Low,Public,Positive,3,No,College,Near,Male,69.0
13.0,99,Medium,Medium,Yes,7,58,Medium,Yes,1,Low,Medium,Public,Neutral,2,No,High School,Near,Male,67.0
16.0,64,High,Medium,Yes,7,51,High,Yes,4,High,High,Public,Neutral,3,No,College,Near,Male,66.0
20.0,97,High,High,Yes,7,97,Low,Yes,2,Medium,High,Private,Neutral,4,No,High School,Moderate,Female,74.0
22.0,79,High,Medium,No,6,97,Medium,No,2,High,Medium,Public,Positive,2,No,College,Moderate,Female,69.0
15.0,85,Low,Medium,Yes,7,89,High,Yes,0,Medium,Medium,Public,Negative,4,No,College,Moderate,Female,66.0
23.0,93,High,Low,Yes,9,69,Low,Yes,0,Medium,Medium,Private,Positive,3,Yes,Postgraduate,Moderate,Male,69.0
17.0,74,Medium,Medium,Yes,8,58,Low,Yes,1,High,Medium,Public,Neutral,2,No,College,Far,Male,63.0
20.0,77,Medium,Low,Yes,7,68,Medium,No,0,Medium,High,Private,Positive,3,No,College,Near,Female,65.0
23.0,76,Low,Medium,No,7,86,Low,No,1,Low,Medium,Private,Positive,4,No,College,Far,Male,64.0
20.0,75,Low,Medium,No,7,67,High,Yes,0,Medium,Medium,Private,Neutral,4,No,High School,Near,Male,64.0
17.0,97,Low,High,Yes,6,90,Low,Yes,2,Medium,Low,Public,Negative,2,No,High School,Moderate,Male,69.0
19.0,93,High,High,No,7,84,Medium,Yes,5,Low,High,Public,Negative,3,No,High School,Near,Female,73.0
19.0,64,Medium,Medium,Yes,8,81,High,Yes,1,Medium,Medium,Public,Negative,3,Yes,High School,Moderate,Male,62.0
18.0,64,Low,Low,Yes,7,97,Low,Yes,2,Medium,Low,Private,Neutral,4,No,College,Near,Male,62.0
18.0,77,Medium,Medium,Yes,6,95,High,Yes,0,Medium,High,Private,Positive,2,No,Postgraduate,Moderate,Female,68.0
30.0,64,Medium,Medium,No,7,86,Low,Yes,1,Medium,Medium,Private,Positive,3,No,Postgraduate,Far,Female,66.0
23.0,85,Low,High,Yes,8,60,High,Yes,2,Medium,Medium,Public,Positive,1,Yes,College,Moderate,Female,68.0
18.0,66,Low,High,Yes,5,97,Medium,Yes,4,Medium,Medium,Public,Neutral,4,No,High School,Moderate,Male,66.0
24.0,81,Low,Medium,Yes,6,61,Low,Yes,3,Medium,Medium,Public,Positive,3,No,Postgraduate,Near,Male,69.0
18.0,60,Medium,Medium,Yes,5,69,Medium,Yes,0,Medium,Medium,Public,Neutral,2,No,Postgraduate,Near,Female,62.0
27.0,73,Low,Medium,No,7,91,Medium,Yes,2,High,Medium,Public,Neutral,4,No,College,Far,Female,68.0
22.0,87,Medium,Medium,No,8,60,Low,Yes,2,Medium,High,Public,Negative,2,No,College,Moderate,Male,67.0
19.0,79,Low,Medium,No,9,82,Medium,Yes,1,Low,Medium,Private,Neutral,4,No,High School,Near,Male,65.0
23.0,99,Low,Medium,No,9,73,Medium,Yes,0,Low,Medium,Public,Negative,4,No,College,Near,Male,69.0
11.0,95,Medium,Medium,No,6,81,High,Yes,2,Low,Low,Public,Positive,3,No,High School,Near,Male,67.0
13.0,74,Low,Low,Yes,7,98,High,Yes,0,Medium,Medium,Public,Positive,3,No,Postgraduate,Near,Female,64.0
13.0,62,Low,Medium,Yes,6,90,Medium,No,3,High,High,Private,Neutral,3,Yes,Postgraduate,Near,Female,62.0
21.0,94,Medium,Medium,Yes,9,65,Low,Yes,5,High,High,Private,Neutral,3,Yes,High School,Near,Male,71.0
30.0,96,Medium,High,Yes,9,53,Medium,No,0,Medium,Medium,Private,Neutral,3,No,High School,Near,Male,72.0
33.0,93,High,High,Yes,7,98,Low,Yes,0,Medium,Medium,Public,Negative,2,Yes,High School,Near,Female,74.0
24.0,65,Low,High,No,6,79,Low,Yes,1,Medium,High,Public,Neutral,2,No,Postgraduate,Near,Male,66.0
23.0,100,High,Low,Yes,4,59,Medium,Yes,2,Medium,Medium,Public,Positive,4,No,High School,Near,Female,72.0
9.0,70,High,Medium,No,5,81,Medium,Yes,1,High,High,Private,Neutral,4,No,Postgraduate,Near,Female,65.0
17.0,89,High,Medium,Yes,4,52,High,Yes,0,Low,Medium,Public,Positive,3,No,College,Far,Female,67.0
15.0,96,Medium,High,Yes,5,59,High,Yes,2,Medium,High,Private,Neutral,2,No,High School,Near,Male,70.0
16.0,69,High,Medium,Yes,10,82,Medium,Yes,0,Low,High,Public,Negative,1,Yes,High School,Moderate,Male,62.0
19.0,96,Low,Low,Yes,5,70,High,Yes,0,Low,Medium,Public,Positive,2,No,High School,Far,Male,66.0
17.0,72,Low,Medium,Yes,5,66,Medium,Yes,2,High,High,Public,Negative,3,No,College,Near,Male,65.0
8.0,99,Low,High,Yes,6,83,High,Yes,2,Medium,High,Public,Positive,4,Yes,Postgraduate,Near,Male,70.0
24.0,71,High,High,Yes,10,93,Low,Yes,2,Medium,Medium,Private,Positive,2,Yes,College,Near,Female,69.0
14.0,98,Medium,Medium,Yes,7,84,Low,Yes,3,High,Medium,Public,Neutral,3,No,High School,Near,Female,70.0
21.0,62,High,High,No,8,73,Medium,Yes,2,High,Medium,Private,Negative,2,No,College,Near,Female,66.0
32.0,88,Medium,Low,Yes,7,83,Low,Yes,1,Low,High,Private,Positive,4,No,Postgraduate,Near,Male,73.0
14.0,81,High,Medium,No,4,85,Low,Yes,3,Medium,High,Public,Positive,4,No,Postgraduate,Moderate,Female,69.0
5.0,79,High,High,Yes,9,89,Low,Yes,3,Medium,Medium,Private,Neutral,3,No,College,Near,Female,66.0
18.0,69,High,Medium,Yes,8,65,Medium,Yes,4,Medium,Medium,Public,Neutral,4,No,High School,Far,Male,65.0
27.0,88,Medium,Low,No,7,56,High,Yes,2,Low,Medium,Public,Neutral,4,No,Postgraduate,Near,Female,70.0
32.0,68,High,High,No,10,84,Medium,Yes,0,Medium,High,Private,Positive,2,No,Postgraduate,Far,Male,70.0
13.0,82,High,Medium,No,6,56,High,Yes,2,Low,High,Public,Neutral,4,No,Postgraduate,Near,Male,67.0
23.0,70,Medium,High,Yes,7,73,High,Yes,1,Low,Medium,Private,Positive,3,No,Postgraduate,Near,Male,68.0
17.0,98,Medium,Low,Yes,6,62,Low,Yes,1,Medium,Medium,Private,Neutral,2,No,College,Near,Female,68.0
19.0,61,High,Medium,No,9,67,Medium,Yes,0,Low,Medium,Public,Negative,2,No,College,Far,Female,61.0
36.0,68,Medium,Medium,Yes,8,74,High,Yes,2,Medium,Medium,Public,Negative,3,No,High School,Near,Male,70.0
11.0,70,High,High,No,7,95,High,Yes,0,Low,High,Public,Negative,5,No,College,Moderate,Male,65.0
22.0,77,Low,Medium,Yes,5,84,Medium,No,3,High,Medium,Public,Positive,2,No,High School,Moderate,Male,66.0
23.0,69,Medium,Medium,Yes,6,59,Medium,Yes,3,High,Medium,Public,Neutral,3,No,Postgraduate,Moderate,Male,67.0
27.0,80,Low,Low,Yes,5,94,High,Yes,3,High,Medium,Public,Negative,3,No,High School,Near,Male,69.0
21.0,95,Medium,High,No,9,75,Medium,Yes,1,Low,Medium,Public,Neutral,2,No,College,Far,Male,69.0
22.0,88,Medium,Medium,Yes,5,60,Low,Yes,1,Low,Medium,Public,Neutral,2,No,High School,Moderate,Male,67.0
18.0,83,High,Low,No,9,76,Medium,Yes,0,Medium,Low,Private,Neutral,4,No,High School,Near,Female,66.0
22.0,64,Low,Medium,Yes,9,60,Medium,Yes,1,High,High,Private,Neutral,2,No,High School,Near,Male,63.0
18.0,88,High,Medium,No,6,68,Low,Yes,0,Medium,High,Public,Neutral,4,No,High School,Far,Female,67.0
24.0,67,High,Low,Yes,6,90,Medium,Yes,0,Low,Medium,Public,Neutral,1,No,College,Far,Male,64.0
18.0,91,Medium,Low,No,6,83,Medium,Yes,2,Low,Medium,Private,Neutral,4,No,High School,Near,Male,68.0
22.0,70,Medium,High,Yes,8,74,Low,Yes,2,Low,High,Public,Negative,2,No,High School,Moderate,Male,65.0
20.0,77,Medium,Low,No,9,61,Medium,Yes,2,Medium,Medium,Public,Neutral,3,No,High School,Near,Male,65.0
27.0,74,Medium,Low,Yes,9,64,High,No,1,Low,Medium,Public,Neutral,3,No,High School,Near,Male,65.0
20.0,94,Low,Medium,Yes,6,99,Medium,Yes,0,Medium,Medium,Public,Negative,4,No,College,Near,Female,70.0
9.0,65,Medium,High,Yes,9,67,Medium,Yes,1,High,Medium,Public,Neutral,3,No,High School,Near,Female,62.0
28.0,83,High,Low,No,9,81,Medium,Yes,0,Low,Medium,Public,Neutral,4,No,High School,Moderate,Male,68.0
15.0,66,Low,High,Yes,7,75,Low,Yes,0,High,High,Public,Negative,3,No,College,Near,Male,62.0
16.0,88,Medium,High,Yes,7,51,Medium,Yes,0,Medium,Medium,Public,Positive,3,No,College,Near,Female,68.0
16.0,96,High,Medium,Yes,9,97,Medium,Yes,0,Medium,High,Private,Neutral,5,No,College,Near,Male,72.0
28.0,77,High,Medium,Yes,9,54,Low,Yes,1,High,Medium,Public,Positive,3,No,Postgraduate,Near,Female,70.0
7.0,80,High,Medium,No,9,83,Low,No,3,Medium,Medium,Public,Neutral,3,No,High School,Far,Female,62.0
20.0,97,High,High,Yes,10,91,Medium,Yes,2,Low,Medium,Public,Positive,3,No,High School,Moderate,Female,79.0
26.0,81,Medium,High,Yes,8,87,Medium,Yes,2,High,High,Public,Neutral,1,No,Postgraduate,Near,Male,73.0
21.0,80,High,High,Yes,7,90,High,Yes,1,Low,Low,Public,Negative,2,No,College,Far,Male,68.0
20.0,83,High,Medium,Yes,9,87,Low,Yes,0,High,Medium,Public,Neutral,2,No,High School,Near,Male,68.0
22.0,88,Medium,Medium,Yes,10,72,Medium,Yes,2,Low,High,Public,Neutral,2,No,High School,Moderate,Female,69.0
23.0,64,Medium,Low,Yes,6,95,High,Yes,1,Low,Medium,Public,Positive,2,Yes,College,Far,Female,63.0
24.0,93,Medium,Medium,Yes,7,96,Medium,No,5,High,Medium,Public,Negative,4,No,Postgraduate,Near,Female,74.0
23.0,77,Medium,Medium,Yes,5,72,Medium,Yes,2,High,High,Public,Negative,5,No,College,Moderate,Female,69.0
21.0,63,Medium,Low,No,8,74,Medium,Yes,0,Low,Medium,Public,Negative,3,No,High School,Near,Female,61.0
19.0,91,Medium,Low,Yes,8,74,Low,Yes,4,Medium,Medium,Public,Neutral,2,Yes,Postgraduate,Near,Female,69.0
19.0,75,Medium,Low,No,6,64,High,Yes,2,Low,Medium,Public,Neutral,3,No,High School,Near,Female,64.0
19.0,64,Medium,Medium,Yes,9,56,Low,Yes,2,Low,Medium,Public,Positive,4,No,Postgraduate,Far,Female,63.0
27.0,85,Low,High,No,6,63,Low,Yes,1,Low,Medium,Public,Negative,2,No,College,Near,Male,68.0
24.0,95,High,Medium,Yes,6,92,Medium,Yes,2,Low,Medium,Public,Neutral,3,No,High School,Far,Male,72.0
20.0,96,Low,High,Yes,9,77,Medium,Yes,3,Medium,Medium,Public,Neutral,2,No,High School,Far,Female,65.0
24.0,98,Low,Low,No,6,93,Low,No,2,Low,Low,Public,Positive,4,No,College,Near,Male,69.0
21.0,95,Medium,Low,No,5,87,Low,Yes,2,Medium,Medium,Private,Neutral,4,No,High School,Near,Male,70.0
20.0,60,Medium,Medium,Yes,8,67,Low,Yes,1,Medium,Medium,Public,Neutral,4,No,Postgraduate,Moderate,Female,63.0
18.0,75,Low,Medium,Yes,7,59,Low,Yes,0,Medium,Medium,Public,Positive,2,Yes,High School,Near,Female,62.0
27.0,93,Medium,Medium,Yes,9,78,Low,Yes,1,Low,Medium,Public,Positive,2,No,Postgraduate,Near,Female,72.0
26.0,75,High,High,No,8,97,Medium,Yes,1,Low,Medium,Public,Neutral,4,No,High School,Far,Male,69.0
15.0,84,Medium,Medium,No,4,92,Low,Yes,2,Medium,Medium,Public,Negative,3,No,High School,Moderate,Female,66.0
22.0,84,Medium,Medium,Yes,9,88,Medium,Yes,2,Low,High,Private,Neutral,4,No,Postgraduate,Near,Male,71.0
14.0,75,Low,Low,No,10,88,Medium,Yes,2,Low,Medium,Private,Negative,3,No,College,Moderate,Female,62.0
12.0,96,Medium,Low,Yes,9,76,Medium,Yes,2,Medium,High,Public,Positive,2,No,High School,Near,Male,68.0
16.0,80,High,Low,No,9,58,Low,Yes,0,Medium,Medium,Public,Neutral,2,No,High School,Near,Female,63.0
25.0,79,Medium,Medium,Yes,7,64,Medium,Yes,0,Low,Medium,Public,Neutral,3,No,College,Far,Female,66.0
26.0,100,High,Medium,Yes,6,79,High,Yes,1,Medium,High,Public,Positive,3,No,College,Moderate,Male,75.0
23.0,80,Medium,Low,Yes,7,66,High,Yes,1,High,High,Private,Positive,4,No,College,Near,Female,69.0
24.0,67,High,Medium,No,8,89,Medium,Yes,2,High,Low,Private,Positive,3,No,High School,Near,Female,68.0
23.0,81,High,Medium,No,8,69,Medium,Yes,5,Medium,Medium,Public,Negative,2,No,High School,Moderate,Male,69.0
16.0,93,High,Low,No,6,56,Medium,Yes,2,Low,Medium,Public,Positive,4,No,High School,Near,Male,67.0
23.0,91,High,Medium,Yes,6,89,Medium,Yes,3,Medium,Medium,Private,Negative,3,No,Postgraduate,Near,Male,73.0
25.0,92,Medium,High,Yes,5,85,Low,Yes,1,Low,Medium,Public,Negative,1,No,College,Near,Male,71.0
25.0,88,High,Medium,Yes,8,63,Medium,Yes,2,High,Medium,Public,Positive,3,No,High School,Moderate,Female,71.0
27.0,70,Medium,Medium,No,6,99,High,Yes,2,Low,Medium,Private,Neutral,2,No,High School,Near,Female,68.0
24.0,94,High,Low,No,7,70,Medium,Yes,1,High,Medium,Public,Neutral,1,No,High School,Near,Male,70.0
22.0,96,Low,High,Yes,10,84,Low,Yes,1,High,High,Public,Negative,3,No,High School,Near,Male,71.0
26.0,68,Medium,High,No,8,96,High,Yes,1,Medium,High,Public,Neutral,2,No,High School,Near,Male,69.0
20.0,65,High,Medium,No,7,58,Medium,No,3,Low,Medium,Private,Neutral,4,No,High School,Near,Male,63.0
15.0,99,Low,Medium,Yes,8,94,Medium,Yes,2,Medium,Medium,Private,Neutral,3,No,Postgraduate,Near,Male,71.0
19.0,95,Medium,Medium,Yes,9,85,Medium,No,2,Low,Medium,Public,Negative,3,No,College,Near,Male,69.0
16.0,96,High,Medium,Yes,5,58,Medium,Yes,2,High,Low,Public,Positive,5,No,Postgraduate,Moderate,Male,71.0
16.0,95,Medium,Low,No,6,83,Low,Yes,2,Low,High,Private,Neutral,3,No,High School,Near,Female,68.0
19.0,82,Medium,Medium,No,7,94,Medium,Yes,1,Medium,Medium,Public,Positive,3,No,High School,Near,Female,68.0
15.0,86,Medium,Low,No,6,90,Medium,Yes,0,Medium,High,Public,Neutral,3,No,Postgraduate,Far,Male,66.0
18.0,82,Medium,Medium,No,7,88,Medium,Yes,3,Low,Medium,Public,Negative,3,No,College,Moderate,Female,67.0
9.0,62,Low,High,Yes,5,58,Low,Yes,0,Medium,High,Private,Positive,5,No,College,Moderate,Female,59.0
21.0,90,Low,Medium,No,8,60,Medium,Yes,1,Low,Medium,Public,Negative,2,No,College,Near,Female,66.0
20.0,80,Low,Low,No,6,77,Low,Yes,0,Medium,High,Private,Negative,3,No,High School,Near,Male,64.0
15.0,86,Medium,Medium,No,7,79,Medium,Yes,1,Low,Medium,Public,Neutral,3,Yes,High School,Moderate,Female,64.0
24.0,80,Medium,High,Yes,7,97,Medium,Yes,0,Low,High,Private,Neutral,4,No,High School,Moderate,Female,69.0
26.0,80,High,Low,No,8,73,High,Yes,1,Medium,Medium,Public,Neutral,3,No,High School,Near,Male,69.0
10.0,67,Medium,Medium,No,4,65,Medium,No,3,Medium,Medium,Public,Positive,3,No,High School,Near,Male,61.0
15.0,71,High,High,No,8,60,Medium,Yes,0,Low,High,Private,Negative,3,No,High School,Far,Female,62.0
15.0,66,Low,Medium,No,7,53,Medium,Yes,2,Medium,High,Public,Negative,3,No,College,Near,Female,61.0
14.0,68,Medium,Medium,Yes,8,53,High,Yes,1,Medium,High,Private,Positive,2,No,College,Near,Female,63.0
25.0,99,Medium,Low,No,5,79,Low,Yes,2,Low,Medium,Public,Positive,4,No,College,Near,Female,71.0
19.0,66,High,High,Yes,8,59,Medium,Yes,1,Medium,Low,Public,Positive,2,No,Postgraduate,Moderate,Female,65.0
18.0,71,High,High,Yes,9,93,Medium,Yes,1,Low,High,Private,Neutral,4,No,College,Moderate,Male,68.0
8.0,84,High,High,No,7,80,Medium,Yes,1,High,High,Public,Positive,4,No,High School,Moderate,Male,67.0
24.0,84,Low,High,Yes,6,93,High,Yes,2,Low,Medium,Public,Neutral,1,No,High School,Near,Female,70.0
13.0,66,High,Medium,Yes,6,71,Medium,Yes,3,Medium,Medium,Public,Neutral,3,No,High School,Near,Male,64.0
20.0,92,Medium,High,No,8,80,High,Yes,0,Medium,Medium,Private,Neutral,3,No,College,Near,Male,71.0
22.0,91,High,Medium,Yes,8,76,Low,Yes,2,Medium,Medium,Public,Neutral,3,No,College,Moderate,Female,71.0
28.0,69,Medium,High,No,8,99,Low,Yes,0,High,Medium,Private,Negative,3,No,High School,Moderate,Female,67.0
12.0,72,Medium,Low,Yes,7,90,Medium,Yes,0,High,Medium,Public,Positive,3,No,Postgraduate,Far,Male,63.0
20.0,98,Low,High,Yes,7,80,High,Yes,2,Low,High,Public,Neutral,1,No,High School,Near,Male,66.0
21.0,93,Medium,Low,Yes,7,80,Medium,Yes,3,High,Medium,Public,Neutral,1,No,High School,Moderate,Male,70.0
31.0,88,Medium,Low,No,6,62,Medium,Yes,2,Low,Medium,Private,Positive,4,No,High School,Near,Male,70.0
27.0,63,Low,Medium,Yes,8,87,Medium,Yes,3,Low,High,Private,Positive,3,No,High School,Near,Female,67.0
21.0,77,Low,Medium,No,7,99,High,Yes,3,Medium,High,Public,Neutral,3,No,Postgraduate,Near,Male,69.0
17.0,82,High,Low,No,9,56,Low,Yes,3,High,Medium,Public,Positive,2,No,High School,Near,Female,66.0
25.0,67,Medium,High,No,9,82,Medium,Yes,1,Medium,Medium,Public,Positive,3,No,Postgraduate,Far,Female,67.0
14.0,78,High,Medium,Yes,7,76,Medium,Yes,0,High,Medium,Public,Negative,2,Yes,College,Near,Female,65.0
23.0,84,High,High,Yes,8,93,Medium,Yes,1,High,Medium,Public,Positive,3,No,Postgraduate,Far,Male,72.0
23.0,73,High,High,No,6,50,Medium,Yes,1,Medium,Medium,Public,Positive,3,No,College,Near,Male,68.0
26.0,91,High,Medium,Yes,7,57,Low,Yes,3,Medium,Medium,Public,Negative,3,No,College,Near,Male,72.0
20.0,94,High,Medium,Yes,8,52,High,Yes,1,Low,Medium,Private,Positive,3,No,Postgraduate,Near,Male,76.0
22.0,73,Medium,Low,Yes,5,58,Medium,Yes,4,Low,Medium,Public,Positive,3,Yes,College,Near,Female,65.0
17.0,94,Low,Medium,No,8,85,Medium,Yes,1,Medium,Low,Public,Positive,4,No,High School,Near,Male,68.0
20.0,64,Medium,Medium,Yes,6,57,Medium,Yes,3,Low,High,Public,Neutral,4,No,College,Near,Female,65.0
9.0,94,Medium,Medium,Yes,6,81,Low,Yes,0,Low,High,Public,Positive,3,No,High School,Near,Male,66.0
16.0,66,Low,Medium,No,6,93,Medium,Yes,7,Low,Medium,Public,Negative,2,No,High School,Far,Male,63.0
18.0,63,Medium,Low,No,7,52,Medium,Yes,2,High,High,Public,Positive,3,No,Postgraduate,Moderate,Female,63.0
17.0,86,Medium,Medium,Yes,5,51,Medium,Yes,2,Low,Medium,Private,Neutral,2,No,Postgraduate,Moderate,Male,66.0
21.0,79,High,Low,Yes,8,99,Medium,Yes,2,Low,High,Public,Positive,4,No,High School,Near,Male,69.0
15.0,96,Medium,High,Yes,7,84,High,Yes,3,Medium,Low,Public,Positive,1,No,Postgraduate,Near,Male,72.0
27.0,75,Medium,Low,Yes,10,57,Medium,Yes,3,High,Low,Public,Negative,3,No,High School,Near,Male,66.0
20.0,71,Medium,Medium,Yes,7,65,Medium,No,2,Medium,Medium,Public,Negative,4,No,High School,Moderate,Female,64.0
20.0,80,Medium,Low,Yes,8,99,Low,Yes,0,Low,High,Private,Positive,3,No,High School,Near,Male,67.0
18.0,78,High,High,Yes,6,61,Low,Yes,1,Low,Medium,Private,Positive,5,No,High School,Near,Male,67.0
21.0,74,Low,Medium,Yes,5,88,Medium,Yes,1,Medium,High,Public,Neutral,1,No,College,Near,Male,66.0
25.0,88,Medium,Low,Yes,8,62,Low,Yes,2,Low,Medium,Public,Neutral,2,No,High School,Near,Female,68.0
15.0,90,Medium,Medium,No,5,70,Medium,Yes,0,Medium,Medium,Private,Neutral,2,No,High School,Moderate,Male,65.0
16.0,94,Medium,High,Yes,8,94,High,Yes,2,Low,High,Private,Negative,3,No,High School,Near,Male,71.0
18.0,99,Medium,High,Yes,10,51,Medium,Yes,1,Medium,Low,Public,Neutral,4,No,Postgraduate,Near,Male,71.0
12.0,71,Medium,Medium,Yes,8,65,Medium,Yes,1,Medium,High,Private,Neutral,2,No,High School,Moderate,Male,62.0
15.0,89,Medium,High,Yes,8,74,Low,Yes,2,Medium,High,Public,Positive,2,No,College,Near,Male,69.0
17.0,76,Medium,Low,No,7,81,Low,Yes,4,High,Medium,Private,Neutral,2,No,High School,Near,Male,65.0
25.0,87,High,Low,No,6,51,Low,Yes,3,Medium,Medium,Public,Neutral,3,No,Postgraduate,Near,Male,70.0
22.0,79,Medium,Medium,Yes,7,71,Medium,Yes,2,Low,Medium,Private,Neutral,2,No,College,Moderate,Male,66.0
21.0,100,Medium,Medium,No,6,67,Medium,Yes,0,High,Medium,Public,Positive,3,No,High School,Far,Male,70.0
25.0,89,Medium,High,No,5,51,Low,Yes,2,Medium,High,Private,Negative,2,No,Postgraduate,Moderate,Female,70.0
19.0,98,Low,High,Yes,7,68,Medium,Yes,1,Low,Medium,Private,Neutral,4,No,High School,Moderate,Female,69.0
22.0,93,High,Low,Yes,9,97,Medium,Yes,2,Medium,Medium,Public,Neutral,3,Yes,High School,Near,Male,71.0
19.0,96,Medium,Medium,No,5,64,Medium,Yes,1,Medium,Medium,Public,Neutral,3,No,High School,Near,Male,69.0
22.0,93,High,Medium,No,9,79,Medium,Yes,2,Medium,High,Public,Positive,2,No,Postgraduate,Near,Female,73.0
17.0,78,Medium,Medium,Yes,9,65,Low,Yes,1,Medium,High,Public,Neutral,4,No,High School,Moderate,Female,65.0
5.0,70,High,High,Yes,8,55,Medium,Yes,3,Low,Medium,Public,Neutral,3,No,High School,Near,Male,62.0
19.0,75,Medium,High,No,8,64,Medium,Yes,2,High,Low,Public,Negative,5,No,Postgraduate,Moderate,Female,67.0
29.0,61,Low,Medium,Yes,7,74,High,Yes,1,Medium,Medium,Public,Neutral,3,No,Postgraduate,Moderate,Male,65.0
26.0,81,Low,Medium,No,7,65,Low,Yes,1,Medium,Medium,Public,Neutral,3,No,High School,Far,Male,65.0
26.0,80,Medium,High,Yes,6,81,Medium,Yes,0,Medium,Medium,Public,Neutral,2,No,College,Near,Female,70.0
27.0,81,Medium,Medium,Yes,7,97,Low,Yes,1,Medium,Medium,Public,Neutral,2,No,College,Near,Female,70.0
21.0,99,Medium,High,Yes,7,53,Medium,Yes,0,Medium,Low,Public,Neutral,4,No,Postgraduate,Near,Female,71.0
21.0,96,High,Low,No,10,86,Low,Yes,1,Low,High,Public,Neutral,3,No,College,Near,Male,71.0
16.0,66,Medium,Medium,Yes,8,50,Low,Yes,1,Medium,High,Public,Neutral,4,No,High School,Moderate,Male,62.0
18.0,75,Medium,Low,No,7,50,Medium,Yes,4,Low,Medium,Public,Positive,2,No,Postgraduate,Near,Female,65.0
24.0,77,High,Medium,Yes,7,57,Medium,Yes,3,Medium,High,Public,Positive,2,No,College,Far,Male,84.0
27.0,74,Medium,Medium,Yes,6,74,Medium,Yes,2,Medium,High,Public,Neutral,2,No,College,Far,Male,68.0
19.0,92,High,Medium,Yes,6,52,Medium,Yes,3,High,Medium,Public,Positive,1,No,High School,Near,Male,70.0
17.0,81,Medium,High,No,8,86,Medium,Yes,1,Medium,Medium,Private,Neutral,3,No,Postgraduate,Near,Male,68.0
20.0,83,Medium,Medium,No,6,51,Medium,Yes,2,Low,High,Public,Negative,4,No,Postgraduate,Near,Male,67.0
24.0,94,Low,Medium,Yes,6,75,Low,Yes,1,Low,High,Public,Negative,4,No,High School,Near,Female,69.0
11.0,92,High,High,Yes,6,84,Medium,Yes,2,Low,Low,Public,Negative,1,No,High School,Near,Female,68.0
6.0,65,High,High,No,6,62,Medium,No,3,Low,Low,Public,Neutral,1,No,High School,Near,Male,59.0
17.0,89,High,Low,Yes,9,79,Medium,No,0,Medium,Medium,Public,Positive,2,No,College,Near,Female,67.0
13.0,77,Medium,High,Yes,7,63,Low,Yes,0,High,Low,Public,Positive,1,No,High School,Moderate,Male,63.0
17.0,72,High,High,Yes,7,61,Low,Yes,1,Medium,Medium,Public,Negative,4,No,High School,Near,Female,65.0
19.0,62,Medium,Medium,No,7,91,Low,Yes,1,Low,Medium,Public,Positive,3,No,College,Near,Male,63.0
17.0,79,Medium,Medium,No,7,67,Low,Yes,1,Low,Medium,Private,Positive,3,No,High School,Near,Female,64.0
29.0,74,High,Medium,Yes,6,91,High,Yes,3,Low,High,Public,Positive,4,No,College,Far,Female,72.0
22.0,70,Low,Medium,Yes,5,61,High,Yes,1,Low,Medium,Public,Negative,3,No,College,Moderate,Male,63.0
22.0,88,Medium,Medium,No,9,68,Medium,No,2,Medium,Medium,Public,Neutral,2,Yes,High School,Near,Male,66.0
24.0,91,Medium,Medium,Yes,8,55,Low,Yes,0,Medium,Low,Private,Neutral,2,No,College,Moderate,Female,67.0
13.0,70,High,High,Yes,8,75,High,Yes,1,High,Medium,Public,Positive,2,Yes,Postgraduate,Moderate,Male,66.0
26.0,62,Medium,Medium,Yes,8,69,Medium,Yes,2,Medium,High,Public,Positive,3,No,College,Moderate,Female,66.0
20.0,94,Medium,Medium,Yes,10,50,Low,Yes,1,Low,High,Private,Negative,4,Yes,Postgraduate,Near,Female,68.0
24.0,60,High,High,No,6,73,Medium,Yes,1,Low,Medium,Private,Positive,5,No,Postgraduate,Moderate,Male,66.0
14.0,97,Medium,Medium,Yes,5,54,Medium,Yes,3,Medium,Medium,Public,Negative,2,No,College,Near,Female,68.0
11.0,85,Medium,Medium,Yes,8,92,Low,Yes,2,Medium,Medium,Public,Negative,4,No,High School,Far,Female,65.0
25.0,73,Medium,Medium,Yes,5,75,Low,Yes,0,Medium,Medium,Private,Positive,2,No,College,Near,Female,67.0
22.0,70,High,Low,No,7,85,Medium,Yes,0,High,Medium,Private,Negative,3,No,High School,Far,Male,64.0
15.0,60,Low,High,No,7,91,Low,Yes,0,Low,Medium,Private,Negative,2,No,College,Far,Male,59.0
15.0,69,Medium,Medium,Yes,8,53,Low,No,0,High,Medium,Private,Negative,3,No,High School,Near,Male,60.0
27.0,66,Low,High,No,6,67,Low,Yes,1,High,High,Public,Negative,4,No,College,Far,Female,65.0
13.0,84,Medium,Medium,Yes,9,51,High,Yes,0,Low,Medium,Public,Negative,4,No,High School,Near,Female,64.0
30.0,67,Medium,High,No,6,52,Medium,Yes,1,Low,Medium,Public,Neutral,1,No,High School,Near,Female,66.0
15.0,81,Medium,Medium,Yes,8,52,Medium,Yes,0,Medium,Medium,Public,Neutral,2,No,Postgraduate,Near,Male,65.0
24.0,84,Medium,Medium,Yes,6,74,Medium,Yes,2,Medium,High,Public,Positive,2,No,High School,Far,Male,69.0
18.0,72,High,High,Yes,8,73,Medium,Yes,0,Medium,Medium,Private,Positive,4,Yes,High School,Near,Female,66.0
24.0,61,High,Medium,Yes,5,53,Medium,Yes,1,Low,High,Private,Neutral,5,No,College,Near,Female,65.0
17.0,61,High,Medium,No,7,63,Low,Yes,1,Medium,Medium,Public,Positive,4,No,College,Moderate,Female,62.0
19.0,61,Medium,Low,No,9,62,Medium,Yes,2,Medium,Medium,Public,Neutral,2,No,High School,Far,Female,60.0
20.0,90,Low,Medium,No,7,65,Low,No,4,Low,High,Public,Positive,4,No,College,Moderate,Female,68.0
14.0,73,Medium,High,Yes,9,82,Medium,Yes,1,Medium,Medium,Public,Negative,3,No,High School,Near,Female,64.0
24.0,92,High,High,No,7,85,High,Yes,0,Medium,Medium,Public,Positive,3,No,College,Near,Female,73.0
17.0,77,Medium,Medium,Yes,6,67,Low,Yes,1,Low,Medium,Public,Positive,1,No,College,Near,Male,64.0
19.0,78,High,High,No,7,89,Medium,Yes,2,Medium,Medium,Public,Neutral,4,No,High School,Moderate,Female,69.0
14.0,81,Low,Medium,No,8,71,Low,Yes,1,Low,High,Public,Neutral,3,Yes,Postgraduate,Near,Female,63.0
5.0,89,Medium,Medium,Yes,4,76,High,Yes,2,Medium,Medium,Public,Neutral,3,No,College,Near,Male,65.0
19.0,71,Medium,Medium,No,8,57,Medium,Yes,2,Medium,High,Public,Positive,4,No,High School,Moderate,Male,65.0
34.0,65,Medium,Medium,Yes,6,62,High,Yes,0,Medium,High,Public,Negative,3,No,High School,Near,Male,67.0
25.0,82,Medium,Medium,Yes,5,86,Medium,No,0,Low,Low,Public,Positive,4,No,High School,Near,Male,67.0
20.0,73,Medium,Medium,No,8,99,Low,Yes,1,Medium,Medium,Private,Positive,3,No,High School,Near,Male,66.0
18.0,78,Medium,High,Yes,9,85,High,Yes,1,Low,High,Private,Negative,2,No,Postgraduate,Near,Male,68.0
20.0,86,Medium,Low,Yes,7,53,Medium,Yes,1,Low,High,Public,Negative,2,No,High School,Near,Male,65.0
23.0,80,Low,Low,Yes,5,57,Medium,Yes,1,Low,Medium,Public,Neutral,4,No,Postgraduate,Near,Male,66.0
13.0,85,High,Low,Yes,6,72,Medium,Yes,2,Low,Medium,Public,Positive,1,No,College,Moderate,Female,66.0
27.0,82,Medium,Medium,Yes,6,87,Low,No,2,Low,High,Public,Positive,2,No,High School,Near,Male,69.0
24.0,90,Medium,Medium,No,7,58,Medium,Yes,2,Low,Medium,Private,Neutral,2,No,Postgraduate,Near,Male,70.0
24.0,88,Medium,Low,Yes,7,88,Medium,Yes,2,Medium,High,Private,Neutral,2,No,Postgraduate,Moderate,Male,71.0
23.0,81,High,Medium,No,8,78,High,Yes,4,Low,Low,Public,Positive,3,No,High School,Moderate,Male,70.0
20.0,87,Medium,Medium,No,8,89,Low,Yes,2,Medium,Medium,Public,Neutral,3,No,High School,Moderate,Male,68.0
24.0,95,High,High,Yes,8,78,Medium,Yes,2,Low,High,Public,Negative,2,No,Postgraduate,Far,Female,73.0
24.0,77,Medium,High,No,8,80,High,Yes,1,Low,High,Public,Positive,2,Yes,High School,Moderate,Female,68.0
18.0,77,Medium,Medium,Yes,7,62,Low,Yes,2,High,Medium,Private,Neutral,4,No,College,Near,Male,66.0
17.0,91,Medium,Low,Yes,10,86,Low,Yes,1,Medium,Medium,Public,Neutral,3,Yes,Postgraduate,Moderate,Female,67.0
21.0,83,Medium,Low,Yes,8,92,Low,Yes,2,Medium,Medium,Private,Negative,4,Yes,High School,Near,Male,66.0
29.0,63,Medium,High,Yes,8,94,Medium,Yes,0,Medium,High,Private,Positive,2,No,Postgraduate,Near,Female,69.0
13.0,96,Medium,Medium,No,10,51,Medium,Yes,1,Low,Low,Public,Positive,3,No,Postgraduate,Near,Female,67.0
11.0,61,Medium,Low,Yes,7,81,High,Yes,5,Medium,Low,Public,Positive,4,Yes,High School,Near,Male,61.0
21.0,90,Medium,Medium,No,6,99,Medium,Yes,2,Low,Medium,Private,Negative,3,No,College,Near,Female,70.0
20.0,90,High,High,No,9,79,Medium,Yes,2,Low,Medium,Public,Negative,2,No,High School,Near,Female,70.0
21.0,98,Medium,Medium,Yes,9,59,High,No,3,Medium,Medium,Public,Neutral,3,Yes,College,Near,Female,70.0
21.0,62,Medium,Medium,No,7,94,Low,Yes,1,Low,High,Private,Positive,3,No,College,Moderate,Female,64.0
19.0,84,High,Medium,No,10,63,Medium,Yes,0,Low,Medium,Public,Negative,3,No,College,Far,Female,65.0
29.0,77,Medium,Medium,No,7,52,Medium,Yes,5,Low,Medium,Public,Positive,4,No,College,Near,Female,70.0
10.0,73,Low,High,Yes,8,72,Low,Yes,1,Low,High,Public,Positive,2,No,College,Moderate,Female,62.0
15.0,64,High,High,Yes,9,55,High,Yes,1,Medium,Low,Public,Neutral,3,No,College,Near,Female,64.0
19.0,83,Medium,High,Yes,7,56,Medium,Yes,1,Medium,Low,Private,Positive,3,No,College,Far,Female,67.0
10.0,79,High,Medium,No,8,73,High,No,1,Low,Low,Public,Neutral,4,No,High School,Near,Female,63.0
19.0,64,Low,Medium,Yes,9,81,High,Yes,0,Medium,High,Public,Neutral,3,Yes,High School,Near,Male,62.0
30.0,84,Low,Medium,No,6,95,Medium,Yes,2,High,High,Public,Negative,2,No,College,Near,Male,72.0
20.0,90,Low,Medium,No,6,85,High,No,3,Low,High,Private,Neutral,2,No,College,Near,Male,69.0
21.0,91,Medium,High,Yes,9,92,Medium,Yes,5,Low,Medium,Private,Negative,2,No,High School,Near,Male,72.0
12.0,96,Low,Medium,Yes,7,71,High,Yes,2,Medium,Medium,Private,Positive,2,No,College,Near,Male,68.0
16.0,76,Low,Medium,No,6,66,Low,Yes,1,Medium,Medium,Private,Neutral,3,No,Postgraduate,Near,Female,64.0
18.0,98,High,High,Yes,7,80,Low,Yes,3,Low,Medium,Private,Neutral,1,No,College,Near,Female,72.0
18.0,95,High,High,Yes,8,85,Low,Yes,2,Low,High,Public,Positive,3,No,College,Near,Female,73.0
28.0,72,High,Medium,Yes,5,78,Low,No,5,Medium,Low,Private,Negative,2,No,College,Far,Male,67.0
23.0,66,High,Low,Yes,8,63,Medium,Yes,0,Low,Medium,Public,Negative,4,No,College,Near,Female,64.0
13.0,77,Medium,Medium,Yes,8,68,Low,Yes,3,High,Medium,Private,Neutral,3,No,High School,Near,Female,65.0
21.0,76,High,High,Yes,9,72,Low,Yes,1,Low,High,Public,Neutral,3,No,High School,Moderate,Female,67.0
23.0,83,Medium,Medium,Yes,7,51,Low,Yes,3,Medium,High,Public,Neutral,2,No,College,Moderate,Male,68.0
27.0,83,Medium,High,Yes,9,94,Medium,Yes,2,Low,High,Public,Positive,2,No,High School,Near,Male,72.0
29.0,90,High,Low,Yes,7,76,Low,Yes,1,Medium,Low,Public,Positive,3,No,High School,Moderate,Female,71.0
14.0,80,Medium,Medium,Yes,7,88,Medium,Yes,1,Medium,Medium,Private,Neutral,3,No,High School,Near,Male,66.0
15.0,64,High,Medium,No,7,59,Low,Yes,0,Low,Medium,Public,Neutral,3,Yes,High School,Near,Female,59.0
12.0,94,Medium,Medium,Yes,10,78,Medium,Yes,1,Medium,High,Public,Neutral,2,No,High School,Near,Female,68.0
19.0,72,Low,High,Yes,5,96,Low,No,3,Low,Low,Public,Positive,2,No,High School,Moderate,Female,64.0
23.0,99,Low,Medium,No,8,61,Low,Yes,2,High,High,Private,Positive,3,Yes,High School,Near,Female,70.0
26.0,65,Low,Medium,Yes,7,67,Medium,Yes,4,High,Medium,Private,Negative,3,No,High School,Moderate,Female,65.0
20.0,98,High,Medium,Yes,7,69,High,No,2,High,High,Public,Negative,2,No,College,Near,Female,72.0
18.0,64,High,High,No,8,69,Medium,Yes,3,High,Medium,Public,Positive,3,No,College,Moderate,Male,66.0
21.0,69,Medium,Medium,Yes,9,80,High,Yes,2,Medium,High,Public,Positive,5,No,College,Near,Male,68.0
15.0,62,Medium,High,No,8,70,Medium,Yes,1,Low,Medium,Private,Positive,3,No,College,Near,Male,62.0
33.0,88,Medium,Low,No,9,84,Medium,Yes,1,Low,Medium,Public,Negative,3,No,High School,Near,Male,70.0
10.0,94,High,Medium,Yes,7,74,High,Yes,3,High,Medium,Public,Positive,3,No,College,Moderate,Male,70.0
21.0,77,Medium,Low,Yes,7,58,Medium,Yes,0,Low,High,Public,Negative,3,No,College,Near,Male,64.0
32.0,97,High,Low,Yes,5,97,Low,Yes,1,Low,High,Public,Positive,5,No,College,Moderate,Female,76.0
20.0,84,Medium,Medium,Yes,10,62,High,Yes,1,Medium,Medium,Public,Neutral,2,No,College,Moderate,Male,67.0
19.0,85,High,High,No,7,78,Low,Yes,2,Low,High,Private,Negative,3,No,College,Near,Male,69.0
18.0,94,Medium,Low,Yes,7,53,Medium,Yes,4,Medium,High,Public,Positive,3,No,High School,Far,Female,68.0
19.0,72,Medium,Medium,Yes,8,96,Low,Yes,1,Medium,High,Public,Positive,2,No,Postgraduate,Moderate,Female,67.0
28.0,74,Medium,Medium,Yes,9,96,Low,Yes,0,High,High,Private,Neutral,3,No,High School,Near,Female,69.0
7.0,96,High,Medium,Yes,6,68,Medium,Yes,2,Low,High,Public,Neutral,1,No,High School,Near,Female,67.0
29.0,96,High,High,Yes,9,56,Low,Yes,0,Low,High,Private,Neutral,4,No,High School,Near,Male,73.0
11.0,99,Medium,High,Yes,7,88,High,No,4,Medium,Low,Private,Neutral,3,No,College,Near,Male,71.0
18.0,96,Medium,Low,No,9,63,Medium,Yes,4,Low,Medium,Private,Neutral,3,No,Postgraduate,Near,Male,70.0
17.0,65,High,Medium,Yes,6,85,Medium,Yes,1,Low,Medium,Private,Neutral,3,No,High School,Near,Male,65.0
24.0,93,High,Medium,Yes,8,96,Medium,Yes,0,Medium,Medium,Public,Positive,1,No,Postgraduate,Moderate,Male,73.0
10.0,76,Medium,Medium,Yes,7,80,Medium,Yes,1,Low,High,Public,Positive,4,No,Postgraduate,Near,Female,65.0
23.0,100,Low,Medium,Yes,5,93,Medium,Yes,4,Low,Medium,Private,Neutral,3,No,Postgraduate,Moderate,Male,73.0
32.0,79,Low,High,Yes,5,61,Medium,Yes,0,Low,High,Public,Positive,3,No,College,Near,Male,70.0
12.0,82,High,Medium,Yes,6,96,High,Yes,0,Low,Low,Private,Positive,4,Yes,College,Near,Male,66.0
21.0,81,Low,Medium,Yes,8,61,High,Yes,3,Medium,Low,Public,Negative,5,No,High School,Moderate,Female,66.0
16.0,73,Medium,Medium,Yes,4,61,Low,Yes,4,Low,High,Private,Neutral,5,No,High School,Moderate,Male,64.0
23.0,63,Medium,Medium,Yes,8,94,High,Yes,2,Medium,Medium,Public,Neutral,5,No,Postgraduate,Near,Male,68.0
20.0,96,Medium,Medium,No,7,78,Medium,Yes,1,High,High,Public,Neutral,2,No,High School,Near,Male,70.0
16.0,92,Medium,Medium,Yes,4,90,High,Yes,6,High,Medium,Private,Neutral,3,No,High School,Near,Male,72.0
23.0,66,Medium,High,No,6,90,Medium,Yes,2,Low,Medium,Public,Neutral,3,No,High School,Near,Male,66.0
31.0,91,Medium,Medium,Yes,6,82,Medium,Yes,2,Medium,High,Public,Positive,3,No,High School,Near,Male,74.0
19.0,85,High,Medium,No,7,59,Low,Yes,0,Medium,High,Private,Negative,4,No,College,Moderate,Male,67.0
24.0,76,High,High,Yes,9,85,Medium,Yes,2,Low,Medium,Private,Positive,2,No,Postgraduate,Near,Female,71.0
12.0,70,Low,High,Yes,9,53,Medium,Yes,2,Low,Medium,Public,Neutral,2,Yes,High School,Near,Male,60.0
14.0,94,Low,Medium,No,6,60,Medium,Yes,3,High,Medium,Public,Neutral,3,No,College,Near,Female,68.0
23.0,88,Medium,Medium,No,6,82,Medium,Yes,0,Medium,Medium,Private,Negative,3,No,College,Near,Male,69.0
29.0,82,High,High,No,5,95,Medium,Yes,2,Medium,High,Public,Neutral,3,No,College,Near,Male,74.0
22.0,84,High,Medium,Yes,6,89,Medium,Yes,2,Medium,Medium,Public,Neutral,3,No,High School,Near,Male,71.0
18.0,64,High,Medium,Yes,6,67,High,Yes,0,Low,Medium,Private,Negative,4,No,College,Near,Male,63.0
20.0,79,High,Low,Yes,7,91,High,No,2,Low,Medium,Private,Negative,4,Yes,College,Moderate,Male,66.0
12.0,68,Medium,High,No,7,98,Medium,Yes,1,Medium,High,Private,Neutral,4,No,High School,Near,Male,65.0
24.0,68,Low,Low,No,6,67,High,No,0,Low,High,Private,Positive,3,Yes,High School,Far,Female,60.0
25.0,86,Medium,Low,Yes,6,59,Medium,Yes,3,Low,Medium,Public,Positive,3,No,High School,Near,Female,69.0
17.0,96,High,Medium,No,6,60,Medium,Yes,1,Low,Medium,Public,Neutral,3,No,College,Near,Female,69.0
17.0,76,Medium,High,Yes,6,70,Low,Yes,2,High,Medium,Public,Neutral,4,No,Postgraduate,Moderate,Male,67.0
22.0,68,High,Medium,Yes,9,53,High,Yes,1,Medium,Medium,Public,Neutral,2,No,High School,Moderate,Female,65.0
17.0,86,High,High,Yes,8,74,Medium,Yes,1,Low,High,Private,Neutral,4,No,College,Near,Male,70.0
20.0,95,High,Medium,Yes,8,87,Low,Yes,0,Low,Medium,Private,Positive,3,No,Postgraduate,Moderate,Female,71.0
33.0,90,Low,Medium,Yes,9,77,Medium,Yes,3,Medium,High,Public,Negative,6,Yes,Postgraduate,Moderate,Male,73.0
19.0,95,Low,High,Yes,8,99,Medium,Yes,0,Low,Medium,Public,Neutral,2,No,Postgraduate,Moderate,Male,70.0
18.0,81,High,Low,Yes,9,73,High,Yes,1,Medium,High,Public,Neutral,2,No,High School,Near,Female,67.0
16.0,90,Low,High,Yes,8,51,Medium,Yes,1,High,Medium,Public,Neutral,5,No,High School,Moderate,Female,67.0
24.0,66,Low,High,No,7,74,Medium,Yes,0,High,High,Public,Neutral,2,No,College,Moderate,Male,65.0
19.0,74,High,High,Yes,6,96,Medium,Yes,2,High,Medium,Public,Neutral,3,No,College,Near,Male,69.0
16.0,76,High,High,Yes,6,55,Medium,No,1,Low,Medium,Public,Positive,1,No,Postgraduate,Near,Male,65.0
28.0,80,Medium,High,Yes,8,61,Low,Yes,1,Low,Medium,Private,Negative,3,No,College,Far,Female,68.0
29.0,97,High,Medium,No,7,86,Medium,Yes,0,Medium,Medium,Public,Positive,3,No,College,Near,Female,74.0
16.0,95,Low,Medium,Yes,5,65,High,Yes,0,Medium,Medium,Private,Neutral,3,No,College,Near,Female,68.0
9.0,65,Medium,Medium,No,4,88,Low,Yes,1,Low,Medium,Public,Positive,3,No,College,Near,Male,61.0
26.0,67,Medium,Low,Yes,10,71,High,Yes,3,Low,Medium,Public,Neutral,3,No,Postgraduate,Near,Male,67.0
16.0,74,High,High,Yes,6,90,Medium,Yes,1,Low,Medium,Private,Negative,4,Yes,High School,Near,Female,66.0
25.0,72,Low,Low,Yes,6,78,Low,Yes,8,Medium,High,Public,Positive,4,No,High School,Near,Male,69.0
8.0,85,Medium,Low,Yes,9,54,Low,Yes,1,Low,High,Private,Positive,3,No,High School,Near,Male,62.0
25.0,96,Medium,High,Yes,5,69,Low,Yes,0,Low,Medium,Public,Neutral,4,No,High School,Moderate,Male,71.0
13.0,98,High,High,Yes,8,67,Medium,Yes,1,Medium,Medium,Private,Positive,4,No,Postgraduate,Moderate,Female,71.0
24.0,86,Medium,High,Yes,10,91,Low,Yes,0,Low,High,Private,Positive,4,No,College,Near,Female,72.0
20.0,94,Medium,High,Yes,10,81,Low,Yes,1,Medium,High,Public,Neutral,5,Yes,High School,Far,Female,69.0
14.0,81,Low,Medium,No,6,89,Medium,No,6,Low,High,Private,Neutral,3,No,College,Near,Female,67.0
18.0,68,Medium,High,No,7,69,Medium,Yes,1,Low,High,Public,Neutral,4,Yes,High School,Moderate,Female,63.0
24.0,81,Medium,Medium,Yes,6,85,Medium,No,1,Medium,High,Public,Neutral,4,No,College,Moderate,Male,68.0
21.0,82,High,High,Yes,7,53,Low,Yes,0,High,Medium,Public,Positive,2,No,Postgraduate,Near,Male,69.0
24.0,90,Medium,Low,Yes,9,52,Low,Yes,0,Low,Medium,Public,Negative,3,Yes,College,Near,Female,65.0
32.0,69,High,High,Yes,5,64,Medium,Yes,0,Medium,Medium,Public,Negative,3,No,Postgraduate,Near,Female,70.0
11.0,75,Medium,Medium,No,8,89,Medium,Yes,2,High,High,Private,Positive,4,No,College,Moderate,Male,65.0
30.0,75,Medium,Medium,No,7,77,Medium,Yes,0,Low,Medium,Public,Positive,2,No,High School,Moderate,Male,67.0
21.0,98,Medium,High,Yes,9,70,Medium,Yes,0,Low,High,Public,Positive,1,No,College,Near,Male,72.0
15.0,78,Medium,High,Yes,9,95,High,Yes,1,High,High,Public,Positive,3,No,High School,Near,Male,69.0
12.0,90,High,High,Yes,6,75,Low,No,2,Medium,Medium,Public,Neutral,3,No,Postgraduate,Near,Male,69.0
19.0,90,High,Low,No,7,81,Medium,Yes,4,High,High,Public,Neutral,4,Yes,College,Near,Female,71.0
26.0,71,Medium,Low,Yes,8,99,Medium,Yes,1,Medium,High,Public,Positive,3,No,High School,Far,Male,67.0
19.0,83,Low,Low,No,8,76,Low,Yes,3,Low,Low,Public,Neutral,3,No,Postgraduate,Near,Female,65.0
29.0,96,Low,Low,No,4,89,Medium,Yes,2,Low,High,Public,Neutral,2,No,High School,Far,Female,70.0
11.0,79,Medium,Medium,No,8,71,Low,Yes,1,Medium,Medium,Private,Positive,2,No,College,Moderate,Female,63.0
20.0,98,High,High,Yes,9,52,Medium,Yes,0,Medium,Medium,Private,Positive,3,No,College,Far,Male,71.0
12.0,69,High,Medium,Yes,7,92,Low,Yes,1,Medium,Medium,Public,Neutral,3,No,College,Near,Female,64.0
22.0,63,Medium,High,Yes,8,97,High,Yes,5,Medium,Medium,Private,Neutral,3,No,High School,Near,Male,69.0
25.0,96,Low,Medium,No,9,72,Low,Yes,0,Low,Medium,Private,Positive,3,No,High School,Near,Male,69.0
17.0,94,Medium,Medium,Yes,7,75,Medium,Yes,1,Low,High,Public,Positive,3,No,Postgraduate,Moderate,Male,70.0
4.0,100,High,Low,No,8,71,Low,Yes,2,Low,Medium,Private,Negative,4,No,High School,Moderate,Female,64.0
21.0,87,Medium,High,No,7,100,Low,Yes,1,Low,Medium,Public,Positive,3,No,High School,Near,Male,70.0
23.0,97,Medium,High,No,7,95,Medium,Yes,0,Medium,High,Private,Positive,4,No,Postgraduate,Moderate,Female,74.0
22.0,93,Medium,Medium,Yes,6,52,Medium,Yes,1,Low,Medium,Public,Negative,3,No,College,Near,Female,69.0
27.0,94,Low,Medium,Yes,7,89,Medium,Yes,3,Low,Medium,Private,Positive,2,No,College,Near,Female,73.0
14.0,83,Medium,Medium,Yes,10,80,Medium,Yes,1,Medium,High,Private,Neutral,3,Yes,College,Near,Female,66.0
24.0,75,High,High,Yes,6,51,High,No,1,Medium,High,Public,Negative,3,No,High School,Near,Male,67.0
27.0,97,High,High,No,8,72,Medium,Yes,6,Low,Medium,Public,Neutral,2,No,College,Near,Female,76.0
9.0,77,Medium,Medium,No,7,57,Low,Yes,2,Medium,Low,Public,Negative,3,No,High School,Near,Male,61.0
22.0,82,Low,Medium,Yes,9,94,High,Yes,0,Medium,Medium,Public,Positive,4,No,High School,Moderate,Female,68.0
17.0,78,Medium,Low,Yes,9,51,High,Yes,1,Low,Medium,Private,Neutral,3,No,High School,Moderate,Male,63.0
20.0,83,High,Low,Yes,6,94,Medium,Yes,1,Low,Medium,Public,Neutral,2,No,High School,Near,Male,67.0
22.0,79,Low,Low,Yes,6,97,Low,Yes,3,High,Medium,Public,Negative,3,No,High School,Moderate,Male,66.0
17.0,62,High,Low,Yes,6,54,Low,Yes,2,Medium,High,Public,Neutral,3,No,College,Near,Male,62.0
16.0,95,High,Low,Yes,6,86,Medium,Yes,0,Low,High,Private,Neutral,3,No,High School,Near,Male,69.0
20.0,78,Medium,Medium,No,6,77,Medium,Yes,3,Medium,Medium,Private,Positive,3,No,High School,Moderate,Male,67.0
13.0,84,Medium,Medium,No,8,98,Low,No,2,Medium,Medium,Public,Positive,2,No,College,Moderate,Female,66.0
13.0,66,High,Medium,Yes,6,90,Medium,Yes,2,Low,Medium,Public,Positive,3,Yes,High School,Moderate,Male,63.0
24.0,60,Medium,Medium,No,6,85,Low,Yes,1,High,Medium,Public,Neutral,2,No,Postgraduate,Moderate,Male,64.0
13.0,70,Low,Medium,Yes,6,96,High,Yes,2,Medium,Medium,Private,Negative,5,No,Postgraduate,Moderate,Male,64.0
24.0,88,Low,Medium,No,8,58,Medium,Yes,1,Low,High,Public,Negative,3,No,High School,Near,Male,67.0
23.0,64,Low,Medium,Yes,7,69,High,Yes,4,High,Medium,Public,Positive,3,No,High School,Moderate,Male,66.0
10.0,96,High,High,Yes,7,92,Medium,Yes,1,Low,Low,Public,Neutral,1,No,High School,Near,Female,68.0
16.0,69,Medium,High,Yes,6,55,Medium,Yes,1,Medium,High,Public,Negative,1,No,High School,Moderate,Male,62.0
27.0,68,Medium,Medium,Yes,5,97,Low,Yes,1,Medium,Medium,Public,Negative,4,No,College,Near,Male,68.0
14.0,67,High,Low,No,9,87,Medium,Yes,1,Medium,Medium,Private,Positive,3,No,High School,Near,Male,63.0
17.0,61,Medium,High,No,7,72,Low,Yes,1,Medium,High,Public,Neutral,2,No,High School,Moderate,Male,62.0
23.0,91,High,High,No,10,67,High,Yes,2,Low,Medium,Public,Positive,2,No,College,Near,Male,72.0
25.0,95,Medium,Low,No,8,57,Low,Yes,4,Low,Medium,Public,Neutral,3,No,High School,Moderate,Female,69.0
18.0,85,Medium,Low,Yes,10,55,High,Yes,3,Medium,High,Public,Neutral,3,No,High School,Near,Male,67.0
16.0,68,Medium,High,Yes,8,71,Medium,Yes,1,High,High,Private,Neutral,3,No,High School,Moderate,Male,65.0
29.0,71,High,Medium,No,7,92,Low,Yes,1,Low,Medium,Public,Positive,3,No,High School,Near,Female,69.0
30.0,79,High,High,Yes,6,77,Medium,Yes,1,Low,Medium,Public,Positive,2,No,High School,Near,Male,72.0
26.0,98,Low,Medium,Yes,6,73,Medium,Yes,2,Low,Low,Public,Negative,3,No,High School,Near,Female,70.0
21.0,70,High,High,No,9,66,Medium,Yes,1,Medium,Low,Public,Neutral,4,No,College,Moderate,Male,91.0
15.0,89,High,Low,Yes,7,58,Low,Yes,2,Low,Medium,Public,Negative,3,No,High School,Moderate,Male,65.0
15.0,78,Low,Medium,Yes,8,100,Low,Yes,0,Low,Medium,Public,Negative,3,Yes,High School,Near,Female,62.0
23.0,72,Low,High,Yes,8,51,Medium,Yes,2,Low,Medium,Private,Positive,3,No,College,Far,Male,65.0
23.0,78,Medium,Medium,Yes,8,66,Medium,Yes,1,Medium,High,Public,Neutral,1,No,College,Moderate,Female,67.0
28.0,63,Medium,Low,No,6,88,High,Yes,4,Medium,High,Public,Neutral,4,No,High School,Far,Male,67.0
24.0,92,Medium,High,No,9,76,Medium,Yes,2,High,Medium,Public,Positive,2,No,High School,Near,Female,72.0
11.0,70,Medium,Low,Yes,7,66,Low,Yes,1,Medium,High,Public,Negative,3,No,High School,Near,Female,60.0
26.0,89,Medium,Low,No,7,100,Low,Yes,0,Medium,Low,Public,Neutral,3,No,High School,Near,Female,69.0
14.0,63,Medium,Medium,No,8,81,Low,Yes,0,Medium,Low,Private,Positive,5,No,High School,Near,Female,61.0
18.0,98,Low,Medium,Yes,7,65,Medium,Yes,1,High,Medium,Private,Neutral,4,No,Postgraduate,Near,Female,70.0
22.0,68,Medium,High,No,4,92,High,Yes,2,High,Medium,Public,Neutral,3,No,High School,Near,Male,68.0
32.0,95,Medium,High,Yes,9,58,Medium,Yes,2,Medium,Medium,Private,Positive,4,No,High School,Near,Male,75.0
20.0,92,Medium,Medium,No,9,73,Medium,Yes,1,Medium,Medium,Public,Negative,4,No,Postgraduate,Moderate,Male,75.0
24.0,99,High,Medium,No,4,92,Low,Yes,2,High,Medium,Private,Neutral,3,No,High School,Far,Male,72.0
19.0,79,Low,Medium,Yes,5,99,High,Yes,1,Low,Medium,Private,Negative,4,No,College,Moderate,Female,66.0
23.0,89,Low,High,No,10,69,Low,Yes,5,Medium,Medium,Public,Neutral,4,No,High School,Near,Male,71.0
25.0,75,Low,High,No,7,57,High,Yes,4,Low,High,Public,Positive,5,No,College,Near,Male,70.0
18.0,67,Medium,High,Yes,7,78,Low,Yes,2,Medium,Medium,Public,Negative,3,Yes,High School,Near,Female,63.0
31.0,78,High,High,Yes,6,97,Low,Yes,0,Medium,High,Public,Neutral,3,No,High School,Near,Male,72.0
21.0,67,Medium,Medium,Yes,5,83,Medium,Yes,1,Low,High,Private,Neutral,5,No,High School,Near,Male,65.0
23.0,99,Medium,Medium,Yes,7,80,Low,Yes,3,Low,Low,Private,Neutral,2,No,High School,Near,Male,71.0
24.0,64,Medium,Medium,Yes,8,65,Medium,Yes,0,Medium,Medium,Public,Positive,3,No,College,Near,Female,65.0
23.0,84,Medium,Low,Yes,7,80,Medium,Yes,1,Medium,High,Private,Positive,3,No,College,Moderate,Female,69.0
25.0,85,Medium,Low,Yes,8,94,Medium,Yes,3,Medium,High,Public,Positive,3,No,High School,Moderate,Male,71.0
16.0,82,Medium,High,Yes,10,69,Medium,Yes,2,Low,Medium,Public,Positive,4,No,College,Near,Male,68.0
17.0,86,Low,Medium,No,6,62,Low,Yes,2,Medium,High,Public,Positive,4,No,High School,Near,Female,66.0
13.0,65,High,Medium,No,7,74,Low,Yes,0,High,Medium,Public,Neutral,2,Yes,High School,Moderate,Male,60.0
23.0,82,Medium,Medium,No,9,69,Medium,Yes,0,High,Medium,Public,Positive,3,No,High School,Near,Female,68.0
25.0,71,Medium,High,Yes,6,73,Medium,Yes,1,Low,Medium,Private,Neutral,4,No,High School,Near,Female,67.0
23.0,98,Medium,Low,No,7,55,Medium,Yes,3,High,High,Private,Neutral,4,No,High School,Near,Male,71.0
30.0,90,High,Medium,No,10,67,High,Yes,2,Medium,Medium,Private,Neutral,6,No,High School,Near,Male,74.0
20.0,99,Low,Medium,No,6,91,Medium,Yes,2,Medium,Low,Public,Negative,4,No,High School,Near,Male,70.0
24.0,62,Low,High,No,9,70,Low,Yes,2,Low,Medium,Public,Positive,2,No,College,Moderate,Female,63.0
13.0,71,Medium,Medium,No,7,98,Medium,Yes,0,Medium,Medium,Public,Positive,3,No,College,Near,Male,64.0
18.0,68,Medium,High,Yes,10,85,High,Yes,3,Low,Medium,Public,Neutral,3,No,High School,Near,Male,66.0
24.0,60,Medium,Medium,Yes,5,68,Medium,Yes,0,Medium,Low,Public,Neutral,3,No,Postgraduate,Near,Female,64.0
25.0,70,High,High,Yes,7,63,Medium,Yes,1,Medium,High,Private,Positive,3,No,College,Moderate,Male,69.0
18.0,87,Medium,High,Yes,5,84,Medium,Yes,2,Medium,Low,Private,Positive,4,No,Postgraduate,Near,Male,71.0
20.0,69,High,Medium,No,6,65,Medium,Yes,1,Low,Medium,Public,Neutral,2,No,High School,Near,Female,64.0
11.0,80,Medium,Medium,Yes,6,96,Low,Yes,1,Low,High,Public,Neutral,3,No,High School,Near,Male,65.0
18.0,96,High,Medium,No,7,56,Low,Yes,2,Medium,Medium,Private,Neutral,1,No,College,Near,Female,69.0
25.0,88,Medium,High,No,5,51,Medium,Yes,1,Medium,Low,Public,Neutral,1,No,High School,Near,Female,68.0
23.0,76,Medium,Medium,Yes,7,61,Medium,Yes,3,Medium,Low,Public,Positive,4,No,High School,Near,Male,68.0
23.0,75,High,Medium,Yes,8,80,High,Yes,0,Low,High,Private,Neutral,4,No,High School,Moderate,Female,68.0
20.0,78,Low,Medium,Yes,5,92,Low,Yes,1,Medium,Medium,Public,Positive,3,No,High School,Far,Male,65.0
20.0,67,High,High,No,6,59,Low,Yes,1,Medium,Medium,Private,Negative,4,No,College,Near,Female,65.0
16.0,85,Medium,Low,No,10,79,Low,Yes,1,High,Medium,Private,Neutral,3,No,College,Near,Male,66.0
24.0,75,High,Low,No,7,57,Medium,Yes,0,Medium,Medium,Public,Neutral,1,No,Postgraduate,Near,Male,66.0
23.0,94,Medium,Low,Yes,4,78,Medium,Yes,2,High,High,Public,Neutral,4,No,High School,Moderate,Male,71.0
23.0,90,High,Medium,Yes,5,51,Medium,Yes,0,Low,High,Public,Negative,1,No,High School,Near,Male,68.0
17.0,84,Low,Medium,Yes,7,78,Low,Yes,0,High,High,Public,Neutral,5,Yes,College,Moderate,Female,65.0
7.0,75,Medium,High,Yes,7,76,Medium,Yes,0,Medium,Low,Private,Positive,4,No,College,Moderate,Female,63.0
27.0,68,High,Medium,No,6,52,Medium,Yes,1,Medium,Low,Private,Neutral,5,No,Postgraduate,Far,Female,66.0
17.0,91,High,Low,Yes,10,84,Medium,Yes,7,Low,High,Public,Neutral,4,Yes,College,Moderate,Male,71.0
15.0,79,Low,Medium,Yes,10,79,Medium,Yes,2,Low,Medium,Private,Neutral,4,No,College,Moderate,Male,65.0
24.0,69,Medium,High,Yes,7,81,Low,Yes,3,Medium,Medium,Private,Neutral,4,No,High School,Near,Female,68.0
18.0,68,Medium,Medium,Yes,8,76,High,Yes,2,High,Medium,Public,Neutral,3,No,Postgraduate,Near,Male,66.0
26.0,67,Low,High,No,8,86,Medium,Yes,2,Low,Medium,Public,Negative,2,Yes,High School,Near,Female,64.0
24.0,91,Medium,Low,Yes,9,76,High,Yes,1,Low,Low,Public,Positive,4,No,College,Near,Female,70.0
24.0,69,High,Low,Yes,6,96,Medium,Yes,4,High,Medium,Public,Positive,4,No,College,Moderate,Male,70.0
12.0,81,Medium,High,No,10,97,Low,Yes,1,Low,Medium,Private,Positive,5,No,High School,Near,Female,66.0
27.0,78,Medium,Medium,Yes,7,86,Medium,Yes,3,Medium,Medium,Public,Positive,2,No,High School,Moderate,Female,70.0
22.0,83,High,High,No,8,96,Medium,No,2,Medium,High,Public,Positive,0,No,College,Near,Female,71.0
18.0,95,Low,High,No,7,96,Medium,Yes,2,Medium,High,Private,Positive,4,Yes,High School,Moderate,Male,70.0
21.0,95,Medium,Medium,No,7,63,Medium,Yes,1,Low,Medium,Private,Positive,4,No,Postgraduate,Near,Male,70.0
9.0,78,High,Medium,Yes,7,100,Low,Yes,2,Medium,Medium,Public,Positive,2,No,High School,Near,Male,66.0
22.0,61,High,Medium,No,5,63,Low,Yes,1,Low,Medium,Public,Positive,3,No,Postgraduate,Near,Male,64.0
14.0,77,High,High,No,4,51,Low,Yes,5,Low,Medium,Public,Positive,3,No,College,Moderate,Male,66.0
12.0,84,High,Medium,Yes,7,98,High,Yes,1,Low,Medium,Public,Positive,3,No,High School,Near,Female,68.0
11.0,82,Low,Low,No,6,61,Low,Yes,2,Medium,Medium,Public,Neutral,2,No,High School,Near,Female,61.0
27.0,86,Medium,Medium,Yes,8,79,Medium,Yes,2,Low,High,Private,Positive,4,No,College,Near,Male,72.0
16.0,66,High,High,No,8,99,Medium,Yes,1,Low,High,Private,Positive,3,No,High School,Moderate,Male,66.0
29.0,86,Low,Low,Yes,7,52,Medium,Yes,1,Low,Medium,Public,Positive,3,No,College,Near,Female,68.0
17.0,67,Low,Medium,No,9,63,High,Yes,1,Low,High,Public,Negative,4,No,College,Far,Male,61.0
10.0,90,High,Medium,Yes,7,80,Low,Yes,0,Medium,Medium,Public,Neutral,5,No,High School,Near,Female,67.0
13.0,74,High,High,Yes,5,88,Low,Yes,3,Low,Medium,Private,Neutral,3,Yes,College,Near,Female,66.0
27.0,88,Medium,Medium,Yes,7,90,Medium,Yes,3,Medium,Medium,Public,Positive,4,No,Postgraduate,Moderate,Female,74.0
19.0,62,High,Medium,Yes,9,94,Medium,Yes,0,High,Low,Public,Neutral,4,No,Postgraduate,Near,Female,66.0
17.0,76,High,Medium,Yes,4,58,Medium,Yes,4,Medium,Medium,Private,Neutral,2,No,Postgraduate,Moderate,Female,67.0
21.0,88,High,Low,Yes,7,69,Medium,Yes,4,Medium,Medium,Private,Neutral,3,No,College,Near,Male,71.0
23.0,69,High,Low,Yes,8,86,High,Yes,0,Medium,High,Public,Neutral,4,No,College,Far,Male,66.0
27.0,92,Medium,Medium,Yes,10,86,High,Yes,0,Low,Low,Private,Positive,3,No,High School,Moderate,Male,71.0
29.0,85,High,Medium,Yes,9,65,High,No,4,Low,Medium,Private,Neutral,4,No,Postgraduate,Moderate,Male,72.0
18.0,84,Medium,Medium,Yes,7,65,Medium,Yes,2,Medium,Medium,Public,Negative,3,No,High School,Near,Female,66.0
12.0,74,High,Low,Yes,8,66,Low,Yes,1,Low,Medium,Public,Positive,2,No,High School,Near,Male,62.0
18.0,79,High,Medium,Yes,4,95,Low,Yes,1,Low,High,Public,Negative,2,No,High School,Moderate,Female,66.0
22.0,84,Low,High,Yes,5,95,Medium,Yes,2,Low,High,Public,Neutral,3,No,High School,Moderate,Male,69.0
14.0,79,Medium,Medium,Yes,8,51,Medium,Yes,0,Medium,High,Public,Negative,4,No,High School,Near,Male,64.0
14.0,88,Medium,Medium,Yes,7,66,Medium,Yes,4,Medium,High,Public,Positive,3,No,High School,Near,Female,69.0
22.0,77,High,Low,Yes,7,70,Medium,Yes,2,Medium,Medium,Private,Positive,4,No,Postgraduate,Near,Male,69.0
20.0,68,High,Low,Yes,7,99,High,Yes,0,Low,Medium,Public,Positive,2,Yes,College,Moderate,Female,64.0
20.0,69,Medium,High,Yes,7,97,Medium,Yes,3,Medium,High,Public,Positive,3,Yes,College,Near,Female,68.0
15.0,60,Medium,Medium,Yes,7,81,Low,Yes,4,Low,High,Public,Positive,2,No,High School,Near,Male,63.0
19.0,72,High,Medium,Yes,5,52,Low,Yes,1,Low,Medium,Public,Positive,2,No,High School,Near,Male,64.0
14.0,90,Medium,High,Yes,7,60,Medium,Yes,2,Medium,Medium,Public,Neutral,4,No,Postgraduate,Near,Male,69.0
25.0,92,Low,High,No,5,72,Medium,Yes,1,Medium,Medium,Public,Positive,4,No,High School,Near,Female,71.0
26.0,68,Medium,High,No,6,98,Low,Yes,2,Medium,Medium,Private,Neutral,3,No,College,Far,Female,67.0
9.0,98,High,Medium,No,9,55,Low,Yes,3,Low,Medium,Public,Positive,2,No,High School,Near,Male,67.0
14.0,80,High,Low,Yes,7,90,High,Yes,2,Low,High,Public,Negative,2,No,College,Far,Female,66.0
11.0,97,Medium,High,Yes,8,60,Medium,Yes,0,Medium,Low,Private,Positive,3,No,High School,Near,Male,67.0
16.0,88,Low,High,No,7,75,Low,Yes,2,Medium,Medium,Public,Neutral,4,No,Postgraduate,Near,Female,68.0
19.0,89,Medium,Medium,Yes,6,88,Low,Yes,1,Medium,High,Public,Positive,2,No,High School,Near,Female,69.0
11.0,63,High,High,Yes,5,85,High,No,0,Low,High,Public,Positive,4,Yes,High School,Moderate,Female,62.0
14.0,69,Medium,Medium,Yes,6,89,High,Yes,2,High,High,Private,Positive,5,No,High School,Moderate,Female,66.0
14.0,60,Medium,Medium,Yes,7,91,Medium,Yes,1,Low,High,Private,Negative,3,No,Postgraduate,Near,Male,63.0
21.0,89,Low,Low,Yes,8,65,Medium,Yes,2,Low,Low,Public,Neutral,3,No,College,Near,Female,67.0
20.0,74,High,Medium,No,7,68,High,Yes,3,Medium,Medium,Public,Positive,4,No,High School,Far,Male,68.0
16.0,91,Medium,Low,No,8,91,Low,Yes,2,Medium,Medium,Public,Neutral,2,No,High School,Far,Female,66.0
21.0,74,Medium,Medium,Yes,5,52,Medium,Yes,3,Medium,Medium,Private,Positive,1,No,High School,Near,Male,66.0
17.0,93,High,Medium,No,8,76,Low,Yes,0,Low,Medium,Private,Negative,3,No,High School,Moderate,Female,67.0
18.0,65,High,Medium,Yes,5,96,Medium,Yes,1,High,Medium,Private,Neutral,2,No,High School,Near,Female,66.0
30.0,67,Medium,Medium,Yes,8,94,Medium,Yes,1,Medium,Medium,Public,Neutral,2,No,College,Near,Female,69.0
28.0,74,Medium,High,No,8,90,High,Yes,2,Medium,Medium,Public,Positive,3,No,Postgraduate,Near,Male,72.0
12.0,76,Medium,Low,Yes,4,51,Medium,Yes,0,Low,Medium,Private,Neutral,1,No,High School,Near,Female,60.0
25.0,74,Low,High,Yes,8,94,High,Yes,0,Low,Medium,Public,Positive,4,No,High School,Moderate,Female,68.0
25.0,91,Low,Medium,Yes,8,96,Medium,Yes,3,Medium,Medium,Public,Neutral,3,No,High School,Near,Female,72.0
13.0,64,Medium,High,Yes,9,83,Low,Yes,1,High,Medium,Public,Positive,4,No,High School,Near,Male,64.0
25.0,74,Low,Medium,Yes,6,65,High,Yes,0,High,Medium,Public,Neutral,1,No,High School,Moderate,Male,65.0
29.0,93,High,High,No,7,74,Medium,Yes,3,Medium,High,Private,Positive,3,No,High School,Near,Male,76.0
13.0,63,Low,Medium,No,8,88,Medium,Yes,0,Low,Medium,Private,Negative,2,No,High School,Near,Male,59.0
14.0,98,Medium,Medium,Yes,8,91,Low,Yes,0,Low,Medium,Public,Negative,4,No,High School,Moderate,Male,67.0
26.0,99,Medium,Medium,Yes,8,67,Medium,Yes,4,Medium,Medium,Private,Positive,4,Yes,High School,Near,Male,73.0
22.0,64,Medium,High,No,6,66,Low,Yes,1,Medium,Medium,Public,Neutral,4,No,College,Near,Male,64.0
23.0,72,Medium,High,No,8,87,Low,Yes,3,Medium,Low,Public,Neutral,3,No,High School,Near,Male,67.0
22.0,75,High,Medium,Yes,8,84,Low,Yes,3,High,Medium,Public,Negative,3,No,College,Near,Male,69.0
22.0,91,Medium,Low,Yes,7,76,Medium,Yes,1,Low,High,Public,Neutral,3,No,College,Moderate,Female,69.0
12.0,84,High,High,Yes,6,71,Medium,No,2,Medium,Medium,Public,Positive,3,No,College,Moderate,Male,67.0
26.0,86,Medium,High,Yes,6,83,Medium,Yes,2,Low,Medium,Public,Positive,4,No,High School,Near,Male,72.0
27.0,90,Low,Medium,No,9,52,Low,No,2,Low,High,Public,Positive,2,Yes,College,Near,Male,86.0
19.0,65,Medium,High,Yes,8,54,Medium,Yes,0,Low,High,Private,Neutral,3,No,High School,Far,Female,62.0
20.0,93,Medium,Low,No,7,79,Medium,Yes,1,Medium,Low,Public,Neutral,3,No,Postgraduate,Near,Female,69.0
11.0,88,High,High,Yes,7,61,Low,Yes,2,Medium,Medium,Public,Neutral,3,No,Postgraduate,Near,Male,68.0
23.0,83,High,High,Yes,4,89,Low,Yes,1,Medium,Medium,Public,Negative,3,No,High School,Far,Male,99.0
23.0,96,Low,Medium,Yes,7,89,Medium,Yes,1,Low,Medium,Private,Positive,3,No,College,Far,Female,70.0
20.0,88,Low,Medium,Yes,5,85,Medium,Yes,2,Medium,Medium,Public,Negative,3,No,High School,Near,Male,68.0
27.0,68,Medium,Medium,Yes,7,95,Low,Yes,0,Medium,Medium,Public,Positive,4,No,High School,Near,Male,67.0
18.0,77,High,Medium,Yes,9,57,Low,Yes,1,Low,High,Public,Negative,2,No,Postgraduate,Near,Male,66.0
23.0,80,Low,High,No,6,63,Low,Yes,0,High,Medium,Private,Positive,2,No,High School,Near,Male,66.0
14.0,62,Medium,High,Yes,7,63,Medium,Yes,2,Low,Medium,Public,Positive,2,No,College,Moderate,Female,62.0
20.0,98,Medium,Medium,Yes,8,89,High,Yes,3,High,Medium,Public,Negative,2,Yes,College,Near,Male,72.0
19.0,65,Medium,High,Yes,7,76,Medium,No,0,Medium,Medium,Public,Neutral,3,No,Postgraduate,Near,Female,64.0
21.0,88,Medium,Medium,Yes,6,63,Low,Yes,1,Medium,Medium,Public,Neutral,3,No,High School,Near,Female,68.0
18.0,80,Medium,High,Yes,7,57,Medium,Yes,2,Low,Low,Public,Positive,3,No,Postgraduate,Far,Female,66.0
19.0,61,Medium,High,Yes,8,95,High,Yes,4,Medium,Medium,Private,Positive,3,No,College,Near,Male,68.0
25.0,97,Low,High,Yes,7,85,High,Yes,3,High,Medium,Public,Neutral,1,No,Postgraduate,Near,Male,75.0
17.0,94,Low,Low,No,7,76,High,Yes,3,Low,High,Public,Neutral,3,Yes,College,Far,Male,67.0
10.0,81,Low,Medium,Yes,9,98,Medium,Yes,2,Low,Medium,Public,Neutral,2,No,College,Near,Male,65.0
30.0,69,Medium,Medium,No,8,92,Medium,Yes,2,Medium,Low,Public,Neutral,3,No,High School,Near,Female,68.0
28.0,65,Medium,Medium,Yes,5,59,High,Yes,2,Low,Medium,Private,Neutral,5,No,High School,Near,Male,67.0
12.0,75,Medium,Medium,Yes,8,75,High,Yes,1,Low,Medium,Private,Negative,2,No,College,Near,Female,63.0
24.0,70,Medium,High,Yes,8,74,Low,Yes,2,Medium,High,Public,Negative,3,No,High School,Near,Male,67.0
17.0,80,Medium,Medium,Yes,5,92,Medium,Yes,0,Low,Medium,Private,Negative,4,No,Postgraduate,Near,Female,67.0
22.0,99,Medium,Medium,Yes,4,57,High,Yes,2,Medium,High,Public,Positive,3,No,College,Near,Female,73.0
22.0,83,Medium,Medium,Yes,5,73,High,No,0,Low,Medium,Public,Positive,3,No,High School,Near,Male,67.0
19.0,96,Medium,Medium,No,7,82,Medium,Yes,1,High,Medium,Public,Neutral,4,No,Postgraduate,Near,Male,71.0
15.0,86,Low,Medium,No,9,97,Medium,Yes,2,Medium,Medium,Public,Negative,4,No,High School,Near,Male,67.0
16.0,79,High,Low,Yes,6,95,Medium,Yes,0,High,Medium,Public,Neutral,5,No,College,Near,Male,68.0
15.0,94,Low,Low,Yes,8,77,Medium,Yes,1,High,High,Private,Positive,1,No,College,Near,Male,68.0
15.0,79,High,Medium,Yes,4,80,Medium,Yes,1,High,Medium,Private,Negative,4,No,High School,Far,Male,66.0
20.0,95,High,Low,Yes,7,93,Low,No,0,Low,High,Public,Neutral,2,No,High School,Near,Male,68.0
16.0,72,Medium,Low,No,6,87,Medium,No,2,Medium,Low,Private,Positive,4,No,High School,Near,Female,63.0
24.0,65,High,High,No,10,94,Medium,Yes,2,Medium,Medium,Public,Neutral,2,No,Postgraduate,Moderate,Male,68.0
29.0,94,Low,High,Yes,4,95,Medium,Yes,1,Medium,Medium,Public,Positive,5,No,High School,Near,Male,74.0
17.0,83,Low,Medium,Yes,7,92,Low,Yes,3,Low,Medium,Public,Neutral,2,Yes,High School,Moderate,Male,65.0
21.0,96,Medium,Medium,Yes,4,50,Medium,Yes,1,Low,Low,Private,Positive,2,No,Postgraduate,Moderate,Male,69.0
23.0,98,Medium,High,No,6,66,Medium,Yes,1,Low,Medium,Public,Neutral,1,No,High School,Moderate,Male,70.0
23.0,62,Medium,Low,Yes,4,70,High,Yes,3,Medium,High,Public,Positive,2,No,College,Moderate,Female,65.0
20.0,80,Medium,Medium,No,10,84,Medium,Yes,1,Medium,Medium,Public,Positive,4,No,College,Near,Male,68.0
24.0,75,Low,Medium,No,6,65,Medium,No,0,Medium,Medium,Public,Positive,5,No,College,Moderate,Male,65.0
23.0,85,Medium,High,No,7,66,Low,No,0,High,High,Public,Neutral,2,No,College,Near,Male,68.0
13.0,92,Medium,High,Yes,7,70,Low,Yes,4,Low,Medium,Public,Neutral,3,No,High School,Near,Male,68.0
25.0,71,Medium,Medium,Yes,5,98,Low,Yes,0,Low,Medium,Public,Positive,1,No,Postgraduate,Far,Male,66.0
25.0,82,High,Medium,No,9,72,High,Yes,0,High,Medium,Public,Positive,0,No,College,Near,Female,70.0
15.0,88,Medium,Medium,No,8,57,Medium,Yes,1,High,Medium,Private,Positive,2,No,High School,Far,Male,66.0
20.0,65,Medium,High,Yes,8,50,Medium,Yes,0,Low,Medium,Public,Positive,5,No,High School,Near,Male,64.0
24.0,93,Medium,High,No,5,62,Medium,Yes,1,Low,Medium,Public,Neutral,1,No,College,Near,Female,70.0
19.0,84,High,Medium,No,9,97,Low,Yes,1,High,Medium,Public,Negative,3,Yes,High School,Near,Male,68.0
26.0,98,Low,High,Yes,9,98,Low,Yes,4,Low,Low,Public,Positive,2,No,College,Moderate,Male,74.0
34.0,74,High,Low,Yes,7,76,Medium,Yes,2,Low,High,Public,Positive,2,No,College,Near,Female,71.0
15.0,64,Medium,Medium,Yes,8,82,Low,Yes,0,Low,Medium,Public,Negative,3,No,High School,Near,Male,61.0
12.0,80,Medium,Low,No,7,90,Medium,Yes,3,Low,Medium,Public,Neutral,3,No,High School,Near,Female,64.0
22.0,63,High,Low,No,5,53,High,Yes,2,High,Medium,Public,Neutral,1,No,Postgraduate,Moderate,Male,64.0
24.0,99,High,Medium,Yes,7,69,Medium,Yes,0,Medium,Medium,Private,Positive,3,No,High School,Near,Male,73.0
19.0,62,Medium,High,Yes,6,82,Medium,Yes,0,Low,High,Public,Negative,3,Yes,College,Moderate,Male,62.0
29.0,90,Low,Medium,Yes,7,95,Medium,Yes,0,High,High,Public,Neutral,2,Yes,High School,Near,Male,71.0
12.0,81,High,Medium,Yes,9,86,Medium,Yes,2,Medium,High,Public,Negative,2,No,Postgraduate,Near,Male,68.0
24.0,75,Medium,Low,Yes,5,68,High,Yes,2,Medium,Medium,Public,Neutral,2,No,Postgraduate,Near,Male,67.0
16.0,63,Medium,Medium,No,6,95,High,Yes,1,Medium,Medium,Public,Negative,4,No,College,Far,Female,63.0
30.0,85,Low,Medium,No,6,83,Medium,Yes,2,Medium,Medium,Public,Positive,3,No,College,Near,Female,71.0
32.0,83,Medium,Medium,Yes,6,92,Low,Yes,1,High,Medium,Public,Neutral,3,No,High School,Near,Male,72.0
15.0,71,High,Medium,No,6,69,High,No,3,Medium,High,Public,Positive,3,No,Postgraduate,Moderate,Female,66.0
17.0,96,Medium,Medium,Yes,7,50,Low,Yes,1,Medium,Medium,Private,Negative,4,No,High School,Near,Female,67.0
25.0,72,High,Medium,Yes,8,58,Medium,Yes,0,Low,Medium,Public,Negative,4,No,College,Moderate,Female,66.0
18.0,78,Low,Medium,No,8,96,Medium,Yes,4,High,Medium,Public,Positive,4,Yes,College,Near,Male,68.0
20.0,82,Low,Low,Yes,7,52,Low,Yes,0,Medium,Medium,Private,Neutral,3,No,College,Near,Female,64.0
20.0,64,Medium,Medium,Yes,8,80,High,Yes,1,Medium,Medium,Private,Positive,3,No,High School,Near,Male,65.0
8.0,97,High,Medium,Yes,10,70,High,Yes,0,Low,Low,Public,Neutral,1,No,High School,Near,Male,66.0
20.0,75,High,High,Yes,7,71,High,Yes,1,Medium,High,Public,Positive,4,No,College,Moderate,Male,69.0
16.0,63,High,High,No,9,70,Low,Yes,2,Medium,High,Private,Negative,5,No,College,Moderate,Female,64.0
17.0,75,Low,High,Yes,8,53,Medium,Yes,1,Low,High,Public,Positive,3,No,College,Near,Female,65.0
29.0,84,High,Medium,Yes,10,56,High,Yes,3,Low,High,Public,Neutral,4,No,Postgraduate,Far,Female,72.0
12.0,81,High,Medium,No,8,53,Low,Yes,1,Medium,High,Private,Positive,3,No,College,Near,Male,65.0
25.0,88,Low,High,Yes,6,53,Medium,Yes,2,Medium,High,Public,Negative,4,No,College,Near,Female,70.0
18.0,62,Medium,Medium,Yes,7,54,Medium,Yes,2,Medium,High,Private,Positive,3,No,Postgraduate,Moderate,Male,64.0
18.0,71,Medium,Low,Yes,7,85,Low,Yes,1,Low,Low,Public,Neutral,2,No,High School,Moderate,Male,62.0
25.0,93,Medium,High,No,8,56,High,Yes,0,Low,Low,Private,Neutral,3,No,High School,Near,Male,69.0
22.0,63,High,Low,No,6,63,Low,Yes,1,Medium,Low,Public,Negative,2,No,Postgraduate,Moderate,Male,62.0
23.0,94,Low,Low,Yes,9,83,Medium,Yes,2,Low,Medium,Private,Positive,2,No,High School,Near,Female,69.0
26.0,64,Medium,High,No,7,56,Medium,Yes,3,Medium,Medium,Public,Positive,3,No,High School,Near,Male,66.0
18.0,93,Medium,High,Yes,8,96,Medium,Yes,2,Medium,Low,Public,Positive,2,No,High School,Moderate,Female,71.0
16.0,74,Medium,High,Yes,7,74,Low,Yes,4,Low,Low,Private,Positive,3,No,High School,Near,Male,66.0
13.0,84,High,Medium,No,7,98,Medium,No,0,Low,Low,Public,Neutral,4,Yes,High School,Near,Male,64.0
15.0,66,Medium,High,Yes,7,60,High,Yes,2,High,Medium,Private,Negative,3,No,High School,Moderate,Female,63.0
20.0,63,Medium,High,No,8,52,High,Yes,1,Medium,Medium,Private,Positive,3,No,College,Moderate,Male,69.0
27.0,69,High,High,Yes,10,80,Medium,No,1,Medium,High,Public,Positive,4,Yes,High School,Near,Female,68.0
12.0,65,High,High,Yes,4,66,Medium,Yes,0,Medium,High,Public,Neutral,2,No,High School,Near,Female,63.0
12.0,72,Medium,Medium,Yes,8,79,High,Yes,1,High,Medium,Public,Positive,3,No,College,Far,Male,64.0
23.0,81,Medium,Low,Yes,7,74,Medium,Yes,0,Low,Medium,Public,Neutral,0,No,Postgraduate,Near,Female,66.0
23.0,84,Medium,High,Yes,7,73,Medium,Yes,1,High,Medium,Public,Positive,4,No,High School,Near,Male,71.0
23.0,92,High,Medium,Yes,4,93,High,Yes,0,High,Medium,Public,Negative,4,No,High School,Near,Female,72.0
18.0,86,High,Medium,No,8,60,Medium,Yes,2,Low,High,Private,Neutral,1,No,College,Near,Male,88.0
19.0,84,Medium,High,Yes,7,75,Low,Yes,1,Low,Medium,Public,Negative,2,No,College,Far,Male,66.0
22.0,76,Medium,Medium,Yes,6,71,Medium,Yes,0,Low,High,Private,Neutral,2,No,High School,Moderate,Male,65.0
21.0,79,Low,Medium,Yes,7,84,Low,Yes,2,Medium,Medium,Private,Neutral,3,No,High School,Near,Male,66.0
7.0,77,Low,Medium,Yes,7,53,High,Yes,4,Low,Medium,Private,Positive,2,No,College,Moderate,Female,62.0
19.0,94,Medium,Low,No,4,76,Medium,Yes,4,Low,High,Private,Negative,3,No,High School,Moderate,Female,68.0
15.0,69,Medium,Medium,Yes,7,74,High,Yes,2,Low,Medium,Private,Neutral,5,No,Postgraduate,Near,Female,65.0
21.0,60,Low,High,No,8,99,Low,Yes,0,Low,Low,Private,Positive,3,No,High School,Near,Male,62.0
20.0,86,High,Medium,No,6,88,High,Yes,1,Low,High,Public,Negative,4,No,High School,Moderate,Female,74.0
22.0,68,Medium,Low,Yes,7,58,Medium,Yes,0,Medium,Medium,Public,Neutral,3,No,Postgraduate,Near,Male,64.0
18.0,96,High,High,No,7,75,High,Yes,2,Medium,High,Public,Negative,2,No,High School,Near,Male,72.0
26.0,94,Medium,Medium,No,9,89,Medium,Yes,0,Low,Medium,Public,Neutral,3,Yes,High School,Near,Female,70.0
23.0,63,High,Medium,No,7,76,Medium,Yes,2,Medium,High,Public,Positive,1,No,High School,Far,Male,65.0
23.0,64,Medium,High,Yes,8,68,Low,Yes,3,Low,High,Public,Neutral,3,No,High School,Near,Female,66.0
24.0,80,Medium,Medium,Yes,7,69,Low,Yes,0,Medium,High,Private,Positive,3,No,College,Far,Male,67.0
32.0,84,Medium,High,Yes,10,68,Medium,Yes,1,Low,Medium,Public,Positive,5,No,High School,Near,Male,73.0
13.0,71,Medium,High,Yes,6,51,Low,Yes,4,High,Medium,Public,Positive,4,No,College,Moderate,Female,65.0
23.0,89,High,High,No,6,87,Medium,Yes,4,Medium,High,Private,Neutral,3,No,College,Near,Female,74.0
14.0,84,Medium,Medium,No,7,81,Medium,Yes,0,High,Medium,Public,Neutral,2,No,College,Near,Female,66.0
23.0,73,Medium,Medium,No,6,63,Medium,Yes,1,High,Medium,Public,Positive,3,No,High School,Near,Male,67.0
14.0,61,Medium,Medium,No,5,82,Low,No,0,Low,Medium,Public,Neutral,0,No,High School,Near,Female,58.0
17.0,90,High,High,No,8,65,Medium,Yes,2,Low,High,Public,Positive,3,No,Postgraduate,Moderate,Male,71.0
18.0,69,Low,High,Yes,4,62,High,Yes,1,Medium,Low,Public,Neutral,3,No,High School,Moderate,Male,63.0
26.0,93,Low,High,No,6,87,Medium,Yes,1,Medium,High,Public,Positive,3,No,College,Near,Female,73.0
26.0,77,High,Medium,Yes,5,90,Medium,Yes,1,Medium,Medium,Private,Neutral,2,No,High School,Far,Female,68.0
13.0,83,Low,Medium,Yes,7,81,Medium,Yes,4,Low,Medium,Public,Negative,5,No,College,Near,Female,66.0
20.0,95,Low,Medium,No,4,89,Medium,Yes,3,Low,Medium,Public,Negative,3,Yes,High School,Near,Male,68.0
16.0,95,Medium,Low,No,8,68,Low,No,2,Medium,High,Public,Neutral,4,No,High School,Near,Female,66.0
12.0,75,Medium,High,No,8,54,Low,Yes,1,Medium,High,Public,Negative,3,No,High School,Near,Female,62.0
19.0,68,Medium,Medium,Yes,5,80,Medium,Yes,0,Medium,Medium,Public,Neutral,3,Yes,High School,Moderate,Male,78.0
18.0,91,Medium,Medium,No,7,63,Medium,Yes,1,Medium,Medium,Public,Negative,4,No,College,Near,Male,68.0
35.0,77,High,High,Yes,8,89,Medium,Yes,5,High,Medium,Public,Positive,4,No,College,Near,Female,77.0
23.0,68,High,Low,Yes,8,68,Medium,Yes,1,Medium,Medium,Public,Neutral,2,No,College,Near,Male,65.0
12.0,96,High,High,Yes,5,84,Low,Yes,3,High,Medium,Public,Positive,4,No,Postgraduate,Near,Female,73.0
17.0,68,Medium,Low,Yes,5,78,Medium,Yes,4,Low,Low,Public,Positive,2,No,College,Near,Male,64.0
26.0,61,Low,High,Yes,9,91,Medium,No,0,High,High,Private,Positive,4,No,College,Near,Female,67.0
33.0,61,High,Medium,No,6,92,Medium,Yes,1,Medium,Medium,Public,Positive,4,No,High School,Near,Female,69.0
10.0,85,Low,Low,Yes,6,53,High,Yes,1,Low,Medium,Private,Neutral,3,Yes,High School,Moderate,Male,60.0
9.0,86,High,Medium,No,8,65,High,Yes,0,Medium,Medium,Public,Positive,3,No,College,Near,Female,66.0
31.0,72,Low,High,Yes,5,94,High,Yes,2,Low,Low,Public,Positive,2,No,High School,Near,Male,70.0
22.0,73,High,Medium,Yes,7,70,Low,No,2,Low,Medium,Public,Positive,3,No,College,Near,Male,66.0
15.0,74,High,Medium,Yes,8,76,Medium,Yes,1,Medium,Low,Public,Neutral,4,No,High School,Far,Male,64.0
23.0,87,Medium,High,No,5,59,Medium,Yes,1,High,Low,Public,Neutral,4,No,College,Near,Male,70.0
4.0,62,Medium,Medium,No,6,78,High,Yes,3,High,Medium,Public,Neutral,2,No,High School,Far,Female,58.0
20.0,97,Medium,High,Yes,5,63,Medium,Yes,0,Low,Medium,Public,Negative,3,No,College,Far,Female,69.0
22.0,69,Medium,Medium,Yes,6,91,Low,Yes,0,High,High,Private,Neutral,1,Yes,High School,Moderate,Male,64.0
26.0,100,Low,Medium,No,9,60,Medium,Yes,2,Medium,Medium,Public,Positive,4,No,High School,Near,Male,72.0
14.0,67,Medium,Medium,Yes,9,68,Low,Yes,1,Low,Medium,Public,Neutral,3,Yes,High School,Near,Male,60.0
21.0,91,Medium,Medium,Yes,7,55,High,Yes,2,High,Medium,Private,Neutral,3,No,High School,Near,Female,70.0
14.0,69,Medium,Low,Yes,8,79,Medium,Yes,1,High,Medium,Public,Negative,1,No,Postgraduate,Moderate,Female,62.0
22.0,63,Medium,Medium,Yes,8,97,Medium,Yes,1,High,High,Public,Neutral,3,No,High School,Moderate,Female,66.0
15.0,95,Medium,Medium,Yes,6,59,Low,Yes,0,Medium,Medium,Private,Positive,5,No,High School,Far,Female,66.0
18.0,94,Low,Medium,Yes,7,51,Medium,Yes,1,Low,Medium,Public,Neutral,3,Yes,College,Moderate,Male,65.0
14.0,76,High,Medium,Yes,5,71,Medium,Yes,1,Low,Medium,Public,Negative,3,No,High School,Near,Male,64.0
24.0,88,High,Medium,Yes,6,87,Medium,Yes,1,High,Low,Private,Positive,3,No,High School,Near,Female,72.0
25.0,82,Medium,Medium,Yes,7,99,High,Yes,3,Low,High,Public,Neutral,2,No,High School,Near,Female,71.0
19.0,94,Low,High,No,5,53,Medium,Yes,1,Medium,Medium,Public,Neutral,3,No,High School,Near,Female,68.0
20.0,73,High,Medium,Yes,5,89,Medium,Yes,2,Medium,High,Public,Positive,5,Yes,High School,Moderate,Female,68.0
11.0,81,Low,Medium,Yes,6,68,High,Yes,2,High,Medium,Private,Negative,3,No,Postgraduate,Far,Female,64.0
18.0,79,Low,Medium,Yes,9,58,Medium,Yes,3,Medium,High,Public,Negative,3,No,High School,Near,Female,65.0
20.0,74,Medium,High,Yes,9,60,Medium,No,1,Low,Medium,Public,Positive,3,No,High School,Moderate,Female,64.0
36.0,96,Medium,Low,No,7,96,Medium,Yes,1,Low,High,Public,Positive,3,No,College,Moderate,Female,75.0
13.0,67,Low,Medium,Yes,8,90,Medium,Yes,2,Low,Medium,Private,Negative,2,No,High School,Near,Male,61.0
29.0,66,High,High,No,6,66,Medium,Yes,0,Medium,Medium,Private,Negative,3,No,Postgraduate,Near,Male,68.0
26.0,83,Medium,Medium,No,4,97,Low,Yes,2,Low,High,Public,Negative,4,No,College,Moderate,Male,70.0
22.0,86,High,Medium,No,6,55,Medium,Yes,5,High,Low,Private,Negative,3,No,Postgraduate,Near,Female,71.0
31.0,68,Low,High,Yes,7,66,Low,Yes,0,Low,Medium,Public,Positive,3,No,High School,Near,Male,66.0
22.0,76,High,Low,Yes,7,83,Low,Yes,0,Low,Medium,Public,Positive,1,No,College,Near,Male,66.0
22.0,98,Medium,Medium,Yes,7,100,Low,Yes,0,Low,Medium,Public,Neutral,3,No,High School,Far,Male,70.0
20.0,70,Low,Medium,No,7,73,Medium,Yes,0,Low,Medium,Public,Negative,5,No,High School,Near,Female,62.0
27.0,87,High,Low,Yes,6,91,Low,Yes,4,High,Medium,Public,Neutral,4,No,High School,Moderate,Male,72.0
27.0,90,High,Medium,No,8,96,High,Yes,0,Medium,Medium,Public,Negative,4,No,High School,Moderate,Male,72.0
16.0,78,Low,Medium,Yes,5,50,Medium,Yes,2,Low,Medium,Private,Positive,2,No,College,Moderate,Male,63.0
12.0,98,High,Low,Yes,8,64,Medium,No,5,Low,Medium,Public,Neutral,5,No,College,Near,Female,69.0
19.0,89,Medium,Medium,Yes,6,55,Medium,Yes,0,Medium,High,Public,Positive,2,No,Postgraduate,Moderate,Male,68.0
15.0,78,High,High,Yes,10,89,Low,Yes,0,Medium,Medium,Public,Neutral,3,No,High School,Near,Male,67.0
20.0,83,High,High,Yes,7,78,High,Yes,3,Low,Medium,Private,Neutral,2,No,College,Near,Female,71.0
27.0,88,Low,Medium,Yes,6,55,Low,No,2,Low,Medium,Public,Positive,5,No,High School,Far,Male,67.0
17.0,84,Low,Low,Yes,6,71,Low,Yes,0,Medium,Medium,Private,Negative,4,Yes,High School,Near,Male,62.0
20.0,95,Medium,Medium,No,6,76,Medium,Yes,0,Low,High,Private,Positive,4,No,High School,Moderate,Female,69.0
20.0,74,High,Medium,Yes,8,85,Medium,Yes,2,Low,Medium,Public,Positive,0,No,High School,Near,Male,67.0
25.0,72,Medium,High,Yes,7,89,Medium,Yes,2,Low,High,Public,Positive,3,No,Postgraduate,Near,Female,71.0
7.0,69,Medium,High,Yes,8,54,High,Yes,1,Medium,High,Public,Positive,2,No,High School,Far,Male,87.0
16.0,62,Low,Medium,No,8,74,Medium,Yes,2,High,High,Private,Neutral,3,No,High School,Moderate,Male,62.0
21.0,62,High,Low,Yes,7,58,Medium,Yes,2,Low,High,Public,Positive,1,No,College,Near,Female,64.0
27.0,95,Medium,High,No,8,88,High,Yes,3,Medium,Medium,Private,Positive,2,No,High School,Far,Female,74.0
17.0,87,High,High,Yes,9,83,Medium,Yes,0,Low,High,Public,Neutral,2,No,College,Moderate,Male,69.0
9.0,86,High,Medium,No,8,86,Medium,Yes,1,Low,High,Public,Neutral,1,No,High School,Near,Male,65.0
24.0,85,Low,Medium,Yes,7,54,Medium,No,2,Medium,Low,Public,Neutral,3,No,College,Moderate,Female,66.0
16.0,94,Medium,Medium,Yes,8,76,Low,Yes,3,Medium,Medium,Public,Negative,4,No,Postgraduate,Near,Female,70.0
13.0,79,High,High,No,5,92,Medium,Yes,3,Medium,Medium,Public,Neutral,3,No,High School,Near,Male,68.0
16.0,95,Low,Low,No,10,86,Medium,Yes,4,High,Medium,Public,Positive,2,No,College,Near,Female,70.0
19.0,74,High,High,No,8,93,High,Yes,1,Medium,Medium,Public,Negative,3,No,High School,Near,Male,68.0
16.0,97,High,Low,Yes,8,60,Medium,Yes,0,Low,High,Public,Positive,3,No,High School,Near,Male,69.0
7.0,88,Medium,High,Yes,7,64,Low,Yes,2,Medium,High,Public,Neutral,4,No,Postgraduate,Moderate,Male,66.0
25.0,70,Medium,Medium,Yes,4,72,Medium,Yes,0,Low,Low,Public,Neutral,4,No,College,Moderate,Male,65.0
28.0,83,Medium,Medium,Yes,7,76,Medium,Yes,1,Medium,Medium,Public,Positive,3,No,College,Near,Male,71.0
24.0,81,Medium,Low,Yes,7,63,Medium,Yes,1,Low,Medium,Public,Positive,3,No,High School,Moderate,Male,66.0
13.0,66,Low,Medium,Yes,6,69,Low,Yes,2,Low,Medium,Private,Positive,4,No,High School,Near,Male,61.0
19.0,84,Medium,Medium,Yes,6,84,Medium,Yes,3,Medium,High,Public,Neutral,2,No,Postgraduate,Moderate,Male,69.0
20.0,73,Medium,Medium,No,6,82,Low,Yes,1,Medium,High,Private,Negative,3,No,College,Near,Male,65.0
24.0,62,Medium,Medium,Yes,8,56,Medium,Yes,0,Medium,Medium,Private,Positive,2,No,College,Moderate,Male,63.0
24.0,98,Medium,Low,Yes,9,99,High,Yes,2,Low,High,Public,Neutral,2,No,Postgraduate,Far,Female,73.0
16.0,86,High,Medium,Yes,7,78,Low,Yes,1,Low,Medium,Private,Positive,4,No,Postgraduate,Moderate,Male,68.0
20.0,95,Medium,Medium,Yes,6,74,Medium,Yes,1,High,Low,Public,Positive,4,No,High School,Far,Female,70.0
23.0,87,Medium,Medium,Yes,6,98,Medium,Yes,3,Medium,Medium,Public,Neutral,3,No,College,Near,Male,72.0
29.0,74,High,Medium,Yes,7,57,Medium,No,3,Medium,Medium,Private,Positive,2,No,High School,Moderate,Male,68.0
24.0,81,Medium,Medium,No,7,77,Medium,Yes,0,High,Medium,Private,Positive,3,No,High School,Near,Male,68.0
25.0,87,High,Medium,Yes,8,90,Medium,Yes,1,Low,Medium,Public,Negative,4,No,High School,Near,Female,71.0
21.0,98,Low,Low,Yes,6,70,Medium,Yes,1,Medium,Medium,Public,Positive,3,No,High School,Moderate,Male,68.0
28.0,70,High,Low,Yes,8,87,High,Yes,3,Low,Medium,Public,Neutral,3,No,Postgraduate,Moderate,Male,70.0
22.0,95,Medium,Low,Yes,8,95,Medium,No,2,Low,High,Private,Neutral,4,No,High School,Near,Female,70.0
15.0,97,High,Medium,Yes,6,63,Low,Yes,2,Medium,Medium,Public,Neutral,3,No,High School,Near,Female,69.0
28.0,87,High,Medium,Yes,4,62,High,Yes,2,Low,High,Public,Positive,4,No,High School,Near,Female,73.0
24.0,97,Medium,Medium,Yes,6,68,Low,Yes,1,Medium,High,Public,Neutral,4,No,College,Near,Male,72.0
17.0,76,Medium,High,No,9,71,Medium,Yes,0,Medium,High,Public,Neutral,3,No,Postgraduate,Near,Male,67.0
17.0,98,High,Medium,No,4,56,Medium,Yes,2,Low,Low,Private,Positive,3,No,High School,Near,Female,69.0
22.0,88,Low,Medium,Yes,9,62,Medium,Yes,1,High,Medium,Private,Negative,3,No,College,Near,Male,68.0
23.0,62,High,Low,No,4,94,Medium,Yes,0,Medium,Low,Private,Positive,3,No,Postgraduate,Far,Female,64.0
21.0,96,Low,High,Yes,6,78,Low,Yes,2,Medium,High,Private,Neutral,3,No,High School,Moderate,Female,71.0
22.0,79,High,Medium,Yes,6,63,Medium,Yes,1,Medium,High,Public,Neutral,4,No,High School,Near,Female,68.0
30.0,78,Medium,High,Yes,10,97,Medium,Yes,1,Low,Low,Private,Positive,2,No,High School,Far,Male,70.0
26.0,83,Medium,High,Yes,7,89,Medium,Yes,3,Low,Medium,Private,Positive,3,No,High School,Moderate,Male,72.0
21.0,66,Low,High,Yes,7,68,High,Yes,2,Low,Medium,Public,Positive,1,No,High School,Near,Female,65.0
26.0,79,Medium,High,No,6,88,Medium,Yes,1,Low,High,Public,Positive,3,Yes,College,Near,Male,70.0
14.0,93,Medium,Medium,No,8,80,Low,Yes,2,Low,Medium,Private,Positive,4,No,Postgraduate,Near,Male,69.0
22.0,61,Medium,Medium,No,6,84,Low,Yes,0,Medium,Medium,Public,Positive,2,No,Postgraduate,Near,Male,64.0
31.0,71,Low,High,Yes,7,66,Medium,Yes,3,Low,Medium,Private,Negative,1,No,High School,Near,Male,67.0
19.0,60,High,High,Yes,6,60,High,Yes,1,Low,Medium,Public,Positive,2,No,College,Near,Male,65.0
15.0,77,Low,Medium,Yes,8,63,Medium,Yes,0,Medium,Medium,Public,Neutral,1,No,High School,Near,Female,62.0
16.0,89,High,Medium,No,8,54,Medium,Yes,2,Low,High,Private,Positive,2,No,College,Moderate,Male,68.0
13.0,92,Medium,High,No,6,74,High,Yes,2,Low,Medium,Private,Neutral,2,No,College,Near,Male,68.0
15.0,98,Medium,Medium,No,6,70,Low,Yes,1,Medium,High,Private,Positive,3,No,High School,Moderate,Male,68.0
18.0,84,Medium,Low,Yes,6,50,Medium,Yes,4,High,High,Private,Negative,3,No,Postgraduate,Near,Male,68.0
12.0,70,Medium,Medium,Yes,7,93,Medium,Yes,1,Low,High,Public,Neutral,4,No,High School,Far,Female,62.0
20.0,97,Medium,Low,Yes,8,84,Low,Yes,4,Medium,Medium,Public,Positive,5,No,High School,Near,Female,72.0
25.0,91,Low,Medium,No,7,72,Medium,Yes,1,Medium,High,Private,Neutral,3,No,College,Far,Male,69.0
15.0,83,Medium,High,No,4,98,Low,Yes,3,Low,High,Public,Positive,3,No,High School,Moderate,Female,68.0
29.0,88,Low,Medium,Yes,8,97,Medium,Yes,4,Low,High,Public,Negative,3,Yes,College,Moderate,Male,71.0
23.0,97,Low,High,Yes,5,55,Medium,Yes,0,Medium,Low,Public,Neutral,3,No,High School,Moderate,Female,69.0
26.0,88,Low,High,No,6,81,Medium,Yes,1,High,Medium,Public,Positive,2,No,High School,Near,Male,71.0
16.0,75,Medium,High,Yes,7,91,Low,Yes,2,Low,Low,Public,Positive,5,No,High School,Far,Male,65.0
25.0,89,Medium,High,No,7,59,Medium,Yes,1,Low,Medium,Public,Neutral,4,Yes,High School,Near,Male,68.0
13.0,62,Medium,Medium,Yes,8,56,Low,Yes,1,Low,High,Public,Positive,4,Yes,High School,Near,Female,60.0
25.0,75,Medium,Medium,Yes,6,63,Low,Yes,3,High,Medium,Private,Neutral,4,No,High School,Near,Male,68.0
21.0,76,Low,High,No,6,64,Medium,Yes,1,Medium,Medium,Public,Neutral,4,No,High School,Near,Female,66.0
23.0,67,Medium,Medium,No,7,98,Low,Yes,4,Low,Medium,Private,Neutral,3,No,High School,Moderate,Male,66.0
13.0,61,Medium,Medium,Yes,8,89,Low,Yes,4,Low,Medium,Private,Neutral,4,No,High School,Far,Female,62.0
15.0,65,Medium,Medium,No,8,53,Medium,Yes,2,Low,Medium,Public,Negative,3,No,College,Near,Male,61.0
24.0,86,High,Medium,No,7,89,Low,Yes,2,Low,Medium,Public,Negative,3,No,Postgraduate,Far,Female,69.0
14.0,92,Medium,High,Yes,9,58,High,Yes,1,High,Low,Public,Positive,2,No,High School,Near,Male,69.0
23.0,100,Medium,Medium,Yes,9,68,Medium,Yes,4,High,High,Private,Negative,3,No,Postgraduate,Near,Male,74.0
12.0,74,Medium,High,Yes,8,66,Low,Yes,1,Low,Medium,Public,Negative,4,No,High School,Near,Female,62.0
25.0,84,Medium,Medium,Yes,5,64,Medium,Yes,0,Low,Medium,Public,Negative,3,No,College,Moderate,Female,67.0
13.0,97,High,Medium,No,8,65,High,Yes,1,Low,Medium,Private,Positive,2,No,High School,Near,Female,69.0
23.0,67,High,Low,Yes,7,88,Medium,Yes,1,Low,Medium,Private,Positive,4,No,High School,Near,Male,66.0
24.0,89,Medium,High,Yes,6,63,Medium,Yes,2,High,Medium,Private,Positive,3,No,College,Near,Male,72.0
16.0,90,High,Low,No,6,90,Medium,Yes,2,High,Medium,Public,Neutral,3,No,High School,Near,Male,69.0
23.0,64,Medium,High,Yes,7,55,Medium,Yes,0,Medium,Medium,Public,Positive,4,No,High School,Moderate,Male,65.0
22.0,94,Medium,High,No,6,80,Low,Yes,0,High,Medium,Private,Positive,2,No,Postgraduate,Near,Male,72.0
17.0,93,Low,Medium,Yes,7,93,Low,Yes,2,Medium,Medium,Private,Positive,4,No,High School,Near,Male,69.0
14.0,61,Medium,High,No,7,54,Medium,Yes,3,Low,Medium,Public,Positive,2,Yes,High School,Near,Female,60.0
8.0,64,High,Medium,No,7,82,High,Yes,0,High,Medium,Public,Neutral,1,Yes,Postgraduate,Near,Female,61.0
22.0,62,High,Low,No,8,76,Medium,Yes,1,Medium,Low,Public,Neutral,3,No,High School,Near,Male,63.0
11.0,73,Medium,Medium,No,7,67,Medium,No,3,Medium,High,Private,Positive,5,Yes,Postgraduate,Near,Male,63.0
21.0,80,Medium,Medium,Yes,6,55,High,Yes,1,High,High,Public,Negative,3,No,Postgraduate,Moderate,Male,68.0
18.0,81,Medium,Medium,Yes,4,84,Low,Yes,1,Medium,Medium,Private,Positive,4,No,College,Near,Female,68.0
24.0,71,High,Medium,No,8,65,Medium,Yes,1,Low,Medium,Private,Negative,2,No,High School,Near,Male,65.0
18.0,96,Medium,High,No,7,67,Medium,Yes,1,High,Medium,Public,Positive,2,No,High School,Near,Female,71.0
18.0,75,Medium,Medium,Yes,7,86,Low,Yes,1,Low,Medium,Private,Negative,3,No,High School,Near,Male,64.0
24.0,62,Medium,Medium,No,9,97,Medium,Yes,1,Medium,Medium,Private,Negative,2,No,Postgraduate,Near,Male,65.0
22.0,72,High,Medium,Yes,5,67,Low,Yes,2,Medium,Medium,Public,Neutral,4,No,College,Near,Female,67.0
22.0,81,High,Medium,No,7,87,Low,Yes,0,Low,Medium,Public,Neutral,2,No,High School,Near,Female,67.0
23.0,76,Low,Medium,Yes,6,98,Medium,Yes,1,Low,High,Public,Neutral,3,No,College,Moderate,Male,67.0
11.0,71,Low,Medium,Yes,8,55,Medium,Yes,1,Low,Medium,Public,Negative,3,No,College,Near,Female,87.0
25.0,65,High,High,Yes,4,76,High,Yes,1,High,Medium,Private,Neutral,1,No,High School,Moderate,Female,67.0
24.0,93,High,Medium,Yes,8,51,High,Yes,4,Medium,Medium,Private,Positive,2,Yes,High School,Near,Male,72.0
14.0,100,Medium,Low,Yes,8,91,High,Yes,0,Low,High,Public,Neutral,3,No,High School,Near,Female,69.0
19.0,73,Medium,Medium,Yes,6,64,Low,Yes,1,High,Medium,Public,Positive,3,No,College,Moderate,Female,65.0
20.0,75,High,Medium,Yes,7,67,Low,Yes,1,Low,Medium,Private,Positive,4,No,High School,Near,Female,66.0
19.0,85,High,High,No,6,84,Low,Yes,3,Medium,Medium,Private,Negative,3,No,Postgraduate,Near,Male,70.0
22.0,89,High,High,Yes,8,89,Medium,Yes,0,Medium,Medium,Private,Neutral,3,No,High School,Moderate,Male,71.0
29.0,76,Medium,High,Yes,8,70,Low,No,1,Low,Low,Public,Neutral,4,No,College,Moderate,Female,67.0
26.0,96,High,Medium,No,5,83,Medium,Yes,0,Medium,High,Public,Positive,2,No,High School,Far,Male,72.0
12.0,82,Low,Medium,No,5,98,Medium,Yes,0,Low,High,Public,Neutral,1,No,High School,Moderate,Male,63.0
24.0,78,High,Low,Yes,9,94,Low,Yes,0,Low,High,Public,Neutral,4,No,High School,Moderate,Female,67.0
28.0,86,Low,Medium,No,10,85,Medium,Yes,6,Low,High,Public,Neutral,2,No,High School,Near,Male,72.0
22.0,98,Medium,Medium,No,8,97,Low,Yes,1,High,Medium,Private,Positive,1,Yes,Postgraduate,Near,Female,72.0
27.0,92,Medium,Medium,No,8,94,Medium,No,1,Low,Medium,Private,Negative,4,No,College,Near,Female,70.0
32.0,62,High,Medium,No,7,86,Low,Yes,0,Low,Medium,Public,Positive,2,No,High School,Near,Female,67.0
26.0,73,Medium,Medium,No,7,96,High,Yes,0,Medium,High,Private,Neutral,3,No,High School,Near,Female,68.0
21.0,79,Low,Medium,Yes,8,91,High,Yes,1,Low,Medium,Public,Positive,3,No,High School,Moderate,Male,67.0
26.0,73,High,High,No,7,75,Low,Yes,3,Low,Medium,Public,Positive,5,No,College,Near,Male,70.0
21.0,88,Medium,Low,No,9,75,High,No,1,Medium,High,Private,Neutral,2,No,Postgraduate,Moderate,Female,67.0
20.0,93,Medium,Medium,Yes,7,50,Medium,Yes,1,High,High,Public,Positive,4,No,College,Near,Male,71.0
18.0,89,High,Low,Yes,7,52,Medium,Yes,1,High,High,Public,Positive,3,No,Postgraduate,Near,Female,69.0
29.0,100,Medium,Medium,Yes,7,87,Medium,No,3,Low,Medium,Public,Negative,5,No,College,Near,Female,74.0
15.0,71,High,Low,No,7,78,Medium,Yes,0,Medium,Medium,Private,Positive,3,No,High School,Near,Male,63.0
29.0,95,Medium,Low,Yes,9,88,Medium,Yes,0,Medium,High,Public,Neutral,2,No,High School,Near,Female,72.0
23.0,91,High,Low,Yes,7,97,Low,Yes,2,Low,Medium,Public,Neutral,3,No,College,Moderate,Male,71.0
12.0,74,High,Medium,No,7,73,Medium,Yes,1,Low,Medium,Public,Neutral,5,No,High School,Near,Male,64.0
22.0,89,Medium,Medium,Yes,7,54,Medium,Yes,1,High,Medium,Public,Positive,3,No,High School,Near,Female,69.0
7.0,64,High,High,No,6,81,Medium,Yes,2,Low,Low,Private,Positive,3,No,Postgraduate,Moderate,Female,62.0
24.0,92,Medium,Medium,Yes,5,55,Medium,No,1,Medium,Medium,Public,Neutral,4,No,College,Near,Male,69.0
25.0,81,High,Low,Yes,9,81,Low,Yes,2,Low,Medium,Public,Neutral,3,No,High School,Near,Male,68.0
16.0,72,High,Medium,Yes,9,76,High,Yes,6,Low,Low,Public,Negative,3,No,High School,Near,Male,67.0
21.0,86,Medium,Medium,Yes,9,86,High,Yes,2,Medium,Medium,Public,Neutral,3,No,Postgraduate,Near,Male,71.0
32.0,86,Medium,Medium,Yes,5,68,Low,Yes,1,Medium,Medium,Public,Negative,4,No,High School,Moderate,Male,70.0
17.0,68,High,Medium,No,9,57,Medium,Yes,2,Medium,Low,Public,Neutral,3,No,High School,Moderate,Male,63.0
14.0,61,Low,High,No,10,62,Medium,Yes,0,High,Medium,Public,Negative,4,No,College,Moderate,Female,60.0
29.0,77,Medium,Medium,No,9,84,Medium,Yes,0,Low,High,Public,Neutral,3,No,College,Near,Female,69.0
32.0,83,Medium,Medium,Yes,9,74,Medium,Yes,3,Low,Medium,Public,Neutral,3,No,College,Moderate,Male,71.0
20.0,95,Low,Low,Yes,8,77,Medium,Yes,1,High,High,Public,Positive,2,No,High School,Near,Male,69.0
26.0,97,High,Low,Yes,6,66,Medium,Yes,2,Medium,Medium,Public,Positive,1,No,College,Near,Female,73.0
28.0,81,Medium,High,Yes,8,92,Medium,Yes,1,High,Medium,Public,Positive,3,No,College,Near,Female,73.0
16.0,90,Medium,Medium,No,5,100,Medium,Yes,1,Low,Medium,Public,Positive,3,No,High School,Moderate,Female,68.0
17.0,78,High,Medium,Yes,6,66,Medium,Yes,2,Low,Medium,Public,Positive,4,No,College,Moderate,Male,67.0
27.0,90,Medium,High,No,7,86,High,Yes,2,Medium,Medium,Public,Positive,3,No,College,Moderate,Male,74.0
30.0,68,Medium,High,No,7,59,Medium,Yes,3,Low,Medium,Public,Positive,3,No,College,Moderate,Male,68.0
23.0,75,High,Medium,No,8,87,Low,Yes,1,Medium,High,Public,Positive,2,No,College,Near,Female,69.0
15.0,85,High,Medium,No,4,72,Medium,Yes,4,Low,High,Private,Neutral,4,No,College,Near,Male,69.0
32.0,61,High,High,Yes,7,80,Medium,Yes,0,Low,Medium,Public,Positive,4,Yes,College,Moderate,Female,68.0
17.0,89,Low,High,No,8,62,Medium,Yes,1,Low,High,Public,Positive,1,No,High School,Moderate,Male,66.0
18.0,93,Low,Low,Yes,8,93,Medium,Yes,3,Low,High,Public,Negative,3,No,Postgraduate,Moderate,Male,69.0
22.0,76,Medium,Medium,Yes,8,59,Medium,Yes,1,Low,Medium,Public,Positive,2,No,College,Near,Female,66.0
29.0,78,Low,Medium,Yes,7,96,High,Yes,5,Low,Medium,Public,Positive,4,No,College,Moderate,Male,72.0
25.0,94,Medium,Low,Yes,6,53,Low,Yes,1,Medium,Medium,Public,Negative,3,No,High School,Near,Female,69.0
22.0,91,Medium,Medium,Yes,8,64,Medium,Yes,1,Low,High,Public,Positive,3,Yes,High School,Moderate,Male,68.0
23.0,72,Medium,Medium,Yes,7,78,Medium,Yes,1,Low,Medium,Private,Neutral,3,No,High School,Near,Male,66.0
20.0,73,Medium,Low,Yes,8,93,High,Yes,1,Low,High,Public,Negative,4,No,High School,Far,Male,65.0
23.0,87,Medium,Medium,No,8,79,High,Yes,2,Low,High,Public,Neutral,2,No,Postgraduate,Near,Male,71.0
5.0,83,Medium,Medium,Yes,7,61,Medium,Yes,2,Low,Medium,Public,Negative,4,No,High School,Moderate,Male,61.0
18.0,66,Low,Medium,Yes,6,93,Medium,Yes,1,Low,Medium,Public,Neutral,3,Yes,College,Near,Female,63.0
21.0,72,Medium,High,Yes,9,80,Low,Yes,1,Medium,Medium,Public,Neutral,3,No,High School,Near,Female,66.0
13.0,96,Medium,High,No,8,62,Medium,Yes,0,High,Medium,Private,Neutral,2,No,Postgraduate,Near,Male,69.0
22.0,88,High,High,Yes,10,78,Medium,Yes,0,Medium,High,Private,Positive,2,No,High School,Moderate,Male,71.0
19.0,99,High,Medium,Yes,8,84,High,Yes,0,High,Medium,Public,Positive,4,No,High School,Near,Female,73.0
31.0,91,High,Medium,Yes,8,84,Low,Yes,2,Low,Medium,Public,Negative,2,No,High School,Near,Male,72.0
29.0,98,Medium,High,No,5,86,Low,Yes,2,Medium,Medium,Private,Negative,4,No,High School,Far,Male,73.0
17.0,69,Low,High,Yes,7,95,Medium,Yes,1,Low,High,Private,Positive,2,No,High School,Moderate,Male,65.0
19.0,91,Low,High,Yes,7,91,Medium,Yes,1,High,High,Public,Neutral,3,No,High School,Near,Female,71.0
20.0,61,High,Medium,Yes,8,80,Medium,Yes,1,Low,High,Public,Positive,3,No,High School,Near,Male,65.0
17.0,87,Medium,Medium,No,8,52,Low,Yes,1,Medium,Medium,Public,Positive,5,No,College,Near,Male,67.0
21.0,79,Medium,High,Yes,8,87,Medium,Yes,1,Low,High,Public,Neutral,2,No,Postgraduate,Moderate,Male,69.0
15.0,74,Low,High,No,10,99,Low,No,0,Low,Medium,Private,Neutral,3,No,College,Moderate,Male,63.0
13.0,94,Low,High,Yes,6,65,High,Yes,2,Medium,Medium,Public,Neutral,2,No,Postgraduate,Moderate,Male,68.0
24.0,94,High,Low,Yes,8,80,High,No,1,Low,Medium,Public,Neutral,4,No,High School,Near,Female,70.0
24.0,61,Medium,Medium,Yes,8,88,Low,Yes,1,Low,Medium,Private,Positive,4,No,High School,Moderate,Female,64.0
15.0,84,Medium,Medium,No,10,82,Medium,Yes,1,High,Low,Private,Negative,2,Yes,High School,Near,Male,64.0
25.0,75,Low,High,Yes,8,96,High,Yes,1,Low,Medium,Private,Neutral,0,No,College,Near,Male,68.0
16.0,77,Medium,High,Yes,8,74,Medium,Yes,0,High,Low,Private,Neutral,2,No,College,Moderate,Female,65.0
22.0,93,High,Medium,No,8,77,Medium,Yes,0,High,Medium,Public,Neutral,1,No,High School,Near,Female,70.0
25.0,72,Medium,Medium,Yes,8,52,Low,Yes,0,Medium,Medium,Private,Positive,2,No,Postgraduate,Near,Male,66.0
20.0,98,High,Low,Yes,9,95,Low,Yes,1,Low,Medium,Public,Positive,2,No,High School,Moderate,Female,70.0
23.0,67,Medium,Medium,Yes,6,63,High,Yes,3,Low,High,Private,Neutral,3,No,High School,Near,Male,66.0
17.0,87,Medium,Medium,No,6,99,Medium,Yes,2,Low,Medium,Private,Neutral,2,No,Postgraduate,Near,Male,69.0
19.0,87,High,High,No,10,60,High,Yes,2,Medium,Low,Private,Positive,3,No,High School,Moderate,Male,69.0
19.0,70,High,High,No,4,63,Medium,Yes,1,Low,Medium,Private,Neutral,3,No,College,Far,Female,64.0
16.0,73,Medium,Medium,Yes,7,74,Low,Yes,1,Low,High,Public,Positive,3,No,High School,Moderate,Male,64.0
19.0,93,Low,Medium,Yes,7,83,Medium,Yes,1,Medium,Medium,Public,Positive,3,No,High School,Near,Female,69.0
11.0,90,Medium,Medium,Yes,7,72,High,Yes,3,Medium,Medium,Public,Negative,3,No,High School,Near,Female,67.0
17.0,73,Low,Medium,Yes,9,68,Low,Yes,2,Medium,Medium,Public,Positive,3,Yes,College,Near,Female,63.0
18.0,81,Low,High,Yes,8,77,Low,Yes,1,Medium,High,Public,Positive,3,No,College,Moderate,Male,67.0
18.0,62,Medium,High,No,6,98,Low,Yes,3,Medium,Medium,Private,Neutral,1,No,College,Near,Male,65.0
19.0,68,Medium,Medium,Yes,6,98,Low,Yes,2,Low,Medium,Public,Positive,1,No,High School,Moderate,Female,64.0
20.0,79,High,Medium,No,7,66,Low,Yes,3,High,Medium,Public,Negative,3,No,College,Near,Female,68.0
23.0,63,Low,Medium,Yes,9,84,High,Yes,0,High,Medium,Public,Neutral,3,No,High School,Near,Female,64.0
25.0,94,High,Medium,No,7,86,Low,No,2,Low,Medium,Private,Negative,4,No,College,Moderate,Male,70.0
16.0,89,High,Medium,Yes,7,83,High,Yes,0,Low,High,Public,Positive,4,No,Postgraduate,Moderate,Male,70.0
13.0,98,High,Low,Yes,6,56,Medium,Yes,1,High,Low,Public,Negative,3,No,College,Moderate,Female,67.0
14.0,88,High,High,Yes,8,77,Medium,Yes,2,Medium,Medium,Public,Positive,3,No,College,Far,Male,69.0
17.0,98,High,Medium,No,7,88,Medium,Yes,2,Low,High,Private,Negative,4,No,High School,Far,Male,70.0
18.0,82,High,High,No,6,60,Medium,Yes,5,Medium,High,Public,Negative,3,No,College,Near,Male,69.0
15.0,84,Medium,Low,Yes,9,67,Medium,Yes,1,Medium,High,Private,Negative,3,No,College,Moderate,Male,65.0
12.0,99,Medium,High,Yes,10,60,Medium,Yes,0,Low,Low,Public,Negative,1,No,High School,Moderate,Male,66.0
17.0,86,High,High,Yes,7,94,Medium,Yes,2,Medium,Medium,Public,Neutral,3,No,High School,Moderate,Male,70.0
21.0,61,Medium,Low,Yes,7,93,Low,Yes,1,Low,High,Private,Negative,5,No,High School,Near,Male,63.0
24.0,89,Low,Medium,No,5,58,Medium,Yes,3,High,Medium,Public,Positive,3,No,High School,Near,Female,69.0
17.0,96,High,High,Yes,8,88,Medium,Yes,4,Low,Low,Private,Positive,4,No,Postgraduate,Near,Male,74.0
18.0,92,Medium,Medium,Yes,8,68,Low,Yes,2,High,High,Private,Positive,3,No,High School,Near,Male,70.0
14.0,83,High,Medium,No,7,84,Medium,Yes,1,Low,Medium,Public,Neutral,3,No,High School,Near,Female,66.0
20.0,87,Low,High,Yes,6,75,Medium,Yes,0,Low,Medium,Public,Positive,3,Yes,Postgraduate,Near,Male,68.0
15.0,100,Medium,Low,No,10,74,Medium,Yes,2,Medium,Medium,Public,Negative,5,No,High School,Far,Male,67.0
23.0,64,Medium,Medium,Yes,8,94,Low,Yes,2,Medium,Medium,Private,Positive,5,No,High School,Moderate,Female,66.0
9.0,87,High,Medium,No,6,82,Medium,Yes,0,Low,Medium,Public,Negative,3,No,College,Near,Female,65.0
18.0,71,Low,Medium,Yes,8,62,Medium,Yes,3,High,High,Public,Positive,2,No,College,Near,Male,66.0
22.0,86,High,Medium,Yes,7,56,Medium,Yes,1,High,Medium,Private,Positive,4,No,High School,Moderate,Male,69.0
21.0,84,Low,Medium,No,7,97,Medium,Yes,2,Low,Low,Public,Neutral,4,No,High School,Moderate,Female,67.0
36.0,66,Low,High,Yes,8,58,High,Yes,1,Medium,Medium,Public,Positive,3,No,College,Far,Male,69.0
22.0,68,Medium,Medium,No,4,87,High,Yes,2,Medium,Medium,Public,Neutral,3,No,Postgraduate,Far,Female,66.0
14.0,85,Medium,Medium,No,4,75,High,Yes,2,High,Medium,Public,Negative,1,Yes,High School,Far,Female,64.0
19.0,65,Medium,Medium,No,9,57,Low,Yes,1,Medium,Medium,Public,Positive,2,Yes,High School,Near,Female,61.0
9.0,71,Low,High,Yes,7,89,Medium,Yes,0,Low,Medium,Public,Negative,2,No,High School,Near,Male,61.0
20.0,93,Medium,Medium,Yes,6,95,Low,Yes,1,Medium,High,Public,Negative,4,No,College,Moderate,Male,70.0
15.0,73,Medium,High,No,5,56,Medium,Yes,1,Medium,Medium,Public,Positive,2,No,Postgraduate,Near,Female,65.0
25.0,80,High,Low,No,7,53,Medium,Yes,1,Medium,Medium,Private,Neutral,3,No,College,Moderate,Male,67.0
17.0,98,Low,Medium,No,7,92,Medium,Yes,0,High,Medium,Private,Positive,0,No,College,Near,Male,69.0
19.0,69,Medium,Low,Yes,9,75,Medium,Yes,2,Medium,Low,Public,Negative,5,No,High School,Moderate,Female,63.0
16.0,76,Medium,Medium,No,8,84,High,Yes,1,High,High,Public,Neutral,4,No,High School,Near,Male,66.0
30.0,84,High,Medium,Yes,7,72,Medium,Yes,3,Medium,Medium,Public,Positive,2,No,High School,Near,Male,73.0
18.0,90,High,High,No,8,71,High,No,0,Low,Medium,Public,Neutral,3,No,High School,Near,Female,68.0
31.0,96,High,High,Yes,9,65,High,Yes,0,Low,Medium,Private,Positive,2,No,High School,Far,Male,74.0
25.0,97,Low,Medium,Yes,8,78,Medium,Yes,0,Medium,Medium,Public,Neutral,3,No,High School,Near,Male,70.0
23.0,91,High,Low,Yes,8,58,Medium,Yes,0,Medium,Medium,Public,Positive,2,No,High School,Far,Male,68.0
22.0,69,High,High,No,7,86,Low,Yes,1,High,Medium,Public,Positive,4,Yes,High School,Moderate,Female,67.0
22.0,61,High,Medium,No,6,77,Low,Yes,1,Medium,Medium,Public,Positive,4,No,Postgraduate,Moderate,Male,65.0
8.0,75,Medium,Medium,No,5,92,Medium,Yes,5,High,High,Public,Positive,4,No,High School,Moderate,Male,66.0
18.0,66,High,Medium,Yes,5,96,Medium,Yes,0,Low,Medium,Public,Neutral,5,No,High School,Moderate,Female,64.0
25.0,88,Medium,Medium,Yes,8,95,Low,Yes,1,High,High,Public,Neutral,4,No,High School,Near,Female,72.0
20.0,86,Medium,Medium,Yes,8,80,High,Yes,2,Medium,Medium,Public,Neutral,2,No,College,Near,Male,70.0
12.0,62,Medium,Medium,Yes,9,66,Medium,Yes,1,Low,Medium,Private,Neutral,2,No,College,Moderate,Female,60.0
20.0,93,Medium,Medium,Yes,8,68,Medium,Yes,1,Low,Low,Public,Neutral,3,No,High School,Moderate,Male,68.0
30.0,70,Medium,High,Yes,9,83,Medium,Yes,1,High,Medium,Private,Neutral,2,No,Postgraduate,Near,Female,71.0
27.0,77,Medium,Medium,Yes,7,86,Low,Yes,1,High,Medium,Public,Neutral,3,No,High School,Moderate,Male,68.0
20.0,87,High,Medium,Yes,8,58,Low,Yes,2,Low,Medium,Public,Negative,2,Yes,Postgraduate,Near,Male,67.0
26.0,77,Medium,Medium,Yes,5,100,Low,Yes,1,Low,High,Private,Positive,5,No,High School,Near,Female,70.0
18.0,78,Medium,High,No,7,55,High,Yes,0,High,Medium,Public,Negative,3,No,High School,Near,Male,65.0
10.0,63,Medium,Medium,No,4,80,Medium,Yes,0,Low,Medium,Public,Positive,3,No,College,Near,Male,60.0
14.0,76,High,Low,No,7,77,Low,No,2,High,Medium,Public,Positive,4,No,College,Near,Male,65.0
29.0,91,Medium,Medium,No,9,80,Low,Yes,0,Low,High,Public,Negative,4,No,High School,Near,Female,70.0
18.0,97,Low,Low,Yes,7,77,Medium,Yes,4,Low,Low,Private,Neutral,4,No,Postgraduate,Near,Male,69.0
19.0,77,High,Low,No,8,53,Medium,Yes,1,Low,Medium,Private,Positive,3,No,High School,Near,Male,64.0
18.0,77,Low,Medium,No,7,100,Medium,Yes,2,High,High,Private,Positive,3,Yes,High School,Near,Male,67.0
31.0,88,Low,Medium,Yes,6,99,Low,Yes,2,High,Low,Public,Negative,3,No,Postgraduate,Near,Male,73.0
30.0,98,Medium,High,No,7,76,High,Yes,1,Low,Medium,Public,Neutral,3,No,College,Near,Male,74.0
33.0,71,Medium,Low,Yes,9,60,Medium,Yes,0,Medium,Medium,Public,Positive,4,Yes,High School,Near,Male,67.0
19.0,78,Low,High,Yes,8,59,Medium,Yes,2,High,Medium,Public,Positive,1,No,High School,Near,Male,66.0
22.0,92,Medium,Medium,No,6,53,Medium,Yes,4,High,Medium,Public,Neutral,4,Yes,High School,Near,Male,69.0
11.0,84,High,Medium,No,5,81,Low,Yes,1,Low,Medium,Private,Negative,3,No,High School,Moderate,Female,64.0
29.0,64,Medium,High,Yes,7,74,Medium,Yes,0,High,Medium,Public,Positive,2,No,Postgraduate,Near,Female,69.0
13.0,85,Low,High,Yes,6,71,Medium,Yes,1,Low,Medium,Public,Positive,3,No,High School,Near,Female,66.0
21.0,67,High,Medium,Yes,7,76,Medium,Yes,1,Medium,High,Private,Neutral,2,Yes,High School,Near,Male,65.0
13.0,80,Medium,Medium,Yes,5,94,High,Yes,1,Medium,Medium,Private,Positive,3,No,High School,Near,Female,67.0
16.0,81,Medium,High,No,9,54,Medium,Yes,3,Medium,High,Public,Negative,3,No,Postgraduate,Moderate,Male,67.0
15.0,95,Medium,Medium,No,7,77,High,Yes,0,Low,Medium,Private,Neutral,3,No,High School,Near,Female,68.0
16.0,78,Medium,Low,No,7,85,Medium,Yes,4,Medium,Medium,Public,Neutral,2,Yes,High School,Near,Male,65.0
17.0,71,Medium,Low,Yes,6,99,Low,Yes,4,Medium,Medium,Public,Positive,3,Yes,Postgraduate,Near,Male,66.0
17.0,69,High,Medium,Yes,7,87,Low,Yes,2,Low,Medium,Public,Neutral,3,No,College,Near,Male,65.0
25.0,95,Medium,Medium,Yes,7,77,High,No,0,Low,High,Public,Neutral,3,No,Postgraduate,Near,Male,71.0
13.0,67,Medium,High,Yes,6,88,Medium,Yes,0,Low,Medium,Public,Neutral,3,No,College,Moderate,Female,63.0
21.0,77,High,Low,Yes,7,100,Low,Yes,2,High,High,Public,Positive,4,No,College,Near,Female,70.0
27.0,67,High,High,Yes,9,94,High,Yes,0,High,Low,Public,Positive,2,No,College,Near,Female,70.0
17.0,91,Low,Medium,Yes,4,54,High,Yes,3,Low,Medium,Public,Neutral,4,No,College,Moderate,Female,67.0
16.0,79,High,Medium,Yes,7,79,High,Yes,2,High,High,Public,Positive,2,No,High School,Moderate,Male,68.0
19.0,74,Medium,Low,Yes,6,89,Medium,No,0,High,Medium,Public,Neutral,2,No,High School,Moderate,Male,63.0
27.0,74,Medium,High,Yes,9,84,Low,Yes,3,High,Medium,Private,Negative,3,No,College,Near,Female,70.0
21.0,94,Medium,Medium,No,7,71,Low,No,1,Low,High,Private,Neutral,2,No,Postgraduate,Near,Male,69.0
17.0,82,Medium,Medium,Yes,5,66,Medium,Yes,1,Medium,Low,Public,Positive,3,No,High School,Near,Female,66.0
23.0,89,Low,High,No,7,81,Medium,Yes,2,Low,High,Public,Neutral,2,No,Postgraduate,Moderate,Male,70.0
13.0,96,Medium,High,No,8,71,Low,Yes,1,Medium,Low,Public,Positive,3,No,High School,Near,Male,68.0
24.0,96,Medium,Medium,No,10,70,Medium,Yes,0,High,Medium,Public,Negative,4,No,High School,Near,Female,70.0
22.0,73,Low,High,Yes,4,92,Medium,Yes,0,Low,Medium,Public,Positive,4,No,Postgraduate,Moderate,Male,67.0
18.0,98,Medium,High,Yes,5,66,Medium,Yes,0,Medium,Medium,Private,Negative,0,No,Postgraduate,Near,Male,69.0
15.0,61,High,Low,Yes,9,82,Medium,Yes,2,Medium,High,Public,Positive,2,No,Postgraduate,Near,Male,64.0
15.0,75,High,Medium,No,5,94,Low,No,1,Low,Medium,Public,Negative,3,Yes,High School,Moderate,Female,62.0
23.0,96,Medium,Medium,No,7,81,Medium,Yes,1,Low,Medium,Private,Positive,2,No,Postgraduate,Moderate,Male,71.0
27.0,71,High,Medium,Yes,6,75,Medium,Yes,2,Medium,High,Private,Neutral,4,No,High School,Near,Male,69.0
16.0,71,Medium,High,Yes,6,52,Low,Yes,0,High,High,Public,Neutral,1,No,High School,Far,Male,62.0
23.0,72,Low,Medium,Yes,7,84,High,Yes,0,Medium,Medium,Public,Positive,4,No,High School,Near,Male,66.0
7.0,84,Medium,High,Yes,7,100,Low,Yes,3,Low,Medium,Private,Negative,4,Yes,High School,Moderate,Male,64.0
16.0,78,Low,High,No,9,90,Medium,Yes,3,Low,Medium,Public,Negative,3,No,Postgraduate,Moderate,Male,66.0
20.0,89,High,Medium,Yes,9,82,Medium,Yes,2,High,High,Public,Neutral,3,No,College,Near,Female,72.0
15.0,96,High,High,Yes,8,73,Medium,Yes,3,Medium,Medium,Private,Negative,3,No,College,Near,Female,71.0
14.0,87,Medium,High,Yes,7,61,Medium,Yes,0,Low,Medium,Public,Neutral,3,No,High School,Far,Male,65.0
16.0,68,Medium,Medium,Yes,7,85,Medium,Yes,1,Medium,Medium,Public,Positive,2,No,College,Near,Female,65.0
22.0,97,Medium,High,Yes,8,59,Medium,Yes,1,Low,Medium,Public,Negative,3,No,High School,Near,Male,70.0
19.0,71,Medium,High,Yes,9,94,High,Yes,1,High,Medium,Private,Positive,4,No,High School,Near,Male,68.0
7.0,66,High,Low,Yes,8,68,High,Yes,0,Low,Medium,Public,Negative,2,Yes,College,Moderate,Male,57.0
7.0,64,Medium,High,No,9,70,High,Yes,4,Low,Low,Public,Neutral,4,Yes,High School,Far,Male,59.0
16.0,83,Low,Low,Yes,6,61,Medium,Yes,0,Medium,High,Public,Neutral,4,No,College,Near,Male,64.0
23.0,65,High,Medium,Yes,9,74,Medium,Yes,2,Medium,High,Private,Neutral,3,No,College,Moderate,Male,67.0
4.0,66,Low,High,No,8,84,Low,Yes,2,Low,High,Public,Neutral,3,No,Postgraduate,Near,Female,60.0
17.0,72,High,High,Yes,6,65,Low,Yes,3,Low,High,Public,Positive,2,No,Postgraduate,Far,Male,67.0
17.0,71,Medium,High,Yes,7,85,Low,Yes,2,Low,Low,Private,Negative,2,No,College,Near,Female,65.0
28.0,84,Medium,Medium,Yes,7,81,Medium,Yes,1,Medium,High,Public,Negative,3,No,College,Near,Male,71.0
18.0,93,Low,Medium,Yes,7,69,Medium,Yes,0,Low,Medium,Public,Neutral,2,No,College,Near,Male,67.0
22.0,90,Medium,Medium,Yes,7,66,Low,Yes,0,Low,Medium,Public,Positive,1,No,Postgraduate,Near,Male,69.0
21.0,70,High,Medium,Yes,5,93,High,Yes,1,Low,Medium,Public,Neutral,3,No,College,Near,Male,68.0
7.0,70,Medium,Medium,Yes,6,51,Medium,Yes,0,High,Medium,Private,Neutral,1,No,High School,Moderate,Female,59.0
25.0,99,High,High,No,7,86,Low,No,3,Medium,Medium,Public,Positive,3,No,College,Near,Female,75.0
21.0,60,Medium,Medium,Yes,6,71,Low,Yes,0,Medium,Low,Public,Negative,4,Yes,High School,Far,Male,59.0
23.0,95,High,Medium,No,6,86,Low,Yes,0,Medium,High,Public,Neutral,3,No,High School,Moderate,Female,71.0
20.0,68,High,Low,No,9,75,Low,Yes,3,Medium,High,Private,Negative,2,No,High School,Moderate,Female,71.0
7.0,98,Medium,Medium,No,7,54,High,Yes,0,Medium,High,Private,Neutral,2,No,High School,Near,Female,66.0
30.0,74,Medium,Low,No,10,99,Medium,Yes,1,High,Medium,Private,Positive,2,No,High School,Moderate,Male,69.0
18.0,78,High,Medium,Yes,7,54,Low,No,4,Low,High,Public,Neutral,4,Yes,College,Moderate,Female,65.0
22.0,88,Medium,Medium,Yes,9,58,Low,Yes,3,Low,Medium,Private,Negative,2,No,College,Moderate,Male,68.0
20.0,84,High,Low,No,7,71,Medium,Yes,5,Low,High,Private,Positive,2,No,High School,Far,Female,68.0
17.0,73,Medium,Medium,Yes,6,97,High,Yes,1,Medium,High,Public,Positive,3,No,High School,Near,Male,67.0
17.0,82,High,Medium,Yes,7,65,Medium,Yes,1,Medium,Medium,Public,Positive,5,No,High School,Near,Male,68.0
22.0,89,Low,Medium,Yes,9,78,Medium,Yes,0,Medium,Medium,Public,Positive,3,No,High School,Moderate,Male,68.0
11.0,62,High,Medium,Yes,7,76,High,Yes,3,High,Medium,Private,Neutral,3,Yes,High School,Moderate,Male,88.0
25.0,60,Medium,High,Yes,8,67,Medium,Yes,1,Medium,High,Public,Neutral,2,No,College,Near,Female,66.0
18.0,78,High,Low,Yes,7,85,High,Yes,3,Low,Low,Public,Negative,2,No,College,Near,Male,67.0
13.0,65,Medium,High,No,7,75,Low,Yes,2,Medium,High,Private,Neutral,4,No,High School,Moderate,Male,63.0
17.0,87,Medium,High,Yes,7,79,Medium,Yes,3,Low,Medium,Public,Neutral,4,Yes,High School,Near,Female,68.0
28.0,69,High,Low,No,6,61,Low,Yes,2,Medium,High,Public,Positive,1,Yes,High School,Near,Male,65.0
17.0,77,High,Medium,Yes,7,96,Medium,Yes,1,Low,Low,Private,Positive,3,No,College,Near,Male,67.0
22.0,68,High,High,Yes,8,56,Medium,No,3,Medium,Medium,Private,Positive,1,No,Postgraduate,Near,Male,67.0
16.0,82,Medium,Medium,Yes,7,85,Medium,Yes,1,High,Medium,Public,Neutral,4,No,High School,Near,Male,67.0
25.0,65,Medium,Low,No,7,94,Low,Yes,1,Low,High,Public,Positive,3,No,High School,Far,Male,64.0
24.0,61,Medium,Medium,No,8,54,Medium,Yes,1,Low,Medium,Public,Neutral,2,Yes,High School,Moderate,Male,61.0
31.0,62,Medium,Medium,Yes,7,51,Medium,Yes,2,Medium,Medium,Public,Neutral,1,No,College,Far,Female,65.0
19.0,98,Low,High,Yes,7,67,High,Yes,1,Medium,Medium,Private,Negative,4,No,High School,Moderate,Female,70.0
24.0,66,Medium,High,No,8,89,Medium,Yes,0,Medium,High,Public,Positive,2,No,College,Near,Male,67.0
21.0,88,High,Low,No,7,86,Medium,Yes,1,Low,Medium,Private,Positive,2,No,High School,Moderate,Male,68.0
28.0,63,Medium,Medium,Yes,7,91,Medium,Yes,1,Low,Medium,Private,Positive,1,No,High School,Far,Male,65.0
16.0,64,High,Medium,Yes,8,70,Low,Yes,3,High,High,Private,Negative,3,No,High School,Far,Female,63.0
24.0,80,Medium,High,No,7,100,Medium,Yes,1,High,High,Public,Neutral,3,No,Postgraduate,Moderate,Male,72.0
19.0,79,High,Medium,Yes,7,68,Medium,Yes,2,High,High,Public,Negative,1,No,College,Near,Female,68.0
20.0,98,Medium,High,Yes,7,90,Medium,Yes,2,Medium,Medium,Public,Positive,4,No,High School,Near,Male,73.0
21.0,98,High,Medium,Yes,7,68,High,Yes,0,Medium,Medium,Public,Positive,3,Yes,College,Near,Female,71.0
22.0,91,Medium,High,No,5,61,Medium,Yes,3,Low,High,Public,Neutral,2,No,Postgraduate,Far,Male,70.0
19.0,84,High,Medium,Yes,7,67,Low,Yes,0,Medium,Low,Public,Positive,3,No,Postgraduate,Near,Female,68.0
21.0,78,Medium,High,No,10,60,Medium,Yes,3,High,Medium,Public,Negative,5,No,High School,Moderate,Male,68.0
29.0,74,Medium,Medium,No,6,56,Low,Yes,2,Low,High,Public,Neutral,3,No,Postgraduate,Near,Female,68.0
26.0,98,Low,High,Yes,6,68,Medium,Yes,1,Low,Medium,Private,Neutral,1,No,Postgraduate,Moderate,Male,71.0
25.0,84,Medium,Medium,Yes,10,57,Low,Yes,4,Medium,Medium,Public,Positive,2,No,College,Near,Male,70.0
17.0,83,High,Medium,No,6,75,Medium,Yes,2,Medium,Medium,Public,Positive,3,Yes,High School,Near,Male,67.0
15.0,69,Low,Medium,Yes,9,52,Medium,Yes,0,High,Medium,Public,Neutral,3,No,College,Near,Female,61.0
26.0,62,High,Low,Yes,7,72,Low,Yes,1,Medium,Medium,Public,Neutral,3,No,College,Moderate,Female,64.0
25.0,98,Low,Medium,No,7,98,Medium,Yes,1,Medium,Medium,Public,Negative,4,No,Postgraduate,Near,Male,72.0
29.0,73,High,Medium,No,7,68,Low,Yes,1,Low,High,Private,Positive,4,Yes,High School,Moderate,Male,67.0
16.0,78,High,Low,Yes,8,57,High,Yes,1,Medium,Medium,Public,Negative,3,No,College,Near,Male,65.0
19.0,65,Medium,Low,Yes,5,65,High,Yes,1,High,Medium,Public,Positive,6,No,College,Moderate,Female,64.0
10.0,93,Low,Medium,Yes,7,90,Medium,Yes,0,Low,Medium,Private,Positive,2,No,High School,Near,Female,66.0
18.0,61,Medium,Medium,No,6,66,Medium,Yes,1,Medium,High,Public,Positive,2,No,High School,Moderate,Female,62.0
26.0,93,Low,Medium,No,4,69,Medium,Yes,2,Low,Medium,Public,Neutral,3,No,High School,Near,Male,70.0
17.0,66,Medium,Medium,Yes,9,89,Medium,No,1,Medium,High,Public,Positive,4,No,High School,Moderate,Female,64.0
24.0,95,Medium,Low,No,4,63,Low,Yes,3,Low,Medium,Public,Positive,3,No,High School,Near,Female,70.0
19.0,89,Medium,Low,No,10,74,Medium,Yes,1,Low,Medium,Public,Positive,2,No,High School,Moderate,Female,66.0
22.0,67,Low,High,Yes,8,53,Medium,Yes,0,Medium,High,Public,Negative,3,No,High School,Far,Male,62.0
13.0,83,Low,Low,No,5,59,High,Yes,4,Low,Medium,Private,Neutral,2,No,High School,Near,Female,63.0
21.0,73,Low,Medium,Yes,9,60,High,Yes,2,Medium,Medium,Public,Positive,3,No,College,Near,Male,66.0
20.0,67,Medium,Medium,No,6,73,Low,Yes,1,Low,Medium,Private,Positive,2,No,College,Moderate,Male,58.0
19.0,94,Medium,High,Yes,6,91,Medium,Yes,1,Low,Medium,Public,Negative,3,No,High School,Moderate,Male,70.0
10.0,76,Medium,Low,No,4,68,Medium,Yes,1,High,Low,Private,Neutral,6,No,College,Near,Male,63.0
27.0,76,Medium,High,Yes,6,69,High,Yes,0,Medium,High,Public,Neutral,1,No,High School,Near,Male,70.0
25.0,67,High,Medium,Yes,6,65,Medium,Yes,1,Low,Medium,Public,Negative,3,No,High School,Near,Male,65.0
23.0,75,Medium,Low,Yes,8,66,Medium,Yes,5,Medium,Low,Public,Neutral,3,No,High School,Near,Male,67.0
29.0,95,High,Medium,No,9,70,Medium,No,1,Low,Medium,Private,Positive,2,No,Postgraduate,Near,Female,73.0
14.0,75,Medium,Medium,Yes,5,95,Medium,Yes,0,Medium,Medium,Public,Positive,3,No,College,Moderate,Male,82.0
30.0,98,Low,Medium,No,7,51,High,Yes,0,Low,Medium,Public,Positive,2,No,High School,Near,Male,71.0
26.0,98,Medium,Medium,Yes,4,81,Low,Yes,1,Low,Medium,Public,Positive,4,No,Postgraduate,Near,Male,73.0
19.0,66,Medium,High,No,7,94,Low,Yes,1,High,Medium,Public,Positive,4,No,High School,Moderate,Female,65.0
27.0,67,High,Medium,Yes,10,71,Medium,Yes,1,Low,High,Public,Neutral,3,No,High School,Near,Female,67.0
13.0,95,Medium,Medium,Yes,4,83,Low,No,1,Low,High,Public,Neutral,4,No,College,Moderate,Male,67.0
15.0,76,High,High,Yes,5,79,Medium,Yes,4,Medium,Medium,Public,Neutral,4,No,Postgraduate,Moderate,Female,69.0
16.0,60,Medium,High,Yes,8,67,Low,Yes,0,Low,Medium,Public,Neutral,3,No,High School,Near,Male,61.0
17.0,71,Medium,Low,No,8,57,Medium,Yes,3,Medium,High,Private,Positive,4,No,High School,Near,Female,64.0
14.0,84,Low,High,No,6,61,Low,Yes,1,High,Medium,Public,Positive,2,No,College,Far,Male,64.0
27.0,92,Low,Medium,Yes,9,53,Low,Yes,2,Low,Medium,Public,Negative,2,No,College,Far,Male,68.0
18.0,65,Medium,Low,No,6,88,Medium,Yes,1,Medium,Medium,Private,Positive,1,Yes,College,Near,Male,62.0
22.0,64,Medium,Medium,Yes,10,77,High,Yes,5,Medium,Medium,Public,Neutral,3,Yes,High School,Near,Male,66.0
17.0,97,High,Low,Yes,8,89,Medium,Yes,1,Low,Medium,Public,Neutral,4,No,College,Near,Male,70.0
9.0,90,High,Medium,Yes,9,65,Low,Yes,3,Medium,Medium,Public,Positive,3,No,High School,Near,Female,67.0
22.0,84,Medium,Medium,Yes,8,90,Medium,Yes,2,Medium,Medium,Public,Positive,2,No,College,Near,Female,70.0
9.0,91,Medium,Medium,No,8,65,High,Yes,0,Medium,Medium,Public,Positive,4,No,High School,Moderate,Male,65.0
20.0,77,Low,Medium,No,8,56,Medium,Yes,1,Medium,High,Public,Positive,4,No,College,Moderate,Male,65.0
12.0,90,Medium,High,Yes,9,77,Medium,Yes,3,Medium,Medium,Public,Positive,3,No,Postgraduate,Near,Male,70.0
32.0,75,High,Medium,Yes,7,97,High,Yes,1,Medium,Medium,Private,Neutral,3,No,College,Moderate,Male,72.0
25.0,70,Medium,Medium,No,6,71,Low,Yes,0,Low,Medium,Public,Neutral,2,No,College,Near,Female,65.0
21.0,89,High,High,Yes,7,76,Medium,Yes,1,Medium,Medium,Public,Positive,2,No,High School,Near,Male,71.0
28.0,77,High,High,Yes,6,73,Low,Yes,3,Medium,High,Private,Negative,3,No,College,Near,Female,71.0
15.0,99,Medium,High,Yes,6,73,High,Yes,1,High,High,Public,Negative,5,No,Postgraduate,Near,Male,72.0
23.0,74,Low,Low,No,9,61,Low,Yes,0,Medium,Low,Public,Positive,4,No,Postgraduate,Near,Male,64.0
21.0,97,Medium,Medium,No,8,71,High,Yes,2,High,High,Public,Neutral,1,No,College,Moderate,Male,72.0
22.0,97,Low,Medium,No,8,75,Medium,Yes,1,Medium,Medium,Private,Positive,4,No,Postgraduate,Near,Male,71.0
28.0,70,Medium,Medium,Yes,9,87,Low,Yes,0,Low,Medium,Public,Neutral,3,No,High School,Moderate,Male,66.0
24.0,92,High,Low,No,8,57,Medium,Yes,3,Medium,Medium,Private,Positive,3,No,College,Near,Female,71.0
22.0,77,Medium,Medium,Yes,10,79,High,Yes,2,Medium,Low,Public,Neutral,2,No,High School,Near,Male,67.0
10.0,97,High,High,No,4,83,Low,Yes,1,Low,High,Public,Neutral,2,No,Postgraduate,Near,Male,69.0
14.0,78,High,Medium,Yes,6,69,High,Yes,0,Medium,Medium,Public,Positive,5,No,College,Moderate,Female,67.0
19.0,90,High,Medium,Yes,6,77,Medium,Yes,0,High,Medium,Public,Neutral,4,No,Postgraduate,Near,Male,71.0
21.0,79,Medium,Low,No,5,86,Low,Yes,1,High,Medium,Private,Positive,2,No,High School,Moderate,Female,66.0
13.0,69,High,High,No,7,73,Low,Yes,1,Medium,Low,Private,Positive,2,No,High School,Far,Male,62.0
34.0,68,Medium,Medium,No,7,67,High,Yes,0,Medium,Medium,Private,Neutral,2,No,High School,Moderate,Male,67.0
29.0,77,Medium,Low,Yes,10,91,High,Yes,2,Low,Medium,Public,Negative,4,No,Postgraduate,Near,Female,70.0
24.0,90,High,High,No,8,99,High,Yes,0,Low,Medium,Public,Neutral,3,No,College,Moderate,Female,72.0
20.0,84,High,High,No,6,61,Medium,Yes,3,Medium,Medium,Private,Neutral,2,No,High School,Near,Male,69.0
19.0,88,Medium,High,No,8,94,High,Yes,1,Medium,Medium,Public,Neutral,3,No,High School,Moderate,Male,70.0
14.0,71,High,High,No,4,77,Medium,Yes,0,Medium,Medium,Public,Negative,3,No,High School,Near,Female,64.0
20.0,79,Medium,Medium,Yes,7,72,Low,No,1,Medium,Medium,Public,Negative,3,No,High School,Near,Male,65.0
22.0,62,Medium,High,Yes,7,95,Medium,Yes,2,Medium,Medium,Public,Negative,2,No,High School,Near,Male,66.0
13.0,93,Low,Medium,No,6,96,High,Yes,2,High,Medium,Private,Negative,3,No,High School,Near,Female,68.0
22.0,100,Medium,Medium,Yes,7,64,Medium,Yes,2,Low,Medium,Private,Positive,3,No,College,Near,Female,72.0
19.0,76,Medium,Low,Yes,6,68,Medium,Yes,2,High,Medium,Public,Positive,3,No,High School,Moderate,Female,65.0
9.0,60,Medium,Low,Yes,6,93,Medium,Yes,3,Low,High,Private,Neutral,2,No,High School,Moderate,Female,60.0
15.0,67,Medium,Medium,No,8,75,Medium,Yes,0,High,High,Public,Negative,4,No,Postgraduate,Near,Female,63.0
18.0,86,Low,Low,Yes,9,64,Low,Yes,3,Low,High,Public,Positive,3,No,High School,Near,Female,66.0
31.0,84,Low,Medium,Yes,8,98,Low,Yes,1,Medium,Medium,Public,Positive,4,No,Postgraduate,Near,Female,73.0
23.0,92,Medium,Medium,Yes,6,61,Low,Yes,4,Low,Medium,Public,Positive,4,No,College,Near,Male,71.0
12.0,70,Medium,Medium,Yes,6,81,Low,Yes,1,Low,Medium,Public,Negative,2,Yes,High School,Far,Male,59.0
23.0,91,Medium,Low,Yes,6,71,Medium,Yes,5,Low,High,Public,Neutral,3,No,High School,Moderate,Female,70.0
11.0,88,Medium,Low,Yes,7,73,Low,Yes,1,Medium,Low,Private,Neutral,3,Yes,College,Near,Female,63.0
26.0,73,Medium,Medium,No,6,55,Medium,Yes,1,Medium,Low,Public,Positive,4,No,Postgraduate,Near,Male,67.0
17.0,82,Low,Medium,Yes,9,63,Medium,Yes,2,Low,Medium,Private,Neutral,2,No,College,Moderate,Male,65.0
19.0,66,Medium,Low,No,7,58,Medium,Yes,5,Medium,Low,Public,Positive,4,No,College,Moderate,Female,64.0
28.0,78,High,Medium,No,8,87,Low,Yes,2,Low,Medium,Public,Positive,2,No,Postgraduate,Near,Male,71.0
12.0,95,Medium,High,Yes,5,85,Medium,Yes,2,High,Medium,Public,Negative,2,No,College,Near,Male,70.0
12.0,77,Medium,Low,Yes,6,90,Medium,Yes,2,Medium,Low,Public,Neutral,2,No,High School,Near,Female,63.0
16.0,94,Low,Medium,No,8,85,Medium,Yes,3,Low,High,Public,Neutral,2,No,High School,Near,Female,68.0
26.0,84,Medium,Medium,Yes,8,56,Medium,No,1,Medium,Medium,Public,Negative,2,No,College,Near,Female,67.0
11.0,68,Medium,High,Yes,5,99,Medium,Yes,1,High,Medium,Public,Neutral,4,No,Postgraduate,Near,Female,66.0
20.0,83,High,Low,Yes,7,59,Low,Yes,2,Medium,High,Public,Positive,5,No,High School,Moderate,Male,63.0
17.0,80,Medium,Medium,Yes,7,68,Medium,Yes,0,Medium,Medium,Private,Negative,5,Yes,College,Near,Female,65.0
23.0,76,Medium,High,Yes,6,85,Low,Yes,2,Low,Medium,Public,Positive,3,Yes,High School,Far,Male,66.0
27.0,65,Medium,Medium,Yes,8,57,Medium,Yes,2,Low,Low,Public,Negative,4,No,Postgraduate,Near,Female,65.0
17.0,77,Low,Medium,Yes,5,59,Medium,Yes,2,Medium,High,Private,Neutral,4,No,High School,Near,Male,65.0
18.0,63,High,Low,No,6,94,Medium,Yes,2,Medium,High,Public,Neutral,2,Yes,High School,Near,Male,63.0
27.0,64,Medium,High,No,8,67,Medium,Yes,0,Low,Medium,Public,Positive,3,No,High School,Near,Male,65.0
9.0,77,Low,High,Yes,7,83,Medium,Yes,1,Low,High,Private,Neutral,4,Yes,High School,Far,Male,62.0
18.0,72,Medium,Medium,Yes,7,93,Medium,Yes,1,Medium,Medium,Public,Positive,3,No,College,Near,Female,66.0
21.0,97,Medium,Low,No,7,99,Medium,Yes,1,High,Medium,Public,Negative,3,No,Postgraduate,Near,Female,71.0
23.0,75,Low,Low,Yes,8,61,High,Yes,2,Low,Medium,Public,Positive,2,No,High School,Far,Female,64.0
17.0,90,Medium,Medium,Yes,8,56,Low,Yes,0,Medium,Medium,Private,Neutral,4,No,College,Near,Female,67.0
20.0,81,Medium,Medium,No,8,87,Medium,Yes,1,High,Medium,Private,Neutral,3,No,High School,Near,Male,68.0
5.0,88,Medium,Medium,No,7,59,Medium,Yes,3,Low,Medium,Public,Negative,3,No,College,Near,Female,63.0
16.0,70,Low,Medium,Yes,6,79,High,Yes,0,High,High,Public,Negative,3,No,College,Near,Female,64.0
23.0,98,High,High,Yes,6,77,Medium,Yes,1,Low,High,Public,Neutral,1,No,Postgraduate,Near,Female,74.0
14.0,81,Low,Medium,Yes,5,78,Medium,Yes,2,High,High,Public,Positive,4,No,Postgraduate,Near,Male,68.0
20.0,93,Medium,Medium,Yes,6,82,Low,No,1,Medium,High,Public,Positive,3,Yes,High School,Moderate,Female,68.0
23.0,75,High,High,Yes,6,93,Medium,No,2,Medium,Low,Public,Neutral,3,No,Postgraduate,Moderate,Female,69.0
18.0,64,Low,Medium,Yes,9,64,Medium,Yes,4,Low,Medium,Public,Negative,4,Yes,High School,Near,Male,61.0
21.0,87,Low,High,Yes,5,78,High,Yes,1,Low,Medium,Private,Positive,2,No,High School,Near,Female,69.0
14.0,60,Low,Low,Yes,9,67,Low,Yes,3,High,High,Public,Positive,3,No,High School,Near,Female,61.0
19.0,79,Medium,High,Yes,7,66,Low,Yes,3,High,Medium,Public,Positive,3,Yes,High School,Near,Male,67.0
24.0,68,Low,High,No,7,51,Medium,Yes,0,Low,Low,Private,Neutral,4,No,High School,Near,Female,63.0
21.0,85,Medium,Medium,No,8,80,Medium,Yes,3,Low,High,Public,Positive,3,Yes,College,Moderate,Female,68.0
16.0,99,Medium,Medium,No,5,99,Low,No,0,Low,Medium,Private,Neutral,5,No,College,Moderate,Female,68.0
21.0,79,Medium,Low,Yes,6,88,Low,Yes,2,High,Medium,Public,Neutral,1,No,High School,Near,Male,67.0
24.0,93,Low,Medium,Yes,5,62,High,Yes,1,High,Medium,Private,Negative,3,No,College,Moderate,Female,69.0
8.0,80,High,Medium,No,6,86,Medium,Yes,2,Low,Medium,Public,Neutral,3,No,High School,Near,Male,64.0
27.0,80,Low,Low,No,6,65,Low,Yes,1,Low,Medium,Public,Positive,4,No,Postgraduate,Near,Male,67.0
18.0,97,Medium,High,No,9,88,Low,Yes,1,High,Medium,Public,Neutral,3,Yes,High School,Near,Female,70.0
23.0,96,Low,High,Yes,6,93,Low,Yes,5,Low,Medium,Public,Negative,4,No,High School,Near,Female,72.0
27.0,91,Low,High,No,4,67,Medium,Yes,1,High,High,Private,Neutral,2,No,High School,Moderate,Female,71.0
12.0,72,Medium,Medium,No,6,50,High,Yes,1,Low,Medium,Public,Positive,3,No,College,Near,Male,62.0
16.0,82,Medium,Medium,Yes,8,65,High,Yes,2,Low,Medium,Private,Positive,5,Yes,Postgraduate,Near,Male,67.0
18.0,69,Medium,High,Yes,9,60,Medium,Yes,3,Low,Medium,Public,Negative,2,No,College,Far,Female,64.0
15.0,78,Medium,Medium,Yes,7,81,Medium,Yes,0,Medium,Low,Public,Neutral,2,No,High School,Near,Male,64.0
30.0,79,High,Medium,No,6,65,Medium,Yes,1,Low,Medium,Public,Negative,4,No,Postgraduate,Near,Female,70.0
15.0,93,Medium,Medium,Yes,7,52,Medium,Yes,3,Low,Medium,Public,Negative,5,No,College,Near,Female,68.0
17.0,96,Medium,Medium,No,8,77,Medium,Yes,1,Medium,Medium,Public,Neutral,3,No,Postgraduate,Near,Female,70.0
21.0,77,Medium,Low,Yes,5,94,Low,Yes,1,Medium,High,Public,Negative,3,No,High School,Far,Male,65.0
13.0,61,Low,Low,No,7,73,Low,Yes,2,High,Medium,Public,Positive,2,No,High School,Near,Female,59.0
18.0,94,Medium,Medium,Yes,7,69,Medium,Yes,1,Medium,High,Public,Positive,2,No,High School,Far,Female,69.0
22.0,67,Medium,Medium,Yes,7,59,High,Yes,2,Low,High,Public,Positive,3,No,Postgraduate,Near,Male,67.0
18.0,85,Medium,High,No,7,69,Medium,Yes,2,Low,Medium,Private,Positive,4,No,High School,Near,Male,68.0
19.0,61,Medium,Medium,No,6,67,Low,Yes,1,Medium,Medium,Public,Positive,1,No,College,Near,Male,62.0
17.0,76,High,Medium,No,8,100,Low,No,0,High,Medium,Private,Neutral,4,No,High School,Moderate,Male,65.0
11.0,99,High,Medium,Yes,7,52,Medium,Yes,0,High,High,Private,Neutral,5,No,College,Near,Female,69.0
22.0,64,Medium,Medium,Yes,7,62,Medium,Yes,3,Low,Medium,Private,Neutral,4,No,Postgraduate,Moderate,Female,65.0
31.0,77,High,Low,Yes,5,53,High,Yes,1,Medium,Medium,Public,Neutral,2,No,High School,Near,Female,68.0
20.0,72,High,Low,Yes,8,93,Medium,Yes,4,Low,High,Public,Positive,2,No,High School,Near,Male,68.0
21.0,96,High,Medium,Yes,6,71,High,No,3,Medium,Medium,Public,Negative,3,No,High School,Near,Female,71.0
24.0,95,Medium,Low,Yes,9,90,Medium,Yes,3,Low,Low,Public,Positive,4,No,High School,Moderate,Male,71.0
12.0,70,High,Medium,No,5,85,High,Yes,1,High,Medium,Public,Positive,3,No,Postgraduate,Near,Female,66.0
30.0,63,Medium,High,Yes,8,96,Medium,Yes,4,Low,Medium,Private,Positive,3,No,Postgraduate,Near,Female,71.0
21.0,85,Medium,Medium,No,4,51,Low,Yes,2,Low,Medium,Public,Neutral,3,No,College,Near,Female,66.0
30.0,73,High,Low,No,4,60,Medium,Yes,0,Low,Low,Private,Positive,4,No,High School,Moderate,Female,66.0
16.0,87,High,High,Yes,6,85,Medium,Yes,2,Medium,High,Public,Neutral,1,No,High School,Near,Female,69.0
31.0,61,Medium,Medium,No,4,79,Medium,Yes,0,Low,Low,Public,Positive,3,No,High School,Moderate,Female,65.0
25.0,65,High,Low,Yes,8,85,Medium,Yes,2,Low,Medium,Public,Negative,3,No,Postgraduate,Near,Female,66.0
23.0,87,Medium,Low,No,7,79,Medium,Yes,2,Medium,Medium,Public,Neutral,2,No,High School,Far,Male,67.0
21.0,68,Medium,Medium,No,9,79,Low,Yes,1,High,High,Private,Negative,4,No,Postgraduate,Moderate,Female,66.0
19.0,94,Medium,Medium,No,7,97,Medium,Yes,0,Medium,Medium,Public,Neutral,3,No,High School,Near,Female,69.0
27.0,62,High,Low,No,7,96,Medium,Yes,2,Low,Medium,Public,Neutral,4,No,High School,Near,Male,66.0
21.0,69,High,Medium,Yes,7,52,Low,Yes,0,Low,Medium,Public,Negative,3,No,Postgraduate,Near,Male,64.0
8.0,100,High,High,Yes,6,71,Medium,Yes,0,Low,High,Public,Positive,2,No,Postgraduate,Near,Female,70.0
13.0,77,Low,Medium,Yes,6,76,Low,No,1,Medium,Low,Private,Neutral,4,No,College,Moderate,Male,62.0
19.0,88,Low,Medium,Yes,5,68,High,Yes,1,Low,Low,Public,Positive,5,No,High School,Moderate,Male,67.0
22.0,67,Low,Medium,No,8,52,Medium,Yes,1,Medium,Low,Public,Negative,2,Yes,College,Moderate,Female,60.0
20.0,84,Low,Low,No,7,74,Low,Yes,1,High,Medium,Public,Neutral,3,No,Postgraduate,Near,Female,66.0
27.0,89,Medium,Medium,Yes,7,99,Medium,Yes,0,Medium,High,Public,Positive,2,No,High School,Near,Female,72.0
8.0,73,Medium,High,Yes,10,54,Medium,Yes,2,Medium,Medium,Public,Positive,3,No,High School,Near,Male,63.0
21.0,93,Low,Low,Yes,6,91,Low,Yes,1,High,Medium,Public,Negative,3,No,Postgraduate,Near,Male,69.0
9.0,84,High,High,Yes,7,60,High,Yes,1,Low,Medium,Private,Positive,3,No,College,Moderate,Male,66.0
25.0,76,Medium,Medium,Yes,7,79,Medium,Yes,2,Medium,Medium,Public,Positive,2,No,College,Near,Male,69.0
19.0,82,High,Medium,No,9,69,Low,Yes,2,Medium,Medium,Private,Neutral,3,No,College,Moderate,Male,68.0
23.0,83,Medium,Low,No,7,67,Medium,Yes,3,Low,Low,Public,Negative,4,No,High School,Moderate,Female,66.0
15.0,67,Medium,Medium,Yes,7,94,Low,Yes,0,High,Low,Private,Positive,2,No,Postgraduate,Moderate,Male,63.0
28.0,76,Medium,Medium,Yes,10,99,High,Yes,1,Medium,Medium,Public,Neutral,3,No,High School,Near,Male,70.0
26.0,74,Medium,Medium,No,6,69,Medium,Yes,2,Low,High,Public,Positive,4,No,Postgraduate,Moderate,Male,68.0
24.0,76,Medium,Medium,Yes,7,82,Medium,Yes,2,Medium,Medium,Public,Positive,4,No,College,Far,Male,68.0
19.0,90,Medium,Medium,No,8,78,Medium,Yes,1,Low,Medium,Private,Neutral,3,No,High School,Moderate,Male,67.0
23.0,79,High,High,Yes,6,54,Low,Yes,1,Low,Medium,Public,Neutral,1,No,High School,Moderate,Male,67.0
16.0,98,High,Low,Yes,8,52,Medium,Yes,3,Low,High,Public,Neutral,3,No,College,Moderate,Female,69.0
25.0,72,Medium,Medium,No,6,89,Low,Yes,3,Low,High,Public,Neutral,5,No,High School,Near,Male,68.0
30.0,77,Medium,Low,Yes,9,70,Medium,Yes,0,Medium,High,Public,Neutral,1,No,High School,Moderate,Male,67.0
26.0,91,High,Medium,Yes,8,65,Low,Yes,0,Medium,High,Public,Neutral,2,No,High School,Moderate,Male,70.0
16.0,82,High,High,No,7,99,Low,Yes,3,Medium,Medium,Public,Positive,3,No,Postgraduate,Moderate,Male,70.0
22.0,82,Medium,Low,No,5,54,Medium,Yes,2,Medium,Medium,Public,Neutral,2,No,College,Moderate,Male,66.0
12.0,62,High,High,Yes,6,63,High,Yes,0,Low,Medium,Private,Negative,2,No,High School,Near,Male,61.0
23.0,76,Low,High,Yes,7,93,Medium,Yes,2,Low,Medium,Public,Negative,2,No,College,Near,Male,68.0
23.0,71,Low,Medium,Yes,8,71,Low,Yes,1,Low,Low,Public,Neutral,2,No,Postgraduate,Near,Female,64.0
9.0,100,Low,Low,No,7,79,Medium,Yes,1,Low,Medium,Public,Positive,2,No,Postgraduate,Near,Male,66.0
13.0,72,Low,High,Yes,8,52,Medium,Yes,3,High,High,Private,Positive,4,No,High School,Near,Male,65.0
18.0,95,Medium,High,No,8,96,Medium,Yes,3,Medium,Low,Public,Negative,6,No,Postgraduate,Near,Male,73.0
18.0,87,Low,Low,No,8,57,Medium,No,3,High,High,Public,Positive,4,No,High School,Near,Male,66.0
13.0,74,High,High,Yes,7,61,Medium,Yes,2,Low,Medium,Public,Positive,3,No,High School,Moderate,Male,65.0
22.0,82,Medium,High,Yes,7,58,Medium,Yes,0,Medium,Medium,Public,Negative,4,No,College,Near,Male,68.0
22.0,94,Medium,Medium,Yes,7,75,Low,Yes,0,Low,High,Public,Neutral,3,No,High School,Near,Male,69.0
19.0,95,Low,High,Yes,6,91,High,Yes,1,Medium,High,Public,Neutral,4,No,College,Near,Male,72.0
15.0,66,Medium,Medium,No,9,63,Medium,Yes,3,Medium,Medium,Private,Neutral,3,No,High School,Near,Male,63.0
26.0,74,Low,Medium,No,8,57,Medium,Yes,0,Medium,Medium,Private,Positive,1,No,High School,Near,Male,65.0
30.0,73,High,Medium,Yes,9,70,Low,Yes,0,Medium,Medium,Public,Negative,4,No,College,Near,Male,69.0
17.0,62,High,Low,No,6,99,Medium,Yes,2,Medium,Medium,Private,Negative,3,No,High School,Far,Female,62.0
16.0,84,Medium,High,Yes,8,51,Low,Yes,0,Medium,Medium,Public,Negative,3,No,Postgraduate,Near,Female,66.0
23.0,94,Low,Low,Yes,9,75,Medium,Yes,3,Low,Medium,Private,Neutral,2,No,Postgraduate,Moderate,Female,69.0
18.0,75,High,Medium,Yes,9,83,Medium,Yes,2,Low,Medium,Public,Positive,4,Yes,Postgraduate,Moderate,Female,67.0
19.0,90,Medium,High,Yes,5,90,Low,Yes,0,Low,Medium,Public,Neutral,2,No,College,Far,Female,94.0
24.0,85,Medium,Medium,Yes,7,87,High,Yes,2,Medium,Medium,Private,Neutral,2,No,High School,Near,Female,71.0
9.0,75,Medium,Medium,No,7,54,Low,Yes,2,Low,Medium,Public,Positive,4,No,High School,Near,Female,61.0
28.0,66,High,Medium,Yes,9,73,Medium,Yes,2,Low,Medium,Public,Positive,2,No,College,Near,Male,68.0
20.0,88,Medium,Medium,No,4,54,Low,Yes,0,High,Low,Public,Negative,4,No,High School,Near,Male,66.0
18.0,94,High,High,Yes,5,81,Medium,Yes,0,High,Low,Public,Negative,5,No,High School,Near,Female,71.0
19.0,87,Low,Medium,No,9,54,Low,Yes,3,Low,High,Public,Positive,4,No,High School,Moderate,Female,66.0
20.0,61,Low,Medium,No,6,52,Medium,Yes,2,Low,Low,Private,Negative,2,No,Postgraduate,Near,Male,60.0
10.0,69,Medium,Medium,Yes,5,65,Low,Yes,0,Medium,Medium,Private,Positive,3,No,High School,Near,Female,60.0
29.0,63,Low,Low,Yes,9,97,High,No,3,Medium,High,Public,Negative,3,No,High School,Near,Male,66.0
20.0,83,Medium,Low,Yes,5,85,Medium,Yes,1,High,High,Public,Neutral,2,No,College,Far,Male,67.0
23.0,90,Low,Low,No,9,50,Low,Yes,4,Medium,Medium,Private,Neutral,3,No,High School,Moderate,Male,67.0
26.0,64,Medium,Medium,No,5,64,Medium,Yes,2,High,Medium,Public,Negative,1,No,High School,Near,Male,64.0
14.0,94,Medium,Medium,No,5,51,Medium,Yes,0,Medium,High,Public,Neutral,3,No,College,Near,Male,66.0
23.0,82,High,Low,No,7,65,High,Yes,1,Medium,High,Public,Negative,3,No,High School,Near,Female,68.0
18.0,88,High,Low,Yes,6,84,Medium,Yes,1,Medium,High,Public,Positive,3,No,Postgraduate,Moderate,Female,70.0
25.0,99,High,Medium,Yes,7,88,Medium,Yes,3,Low,Medium,Private,Positive,4,No,College,Moderate,Female,75.0
7.0,63,High,High,Yes,10,90,Medium,Yes,0,Low,Medium,Private,Positive,2,Yes,High School,Moderate,Male,86.0
19.0,96,Medium,Medium,Yes,7,95,High,Yes,3,Medium,High,Private,Negative,3,No,College,Near,Female,73.0
16.0,65,Medium,Low,No,9,68,Medium,Yes,1,High,Medium,Public,Neutral,3,No,High School,Moderate,Male,61.0
23.0,76,High,High,No,7,93,Medium,Yes,0,Medium,Medium,Private,Negative,6,No,High School,Moderate,Male,68.0
23.0,94,Medium,High,No,8,86,Medium,Yes,1,Low,High,Public,Neutral,0,No,College,Far,Female,70.0
16.0,96,Medium,Medium,Yes,4,77,High,Yes,1,High,High,Public,Positive,2,No,High School,Near,Male,71.0
16.0,80,High,Medium,Yes,8,98,High,Yes,2,Medium,High,Private,Positive,4,No,Postgraduate,Near,Male,71.0
19.0,84,Medium,Medium,No,8,97,High,Yes,2,Medium,Medium,Public,Neutral,1,Yes,College,Near,Male,68.0
15.0,88,High,High,Yes,6,95,Medium,Yes,2,Low,Medium,Public,Negative,4,No,High School,Near,Female,70.0
25.0,93,Medium,Medium,Yes,10,60,Low,Yes,1,Medium,Medium,Public,Positive,3,No,College,Moderate,Male,70.0
18.0,65,Medium,High,Yes,6,60,Low,Yes,0,Medium,High,Private,Neutral,3,No,High School,Moderate,Female,62.0
20.0,92,High,Low,Yes,5,95,High,Yes,3,Medium,Medium,Public,Neutral,1,No,Postgraduate,Near,Female,67.0
18.0,79,Medium,Medium,No,8,70,High,Yes,3,Medium,Medium,Public,Positive,3,No,College,Near,Female,68.0
14.0,78,High,High,Yes,5,90,Medium,Yes,1,Medium,Medium,Public,Neutral,3,No,Postgraduate,Near,Female,68.0
10.0,77,High,High,No,7,84,Low,Yes,2,Low,High,Private,Neutral,1,No,High School,Far,Male,64.0
13.0,80,Medium,High,No,9,88,Medium,Yes,1,High,High,Public,Positive,3,No,Postgraduate,Near,Male,68.0
21.0,98,Low,High,Yes,8,51,Medium,Yes,0,Medium,Medium,Public,Neutral,3,No,High School,Near,Male,69.0
28.0,82,Medium,High,No,7,71,Low,Yes,1,Medium,High,Public,Neutral,3,No,High School,Near,Male,70.0
22.0,98,Medium,Medium,Yes,6,93,Medium,Yes,4,Low,Medium,Public,Neutral,4,No,High School,Near,Female,73.0
16.0,67,High,Medium,Yes,9,74,Medium,Yes,1,High,High,Public,Positive,3,No,Postgraduate,Moderate,Male,66.0
23.0,89,Low,Medium,No,5,85,Low,Yes,0,Low,Medium,Public,Positive,3,No,Postgraduate,Moderate,Male,68.0
17.0,92,Low,Medium,Yes,8,88,High,No,1,High,Medium,Public,Neutral,3,No,High School,Near,Female,68.0
16.0,87,Low,Medium,Yes,10,56,Low,Yes,2,Medium,High,Private,Neutral,0,No,Postgraduate,Moderate,Female,65.0
13.0,84,Medium,Medium,Yes,8,58,High,Yes,2,Low,Low,Public,Neutral,3,No,Postgraduate,Near,Female,66.0
9.0,83,High,Low,Yes,7,86,Medium,Yes,0,Low,Medium,Public,Negative,1,No,College,Far,Female,62.0
18.0,94,Low,Low,Yes,7,53,Low,Yes,3,Medium,High,Private,Neutral,2,No,High School,Near,Female,67.0
21.0,93,Medium,High,Yes,6,67,High,Yes,1,Medium,High,Public,Positive,3,No,Postgraduate,Near,Female,73.0
19.0,65,Medium,Low,Yes,6,96,Medium,Yes,2,Medium,High,Private,Neutral,2,No,Postgraduate,Near,Male,65.0
18.0,94,High,Low,No,7,79,High,Yes,2,High,Medium,Private,Neutral,4,No,High School,Near,Female,70.0
14.0,77,High,Medium,Yes,8,96,Medium,Yes,3,Medium,Medium,Public,Neutral,2,No,Postgraduate,Near,Male,68.0
24.0,70,High,Medium,Yes,9,65,Medium,Yes,3,Medium,Low,Private,Positive,3,No,High School,Moderate,Male,67.0
12.0,95,Low,Medium,Yes,4,82,High,Yes,2,Low,Medium,Public,Negative,3,No,High School,Moderate,Male,66.0
25.0,77,Medium,Low,No,4,64,Low,Yes,3,Low,Medium,Public,Neutral,4,Yes,College,Near,Female,65.0
14.0,92,High,Low,Yes,9,56,Low,Yes,1,Medium,Medium,Public,Neutral,4,No,High School,Moderate,Female,66.0
15.0,71,High,High,No,7,100,Low,Yes,2,Low,Low,Public,Neutral,4,No,High School,Near,Male,66.0
11.0,60,Medium,High,No,7,59,High,Yes,2,Low,Medium,Public,Positive,1,No,College,Moderate,Male,60.0
17.0,80,High,Low,Yes,8,59,Medium,Yes,0,High,High,Public,Negative,4,No,College,Near,Female,66.0
26.0,64,High,Medium,Yes,7,92,Low,Yes,2,Low,High,Private,Positive,4,No,College,Moderate,Female,68.0
23.0,90,Medium,Medium,Yes,10,90,Low,Yes,3,Low,Medium,Public,Positive,5,No,High School,Near,Male,72.0
26.0,71,Low,High,No,8,99,Medium,No,1,Medium,Medium,Public,Positive,3,No,College,Near,Male,68.0
23.0,78,Medium,Medium,Yes,6,54,High,Yes,0,Low,Medium,Public,Neutral,3,No,Postgraduate,Near,Female,67.0
13.0,63,High,Medium,No,6,55,High,Yes,0,Medium,Low,Public,Positive,4,No,Postgraduate,Near,Male,62.0
18.0,71,Medium,Medium,No,7,72,High,Yes,0,High,High,Public,Positive,5,No,College,Moderate,Female,66.0
15.0,91,High,Medium,No,6,80,Medium,Yes,0,Low,Medium,Private,Positive,3,No,Postgraduate,Near,Male,69.0
28.0,66,Medium,Medium,No,10,52,Low,Yes,0,Low,High,Public,Positive,3,No,High School,Near,Male,64.0
13.0,86,Low,Medium,No,7,58,Medium,No,0,Medium,Medium,Private,Positive,3,No,High School,Near,Male,63.0
25.0,97,Low,High,Yes,5,85,Medium,Yes,2,High,Medium,Public,Positive,2,No,High School,Near,Male,74.0
25.0,87,High,Medium,Yes,8,83,Medium,Yes,0,Medium,High,Private,Positive,4,No,College,Moderate,Male,72.0
31.0,92,Medium,Medium,Yes,9,54,Medium,No,1,Low,Medium,Private,Positive,3,No,College,Near,Male,71.0
18.0,64,Low,High,Yes,9,97,Medium,Yes,2,Medium,Medium,Public,Negative,3,No,High School,Moderate,Female,64.0
24.0,70,High,High,No,6,63,Low,No,0,Low,Medium,Public,Neutral,3,No,High School,Near,Male,65.0
34.0,96,Medium,Medium,Yes,5,94,High,Yes,1,Medium,High,Public,Negative,5,Yes,High School,Moderate,Female,75.0
16.0,89,High,Medium,No,9,96,Medium,Yes,2,Medium,Low,Public,Positive,3,No,College,Far,Male,69.0
11.0,86,Medium,Medium,No,5,75,Medium,Yes,1,Medium,Low,Public,Neutral,4,No,Postgraduate,Moderate,Female,65.0
9.0,87,Low,Low,No,8,71,Low,No,0,Low,High,Public,Neutral,1,No,College,Moderate,Male,60.0
24.0,77,Medium,Medium,Yes,6,64,Medium,Yes,2,High,Medium,Public,Positive,4,No,High School,Near,Male,69.0
9.0,62,High,High,Yes,9,90,High,Yes,4,High,Medium,Public,Neutral,4,No,College,Far,Male,65.0
18.0,91,Low,Medium,Yes,5,60,Low,Yes,0,High,High,Private,Positive,4,No,High School,Moderate,Male,67.0
23.0,87,High,Low,No,6,81,Low,Yes,5,Medium,High,Private,Neutral,2,No,High School,Far,Female,70.0
21.0,79,Medium,Low,Yes,8,78,Low,Yes,1,Low,High,Public,Positive,4,No,College,Moderate,Female,66.0
23.0,96,Medium,Medium,Yes,8,62,Medium,Yes,0,Low,High,Public,Neutral,4,No,High School,Moderate,Female,69.0
21.0,73,Medium,Medium,Yes,9,99,Medium,Yes,2,Medium,High,Public,Neutral,3,No,Postgraduate,Near,Male,69.0
28.0,72,High,Medium,Yes,8,92,Low,Yes,1,Medium,Medium,Public,Negative,2,No,High School,Near,Female,68.0
14.0,95,Medium,Medium,Yes,8,51,Medium,Yes,5,Medium,Medium,Private,Positive,4,No,College,Near,Female,70.0
16.0,92,Medium,Low,No,9,71,High,Yes,2,Low,Medium,Private,Neutral,2,No,High School,Moderate,Female,66.0
15.0,81,High,Medium,No,5,68,Low,No,0,Medium,High,Public,Positive,3,No,High School,Near,Female,65.0
25.0,65,Low,Medium,No,6,94,Medium,Yes,1,Low,High,Public,Negative,4,No,College,Near,Male,65.0
25.0,69,Low,Medium,Yes,5,63,Medium,Yes,1,High,Medium,Private,Neutral,2,No,High School,Near,Male,65.0
23.0,86,Low,Medium,Yes,4,100,Medium,Yes,0,Low,High,Public,Negative,3,No,Postgraduate,Near,Male,69.0
27.0,75,Medium,Medium,No,8,60,Medium,Yes,4,Medium,Medium,Public,Positive,2,No,Postgraduate,Moderate,Female,69.0
13.0,93,Medium,High,No,9,62,Low,Yes,0,Low,Medium,Private,Neutral,3,No,High School,Moderate,Male,65.0
30.0,98,High,High,Yes,8,83,High,No,1,Low,High,Public,Neutral,3,No,High School,Near,Female,76.0
29.0,92,Medium,High,No,8,58,Low,Yes,2,Medium,Low,Private,Neutral,3,No,College,Near,Male,72.0
24.0,75,Medium,Low,No,7,94,Medium,Yes,2,Medium,High,Public,Negative,4,No,High School,Near,Male,67.0
31.0,92,High,Medium,Yes,7,55,Medium,Yes,3,Low,High,Public,Positive,3,No,High School,Near,Male,74.0
10.0,74,Medium,Medium,Yes,10,99,High,Yes,2,Medium,High,Public,Neutral,3,No,College,Near,Male,66.0
17.0,67,High,High,Yes,9,94,Medium,Yes,2,Low,Low,Private,Positive,3,No,High School,Near,Female,66.0
16.0,61,Medium,High,No,6,92,High,Yes,4,High,High,Public,Neutral,3,No,High School,Near,Male,66.0
24.0,75,Low,High,Yes,9,70,High,Yes,5,High,High,Public,Negative,5,No,College,Near,Female,71.0
14.0,96,Medium,Low,No,9,76,Medium,Yes,0,Low,High,Public,Neutral,3,No,High School,Moderate,Male,66.0
25.0,70,Low,High,No,8,73,High,Yes,1,Low,Low,Public,Negative,2,No,Postgraduate,Near,Male,65.0
28.0,68,Low,High,Yes,8,99,Medium,Yes,1,High,Medium,Public,Neutral,3,No,High School,Near,Female,69.0
24.0,99,Medium,Low,Yes,8,52,Low,Yes,1,Low,High,Public,Negative,2,No,High School,Near,Male,69.0
22.0,61,Medium,Medium,Yes,5,69,Low,Yes,2,Low,High,Public,Neutral,2,No,High School,Far,Female,63.0
14.0,91,Low,Medium,No,5,98,High,Yes,0,High,High,Public,Neutral,3,No,High School,Near,Female,68.0
15.0,73,Medium,Medium,No,8,68,Medium,Yes,1,High,Medium,Public,Neutral,3,No,High School,Near,Female,64.0
27.0,61,Medium,Medium,No,5,70,Medium,Yes,2,Low,Low,Public,Neutral,2,No,College,Near,Male,64.0
25.0,97,Medium,High,Yes,5,82,High,Yes,1,Low,High,Public,Negative,5,No,College,Moderate,Male,73.0
20.0,66,Low,High,Yes,4,95,High,Yes,2,High,Medium,Public,Neutral,2,No,High School,Moderate,Female,66.0
17.0,82,Medium,High,No,6,65,Low,Yes,4,Low,Medium,Private,Positive,3,No,High School,Moderate,Female,67.0
8.0,71,High,Medium,Yes,8,97,Medium,Yes,3,Medium,Medium,Private,Neutral,1,Yes,High School,Near,Female,63.0
14.0,63,Medium,Medium,Yes,8,64,High,Yes,1,Low,Medium,Public,Neutral,3,No,High School,Moderate,Male,61.0
31.0,62,Medium,Medium,Yes,8,91,High,Yes,4,High,High,Public,Positive,4,No,High School,Moderate,Male,71.0
12.0,65,Low,Medium,Yes,6,64,Medium,Yes,1,Medium,Medium,Public,Positive,3,No,College,Near,Female,61.0
21.0,63,Medium,Low,Yes,7,54,Low,Yes,1,Medium,Medium,Private,Positive,3,No,College,Moderate,Female,62.0
26.0,90,High,High,Yes,8,91,Medium,Yes,1,High,High,Private,Neutral,4,Yes,High School,Near,Male,74.0
12.0,79,Medium,Medium,No,8,73,Medium,Yes,2,Medium,Medium,Private,Neutral,4,No,High School,Near,Male,65.0
21.0,74,Low,Low,Yes,6,70,Low,Yes,2,Low,High,Public,Positive,3,No,High School,Moderate,Female,64.0
26.0,77,Low,Low,No,7,71,Medium,Yes,1,Medium,High,Public,Neutral,4,No,Postgraduate,Moderate,Male,66.0
20.0,97,High,High,Yes,4,81,Medium,Yes,1,Medium,Medium,Public,Positive,2,Yes,High School,Near,Male,72.0
20.0,96,High,Medium,Yes,7,63,Medium,Yes,0,Medium,High,Private,Positive,4,No,High School,Near,Male,76.0
10.0,89,Medium,Medium,Yes,6,62,Medium,Yes,4,Low,Medium,Public,Positive,3,No,Postgraduate,Moderate,Male,67.0
26.0,95,Medium,High,No,9,74,Low,Yes,3,Low,Medium,Private,Neutral,3,Yes,High School,Near,Female,71.0
19.0,73,High,Medium,No,6,52,Medium,Yes,1,Medium,Medium,Public,Positive,3,No,High School,Near,Male,65.0
25.0,75,Low,Low,Yes,7,82,Medium,Yes,3,Medium,High,Private,Negative,4,No,Postgraduate,Near,Male,68.0
23.0,85,Medium,Medium,Yes,6,91,Low,Yes,1,Low,High,Public,Neutral,3,No,High School,Far,Male,68.0
16.0,85,High,Low,Yes,6,86,Low,Yes,3,High,High,Private,Neutral,2,No,High School,Far,Male,67.0
21.0,79,Medium,Low,No,8,73,Medium,Yes,1,Low,Low,Public,Neutral,2,No,High School,Near,Female,64.0
9.0,76,Low,High,No,6,78,Low,No,0,Medium,Medium,Public,Negative,4,Yes,Postgraduate,Near,Male,60.0
24.0,99,Medium,Medium,No,10,51,Low,Yes,1,Low,Medium,Public,Neutral,3,No,High School,Near,Male,70.0
22.0,93,High,Medium,Yes,4,96,High,Yes,1,High,Low,Private,Positive,2,No,College,Near,Male,73.0
24.0,77,Medium,Medium,Yes,8,78,Low,Yes,2,High,High,Private,Positive,3,No,High School,Moderate,Male,69.0
26.0,89,High,Medium,No,7,66,Medium,Yes,0,Low,Medium,Public,Neutral,5,Yes,College,Near,Male,70.0
22.0,71,Medium,Medium,No,7,65,Low,Yes,1,Low,Medium,Public,Neutral,3,No,College,Near,Male,64.0
21.0,64,High,Low,Yes,7,83,High,Yes,2,Low,Low,Public,Neutral,3,No,High School,Moderate,Female,64.0
15.0,74,High,Medium,Yes,8,79,Medium,Yes,0,High,Medium,Public,Negative,3,No,College,Near,Male,65.0
16.0,76,Medium,Medium,No,7,59,Low,Yes,0,Low,Medium,Public,Neutral,2,No,College,Near,Female,62.0
27.0,61,Medium,Medium,Yes,9,70,Medium,Yes,0,Medium,Medium,Public,Neutral,2,No,High School,Near,Male,64.0
29.0,93,Medium,Medium,Yes,7,84,Medium,Yes,0,High,Medium,Public,Neutral,3,No,College,Moderate,Male,72.0
19.0,74,Medium,Low,Yes,5,65,High,No,1,Low,High,Public,Positive,3,No,High School,Near,Male,64.0
20.0,83,Medium,Medium,Yes,7,75,Medium,Yes,0,Medium,Medium,Public,Neutral,4,No,High School,Near,Female,67.0
15.0,63,High,High,Yes,9,63,Low,No,4,High,High,Private,Negative,3,No,College,Near,Male,64.0
27.0,67,Low,Medium,No,6,54,Medium,Yes,0,Medium,Low,Private,Negative,2,No,High School,Far,Male,61.0
24.0,96,Medium,High,Yes,5,69,Medium,Yes,1,Low,Medium,Public,Positive,4,No,High School,Near,Male,72.0
32.0,84,Medium,Medium,Yes,8,87,Medium,No,2,Medium,Medium,Public,Positive,1,No,High School,Far,Male,70.0
15.0,98,Medium,High,No,8,61,Medium,Yes,4,Low,Medium,Public,Positive,2,No,High School,Moderate,Female,70.0
18.0,100,Medium,Medium,No,6,88,Medium,Yes,2,Medium,Medium,Public,Neutral,2,No,College,Moderate,Male,71.0
21.0,75,High,High,No,7,83,Low,Yes,1,Medium,Medium,Public,Positive,2,No,College,Near,Female,68.0
24.0,72,Medium,Medium,No,7,75,Medium,Yes,3,High,Medium,Private,Neutral,2,No,College,Near,Female,68.0
19.0,94,High,High,No,7,99,Medium,Yes,0,Low,Medium,Public,Neutral,1,Yes,High School,Near,Male,70.0
15.0,100,High,High,No,8,94,High,Yes,2,Medium,High,Public,Negative,3,No,College,Near,Male,73.0
25.0,85,High,Medium,No,6,78,Low,Yes,2,Medium,High,Public,Neutral,1,No,High School,Far,Female,69.0
24.0,92,Medium,High,No,8,78,High,Yes,0,Medium,Medium,Public,Neutral,3,No,High School,Near,Male,71.0
15.0,91,Low,Medium,No,6,64,Low,Yes,1,Low,High,Public,Positive,3,Yes,High School,Near,Male,64.0
28.0,74,Medium,Medium,No,9,96,Low,Yes,0,Medium,Medium,Private,Neutral,3,No,High School,Near,Female,68.0
27.0,83,Medium,Medium,No,10,95,Medium,Yes,0,High,Low,Private,Neutral,4,No,High School,Moderate,Female,69.0
21.0,93,High,Low,No,6,87,Medium,Yes,1,Low,High,Public,Positive,2,No,High School,Near,Female,70.0
20.0,88,Medium,Medium,No,5,56,Medium,Yes,1,Low,Medium,Public,Neutral,4,No,High School,Near,Female,67.0
23.0,61,Medium,High,Yes,8,85,Medium,Yes,1,Medium,High,Private,Positive,0,No,High School,Near,Male,66.0
15.0,73,Medium,High,No,7,63,Medium,Yes,2,Medium,Medium,Public,Neutral,5,No,Postgraduate,Moderate,Male,65.0
20.0,66,Medium,High,Yes,8,59,Low,Yes,4,Medium,Medium,Public,Positive,3,No,College,Near,Male,66.0
7.0,69,Low,Medium,Yes,6,88,Medium,Yes,0,Low,High,Private,Negative,4,No,Postgraduate,Near,Female,61.0
25.0,96,Low,Medium,No,7,98,Medium,Yes,0,Low,Medium,Public,Positive,2,No,High School,Near,Female,71.0
11.0,61,High,Low,Yes,6,55,Medium,Yes,5,High,Low,Public,Neutral,3,No,High School,Far,Male,60.0
29.0,69,Medium,Medium,Yes,7,58,Medium,Yes,1,Low,Low,Public,Positive,2,No,College,Near,Male,66.0
18.0,72,Low,Low,Yes,5,61,Low,Yes,1,Medium,Medium,Private,Negative,4,No,College,Moderate,Male,61.0
19.0,85,Medium,Medium,Yes,7,98,High,Yes,2,Medium,Medium,Public,Negative,3,Yes,High School,Moderate,Female,68.0
16.0,81,Medium,High,Yes,5,85,High,No,2,Low,Medium,Public,Positive,3,No,College,Near,Male,68.0
18.0,69,Medium,Medium,Yes,6,84,Medium,Yes,2,Low,Medium,Public,Positive,4,No,High School,Near,Male,65.0
29.0,67,High,Low,No,7,75,Medium,No,3,Low,Medium,Public,Neutral,1,No,High School,Near,Female,65.0
5.0,69,Medium,Medium,Yes,8,77,Medium,No,2,Low,High,Public,Negative,2,No,College,Near,Female,60.0
28.0,80,Low,Medium,No,8,65,Low,Yes,2,Low,Medium,Private,Neutral,2,No,College,Near,Male,67.0
22.0,71,High,Medium,No,8,58,Medium,No,2,Low,Medium,Public,Negative,4,No,College,Near,Female,65.0
13.0,98,High,Medium,Yes,5,89,High,Yes,1,High,Medium,Public,Negative,3,No,High School,Near,Male,70.0
14.0,79,Medium,Medium,No,9,74,Medium,Yes,1,Medium,Medium,Public,Neutral,4,No,High School,Near,Male,64.0
30.0,62,Medium,High,Yes,6,63,Medium,Yes,2,Low,High,Public,Positive,4,No,High School,Moderate,Male,68.0
14.0,89,High,Medium,No,6,82,High,Yes,2,Medium,Medium,Public,Negative,4,No,College,Moderate,Female,69.0
13.0,73,Medium,High,Yes,7,60,High,Yes,0,High,High,Public,Neutral,3,No,College,Near,Female,65.0
27.0,86,Medium,Medium,No,6,74,Medium,Yes,2,High,High,Private,Neutral,3,No,High School,Near,Male,71.0
22.0,71,Medium,Medium,Yes,8,60,Low,Yes,1,Medium,High,Public,Neutral,4,No,High School,Moderate,Female,65.0
14.0,83,Medium,High,Yes,8,88,Low,Yes,0,High,Medium,Public,Negative,2,Yes,High School,Moderate,Male,65.0
21.0,91,Medium,Medium,Yes,6,66,High,Yes,0,Medium,Medium,Public,Positive,2,Yes,College,Far,Female,68.0
14.0,97,Medium,Low,No,7,72,High,Yes,1,Low,Low,Public,Neutral,3,No,High School,Near,Female,66.0
27.0,70,Low,Low,Yes,7,88,Medium,No,1,High,Medium,Public,Neutral,3,No,High School,Near,Male,65.0
26.0,73,High,High,Yes,8,83,Low,Yes,2,Medium,Medium,Public,Positive,4,No,College,Near,Male,71.0
23.0,79,Low,Medium,Yes,6,70,Medium,Yes,3,Medium,High,Public,Negative,4,No,Postgraduate,Moderate,Female,68.0
22.0,97,Medium,Medium,Yes,6,54,Medium,No,2,High,Medium,Public,Neutral,2,No,College,Near,Male,70.0
31.0,96,Medium,Low,No,5,96,Low,Yes,3,Low,High,Private,Neutral,2,No,College,Near,Female,74.0
20.0,64,High,Low,Yes,6,50,High,Yes,0,Low,Medium,Private,Neutral,2,No,High School,Near,Male,62.0
13.0,65,Medium,High,No,5,87,Low,Yes,1,Medium,Medium,Public,Positive,2,Yes,High School,Moderate,Female,61.0
23.0,80,High,High,Yes,6,97,Medium,Yes,0,Medium,Medium,Private,Neutral,3,No,High School,Near,Male,70.0
33.0,64,Low,Medium,Yes,9,65,Medium,Yes,0,Medium,Medium,Public,Negative,2,No,College,Moderate,Male,65.0
14.0,74,Medium,Medium,Yes,8,54,High,Yes,2,Low,Low,Public,Neutral,2,No,High School,Moderate,Male,62.0
18.0,66,High,High,No,9,62,Medium,Yes,2,High,Medium,Public,Neutral,4,No,High School,Moderate,Female,65.0
22.0,85,High,Medium,No,6,66,Low,Yes,0,Low,Medium,Private,Positive,4,No,College,Near,Male,68.0
20.0,98,Medium,High,Yes,4,73,Medium,Yes,2,Medium,Low,Private,Positive,1,No,High School,Far,Male,70.0
14.0,100,Medium,Low,No,7,76,Low,Yes,1,Medium,Medium,Private,Neutral,3,No,Postgraduate,Near,Female,68.0
27.0,75,Low,Medium,No,10,86,Medium,No,3,Medium,Medium,Private,Positive,6,No,Postgraduate,Near,Female,69.0
34.0,84,Medium,High,Yes,6,95,Medium,Yes,1,Low,Medium,Private,Neutral,3,No,Postgraduate,Far,Male,73.0
21.0,94,Medium,Medium,Yes,7,73,Medium,Yes,1,Medium,Medium,Private,Positive,5,No,College,Near,Female,71.0
15.0,65,Low,High,Yes,5,87,Medium,Yes,0,Low,High,Private,Neutral,4,No,High School,Near,Female,63.0
11.0,88,High,Medium,Yes,7,56,Low,Yes,2,Medium,Medium,Public,Neutral,2,No,College,Near,Male,66.0
22.0,76,High,Low,Yes,7,66,Low,Yes,1,Low,High,Private,Positive,4,No,Postgraduate,Near,Male,67.0
27.0,68,Low,High,No,4,56,Medium,Yes,0,Low,High,Public,Neutral,1,No,High School,Near,Female,64.0
23.0,76,Medium,Low,Yes,5,85,Medium,Yes,1,Medium,Low,Public,Neutral,3,No,High School,Near,Female,66.0
20.0,63,High,High,Yes,5,95,Medium,Yes,2,High,High,Public,Positive,3,No,College,Near,Male,69.0
16.0,88,Medium,High,Yes,5,94,High,Yes,4,Medium,Medium,Private,Positive,6,No,College,Moderate,Male,72.0
13.0,70,Medium,High,Yes,6,66,Medium,Yes,1,Medium,Medium,Public,Negative,4,No,High School,Near,Male,63.0
25.0,72,Medium,High,Yes,8,62,Medium,Yes,2,Low,Medium,Public,Positive,2,No,High School,Near,Female,67.0
25.0,65,Low,Medium,No,6,64,Medium,Yes,1,Medium,Medium,Private,Negative,4,No,College,Near,Male,64.0
11.0,95,Medium,Medium,Yes,9,64,High,Yes,4,Low,Medium,Public,Positive,4,No,High School,Moderate,Male,68.0
30.0,80,High,High,No,6,54,High,Yes,1,High,Medium,Public,Positive,3,No,High School,Moderate,Female,71.0
23.0,83,Medium,Low,Yes,7,57,Medium,No,2,Medium,High,Public,Positive,4,No,High School,Moderate,Female,67.0
28.0,83,Medium,Low,No,8,61,Medium,Yes,1,Low,Medium,Private,Negative,5,Yes,Postgraduate,Near,Male,67.0
12.0,76,Medium,Medium,Yes,9,50,Medium,Yes,2,Medium,High,Public,Negative,3,No,College,Near,Male,64.0
12.0,68,High,Low,No,6,52,Low,Yes,5,High,High,Public,Neutral,3,No,College,Near,Male,63.0
19.0,90,High,High,No,8,85,Medium,Yes,2,Medium,Medium,Public,Neutral,4,No,College,Near,Male,72.0
23.0,65,Low,Medium,Yes,6,81,Low,Yes,2,Low,Medium,Public,Neutral,2,No,High School,Near,Female,63.0
31.0,64,High,Medium,No,10,97,Low,Yes,2,Medium,Medium,Private,Negative,4,No,High School,Far,Female,67.0
24.0,88,Low,Medium,Yes,5,70,Medium,No,1,Low,Medium,Private,Positive,2,No,Postgraduate,Near,Male,68.0
19.0,68,Low,High,Yes,8,72,High,Yes,2,Low,High,Private,Neutral,3,No,College,Far,Male,64.0
14.0,72,Medium,High,No,9,53,Medium,Yes,4,Medium,Medium,Public,Negative,3,No,Postgraduate,Near,Male,65.0
27.0,79,Medium,Low,Yes,5,58,High,Yes,2,Medium,Medium,Private,Neutral,1,No,Postgraduate,Far,Female,68.0
14.0,78,Medium,High,Yes,8,85,Medium,Yes,2,Low,Medium,Private,Negative,4,No,High School,Near,Male,66.0
30.0,88,Medium,Medium,Yes,6,62,High,Yes,4,Low,Medium,Private,Positive,5,No,College,Far,Female,73.0
18.0,85,Low,Medium,Yes,10,89,Medium,Yes,1,High,Medium,Private,Positive,3,No,High School,Near,Female,68.0
30.0,86,Medium,High,No,4,85,High,Yes,2,Medium,Medium,Private,Neutral,5,Yes,Postgraduate,Far,Male,72.0
24.0,89,Medium,Medium,Yes,5,87,Medium,No,3,High,Medium,Public,Neutral,0,No,High School,Near,Female,70.0
19.0,72,Medium,Medium,Yes,5,85,High,Yes,1,Low,Medium,Private,Neutral,4,No,College,Near,Female,66.0
17.0,73,Low,Medium,Yes,5,85,High,Yes,3,Medium,Medium,Public,Positive,1,No,College,Near,Female,66.0
18.0,78,Low,Low,Yes,8,77,Medium,Yes,2,Medium,High,Private,Neutral,4,No,College,Near,Female,66.0
23.0,72,High,Low,Yes,10,84,Low,Yes,2,Low,Medium,Public,Negative,2,No,High School,Moderate,Male,65.0
20.0,99,High,Low,Yes,9,76,High,Yes,2,Low,Medium,Public,Neutral,5,No,College,Far,Male,71.0
16.0,93,Low,Medium,Yes,7,60,Medium,Yes,1,Medium,Medium,Public,Positive,1,No,High School,Moderate,Female,66.0
19.0,67,Medium,Low,No,7,61,High,Yes,1,Medium,Medium,Private,Neutral,4,No,College,Moderate,Female,63.0
20.0,60,Medium,Medium,Yes,6,70,Medium,Yes,2,Low,Medium,Public,Neutral,3,Yes,Postgraduate,Near,Female,63.0
7.0,62,High,Medium,Yes,8,51,Low,Yes,0,Medium,Low,Public,Positive,3,No,College,Moderate,Male,58.0
23.0,70,Medium,High,No,7,94,Low,Yes,3,Medium,High,Public,Neutral,3,No,High School,Near,Female,68.0
14.0,65,High,Medium,No,7,63,Medium,Yes,2,Low,Medium,Public,Neutral,3,No,High School,Moderate,Male,61.0
13.0,81,Medium,High,No,6,53,Low,Yes,2,Low,Medium,Public,Positive,4,No,High School,Near,Male,65.0
10.0,94,High,Low,No,5,71,Medium,Yes,1,High,Medium,Public,Positive,3,No,High School,Moderate,Male,67.0
9.0,89,Low,High,Yes,7,91,Medium,Yes,1,High,Low,Public,Neutral,3,No,Postgraduate,Near,Male,67.0
12.0,69,High,Low,No,7,70,Medium,Yes,1,Medium,Medium,Private,Positive,4,No,High School,Near,Male,62.0
16.0,76,Medium,High,Yes,6,63,High,Yes,0,Low,Medium,Public,Positive,1,No,High School,Near,Female,86.0
32.0,80,High,Medium,No,6,77,Low,Yes,0,Medium,Medium,Public,Neutral,5,No,College,Near,Male,71.0
17.0,92,Medium,Medium,Yes,8,79,Medium,Yes,1,Low,Medium,Public,Positive,3,No,Postgraduate,Near,Male,70.0
21.0,94,Medium,Medium,No,8,88,Medium,Yes,1,Medium,Medium,Public,Positive,3,No,College,Near,Male,71.0
22.0,96,High,Low,No,10,90,High,Yes,2,Low,Medium,Public,Neutral,3,Yes,College,Moderate,Male,71.0
21.0,80,High,High,Yes,9,85,Low,Yes,1,High,Medium,Public,Negative,3,No,College,Near,Female,70.0
20.0,88,Medium,High,Yes,5,50,Medium,No,2,Low,Medium,Public,Neutral,5,No,High School,Moderate,Male,67.0
13.0,64,Medium,Low,Yes,7,50,High,Yes,0,Medium,Low,Public,Positive,4,No,High School,Near,Male,60.0
29.0,83,High,High,No,5,99,Medium,Yes,0,Medium,High,Public,Neutral,4,No,College,Near,Female,73.0
31.0,70,High,Low,Yes,4,63,High,Yes,1,Medium,Medium,Public,Neutral,2,Yes,High School,Near,Female,67.0
10.0,77,Low,High,Yes,10,64,High,Yes,1,Low,Medium,Private,Negative,3,Yes,College,Near,Female,62.0
14.0,85,Medium,High,No,9,87,High,Yes,0,Medium,Medium,Public,Negative,3,No,College,Near,Female,67.0
18.0,70,High,Low,No,6,79,Medium,Yes,1,Medium,High,Public,Positive,2,No,College,Near,Female,65.0
14.0,62,Medium,Medium,No,9,73,Medium,Yes,1,Low,Medium,Public,Neutral,6,No,High School,Near,Male,61.0
23.0,60,High,Medium,Yes,9,56,Low,No,0,Low,Medium,Private,Negative,4,No,High School,Moderate,Female,61.0
16.0,61,High,Medium,No,4,54,Low,Yes,1,Low,Medium,Private,Neutral,2,No,High School,Near,Female,60.0
33.0,60,High,High,No,8,85,Low,Yes,4,Low,Low,Public,Negative,3,No,High School,Near,Male,68.0
27.0,64,High,Medium,Yes,6,56,Low,Yes,0,Low,High,Public,Neutral,5,No,College,Moderate,Female,65.0
21.0,70,High,High,Yes,8,72,Low,Yes,3,Medium,Low,Public,Neutral,1,No,Postgraduate,Moderate,Female,67.0
26.0,69,High,Low,No,10,87,Low,Yes,2,Medium,Low,Public,Positive,2,No,Postgraduate,Near,Male,67.0
27.0,99,High,Medium,No,9,96,Low,Yes,0,High,Medium,Private,Positive,2,No,College,Moderate,Male,74.0
17.0,72,Low,Medium,No,7,94,Low,Yes,4,Medium,Medium,Public,Positive,2,No,High School,Far,Female,64.0
15.0,65,Medium,High,Yes,9,93,Low,Yes,2,Low,Low,Private,Neutral,3,No,College,Near,Male,64.0
20.0,82,Medium,Low,Yes,4,68,Medium,Yes,2,Low,High,Public,Neutral,3,No,High School,Near,Male,67.0
25.0,94,High,High,No,8,96,High,Yes,6,Medium,Medium,Public,Negative,3,Yes,High School,Far,Female,74.0
21.0,87,Medium,Medium,Yes,8,84,High,Yes,1,Low,Low,Private,Positive,2,No,College,Near,Male,69.0
11.0,72,Low,Medium,No,8,94,High,Yes,1,Low,Low,Public,Positive,2,No,High School,Near,Male,62.0
15.0,82,Medium,Medium,Yes,6,54,Medium,Yes,1,Medium,Medium,Public,Positive,2,No,College,Near,Female,66.0
20.0,89,High,High,Yes,8,52,Low,Yes,2,Medium,Medium,Public,Negative,3,No,College,Moderate,Female,69.0
20.0,89,High,Medium,Yes,8,71,Medium,Yes,1,Medium,Medium,Public,Negative,1,No,Postgraduate,Far,Male,68.0
32.0,87,High,Medium,Yes,4,91,Medium,Yes,2,High,Medium,Public,Neutral,2,No,High School,Moderate,Female,74.0
12.0,95,Medium,Medium,No,7,70,Medium,Yes,4,Medium,High,Public,Positive,3,No,High School,Far,Male,68.0
23.0,95,Medium,Medium,Yes,6,94,High,Yes,2,Medium,Medium,Public,Neutral,3,No,High School,Near,Male,73.0
29.0,83,Medium,Low,No,8,62,Low,Yes,4,High,Medium,Public,Negative,5,No,College,Near,Male,70.0
34.0,77,Medium,High,No,9,52,Medium,Yes,0,Medium,Medium,Private,Neutral,4,No,High School,Moderate,Female,69.0
18.0,86,Medium,Medium,Yes,6,88,Medium,Yes,2,Medium,High,Public,Neutral,2,No,College,Far,Male,68.0
23.0,93,Medium,High,No,5,81,High,Yes,2,Low,Medium,Private,Negative,1,No,College,Near,Male,71.0
23.0,60,Low,Medium,No,7,72,Low,Yes,3,High,Medium,Public,Neutral,2,No,College,Near,Female,64.0
21.0,100,Medium,Medium,No,5,92,Low,Yes,3,Low,Low,Public,Positive,3,Yes,Postgraduate,Near,Male,71.0
19.0,67,Medium,Medium,No,7,91,Medium,Yes,1,Low,High,Public,Neutral,3,No,High School,Near,Female,65.0
23.0,79,Low,Medium,Yes,7,66,High,Yes,1,High,Medium,Private,Positive,3,No,Postgraduate,Near,Male,68.0
5.0,95,Medium,High,Yes,8,92,Low,Yes,1,Low,High,Private,Neutral,2,No,College,Near,Female,67.0
24.0,69,Medium,High,Yes,7,67,Medium,Yes,2,Medium,High,Public,Negative,4,No,Postgraduate,Far,Male,67.0
21.0,79,Medium,Low,Yes,7,81,Low,Yes,2,Medium,Medium,Public,Neutral,4,No,High School,Near,Male,67.0
19.0,65,Medium,High,Yes,9,60,Low,Yes,1,Low,Medium,Public,Neutral,3,No,Postgraduate,Moderate,Male,63.0
32.0,76,Medium,Medium,No,7,63,Medium,Yes,0,Medium,Low,Public,Positive,3,No,High School,Near,Female,68.0
16.0,67,High,High,Yes,6,72,Medium,Yes,1,Low,High,Public,Positive,3,No,Postgraduate,Near,Female,66.0
18.0,75,Medium,Medium,Yes,7,66,High,Yes,1,High,High,Public,Positive,4,No,High School,Near,Male,67.0
32.0,75,Medium,Low,Yes,6,56,Medium,Yes,3,Medium,Medium,Public,Neutral,2,No,College,Moderate,Female,68.0
15.0,100,High,Medium,Yes,5,74,Medium,Yes,2,High,Medium,Private,Neutral,3,No,Postgraduate,Near,Male,72.0
17.0,100,Medium,Medium,No,5,76,Low,Yes,3,Low,High,Private,Neutral,3,No,Postgraduate,Moderate,Female,70.0
19.0,65,Low,High,No,9,58,Low,Yes,3,Medium,Medium,Public,Negative,4,No,High School,Moderate,Female,62.0
25.0,89,Medium,Low,Yes,6,59,Medium,Yes,2,Low,Medium,Public,Neutral,2,No,College,Near,Female,69.0
21.0,62,Medium,Low,Yes,7,51,Low,Yes,0,Low,Medium,Private,Positive,4,No,High School,Near,Female,61.0
12.0,61,Medium,Low,Yes,7,52,Low,Yes,2,Low,Medium,Public,Positive,2,No,High School,Moderate,Female,58.0
17.0,64,Low,Medium,No,7,68,Medium,Yes,5,Medium,Medium,Private,Neutral,3,No,High School,Near,Male,63.0
16.0,99,High,Medium,No,9,57,High,No,4,Medium,Medium,Public,Positive,3,No,College,Near,Female,71.0
20.0,98,Low,Medium,Yes,7,96,Low,No,1,Low,High,Public,Positive,3,No,College,Near,Female,70.0
23.0,68,High,Medium,No,6,60,Medium,Yes,1,Low,Medium,Public,Neutral,3,No,High School,Near,Female,64.0
23.0,66,High,Low,No,6,53,Low,Yes,2,Medium,Medium,Public,Positive,1,No,College,Far,Male,63.0
9.0,70,High,Medium,Yes,8,70,Low,Yes,1,Medium,Medium,Public,Positive,3,No,College,Near,Male,63.0
26.0,81,High,Low,No,8,60,High,Yes,2,Low,High,Public,Positive,5,No,Postgraduate,Near,Female,71.0
22.0,83,Low,High,Yes,8,53,Medium,No,0,Low,Low,Public,Negative,2,No,Postgraduate,Near,Female,65.0
28.0,69,High,High,No,7,88,Low,Yes,2,Low,Medium,Public,Neutral,2,No,High School,Moderate,Male,68.0
23.0,90,Medium,High,Yes,5,78,High,No,1,Medium,Medium,Private,Neutral,3,No,High School,Moderate,Male,70.0
27.0,72,High,High,Yes,8,53,Medium,Yes,3,Medium,Low,Public,Neutral,3,No,High School,Far,Female,68.0
23.0,97,Medium,High,No,7,73,Medium,No,3,Low,Medium,Private,Negative,1,No,High School,Moderate,Male,69.0
28.0,86,Medium,Medium,Yes,7,52,Medium,Yes,0,Medium,Medium,Public,Positive,5,No,College,Near,Male,70.0
23.0,77,High,Medium,No,5,68,Low,Yes,0,High,High,Private,Positive,3,Yes,High School,Near,Male,67.0
19.0,92,Low,High,Yes,6,68,Medium,Yes,2,Medium,Medium,Public,Neutral,2,No,High School,Near,Female,69.0
34.0,93,Low,Medium,No,6,91,Low,Yes,2,High,Medium,Public,Neutral,3,No,High School,Moderate,Female,73.0
25.0,72,Medium,Medium,Yes,8,87,Low,Yes,3,Medium,Low,Public,Positive,3,No,Postgraduate,Moderate,Male,68.0
23.0,74,High,Medium,No,8,95,Medium,Yes,2,Low,Medium,Public,Negative,2,No,College,Far,Female,67.0
12.0,97,Medium,High,Yes,7,57,Low,Yes,0,Low,Medium,Private,Positive,4,No,College,Moderate,Female,67.0
12.0,67,Medium,High,Yes,8,77,Medium,Yes,2,Low,High,Private,Positive,3,No,College,Near,Male,64.0
22.0,62,High,Medium,No,9,51,Medium,Yes,2,Low,Medium,Public,Neutral,2,No,High School,Near,Male,63.0
21.0,78,Low,High,No,8,91,Medium,No,1,Medium,Low,Private,Negative,5,No,Postgraduate,Near,Female,67.0
16.0,92,Medium,High,Yes,8,68,Medium,Yes,1,Medium,High,Public,Positive,2,No,High School,Near,Male,70.0
21.0,91,High,Medium,Yes,6,53,High,Yes,1,Medium,Medium,Public,Positive,3,No,Postgraduate,Near,Female,71.0
30.0,97,Medium,High,Yes,6,66,High,Yes,1,Medium,Medium,Private,Neutral,2,No,College,Near,Male,74.0
24.0,81,Medium,High,Yes,9,64,High,Yes,2,High,Low,Public,Positive,3,No,High School,Near,Male,70.0
13.0,64,Low,Low,No,6,88,Medium,Yes,1,Medium,Medium,Public,Neutral,2,No,College,Moderate,Female,59.0
19.0,84,Low,Medium,Yes,8,56,Medium,Yes,0,Low,Medium,Private,Neutral,3,Yes,High School,Near,Male,64.0
15.0,91,Low,Medium,No,10,78,Low,Yes,2,Medium,High,Public,Neutral,3,No,High School,Near,Female,67.0
18.0,64,Medium,Medium,Yes,8,90,Medium,Yes,1,Low,Medium,Public,Neutral,3,No,High School,Near,Male,63.0
18.0,67,Low,High,Yes,7,87,Medium,Yes,5,Low,Low,Public,Positive,2,No,College,Near,Male,66.0
17.0,60,Medium,Medium,Yes,5,97,Medium,Yes,1,Medium,Medium,Private,Negative,4,No,College,Far,Male,62.0
12.0,84,Low,Medium,No,7,50,Medium,Yes,3,High,High,Public,Neutral,3,No,High School,Near,Male,65.0
19.0,95,High,High,Yes,9,68,Medium,Yes,3,High,Medium,Public,Positive,4,No,College,Far,Male,73.0
17.0,87,High,High,Yes,7,68,High,Yes,1,Medium,High,Public,Positive,2,No,High School,Near,Male,70.0
20.0,99,Medium,Low,Yes,9,52,Low,Yes,0,Medium,Medium,Public,Neutral,4,No,High School,Near,Male,62.0
32.0,63,Medium,High,No,8,91,Medium,No,2,High,Low,Public,Positive,5,Yes,High School,Near,Female,68.0
27.0,96,High,Low,Yes,7,84,Medium,Yes,1,High,Medium,Public,Neutral,3,No,College,Near,Male,74.0
18.0,93,Medium,Medium,No,7,76,Low,Yes,2,Medium,Medium,Private,Neutral,4,No,High School,Near,Female,96.0
20.0,73,High,High,No,5,70,High,Yes,1,Low,High,Public,Negative,2,No,High School,Moderate,Male,66.0
13.0,99,Low,High,Yes,6,95,Medium,No,0,Low,Medium,Public,Positive,4,No,Postgraduate,Near,Male,69.0
30.0,72,High,High,Yes,6,63,Medium,Yes,1,Low,Medium,Public,Neutral,3,No,Postgraduate,Near,Female,70.0
31.0,96,Medium,Low,Yes,8,67,Medium,Yes,2,Medium,Medium,Private,Neutral,3,No,College,Near,Male,73.0
21.0,95,Low,Low,No,7,98,Low,Yes,1,Low,High,Public,Positive,2,No,High School,Near,Male,69.0
26.0,90,High,High,Yes,9,53,Medium,Yes,1,Low,Medium,Private,Neutral,4,No,High School,Far,Male,71.0
21.0,83,High,Low,Yes,7,89,Low,No,0,Low,Low,Public,Neutral,2,No,College,Moderate,Female,65.0
12.0,65,Medium,Low,Yes,6,86,Medium,Yes,1,Medium,Medium,Public,Positive,3,No,Postgraduate,Near,Female,62.0
18.0,81,High,High,No,6,95,Low,Yes,1,Medium,Medium,Public,Positive,3,No,High School,Near,Male,69.0
21.0,74,Low,Medium,No,6,55,High,Yes,3,Low,Medium,Public,Positive,2,No,College,Near,Male,65.0
17.0,92,Medium,Medium,No,7,99,Medium,Yes,1,Medium,Medium,Public,Neutral,2,No,College,Far,Female,68.0
19.0,90,Low,Low,Yes,6,51,High,Yes,1,Low,Medium,Public,Negative,3,Yes,Postgraduate,Near,Male,65.0
19.0,96,Medium,High,Yes,5,67,Medium,Yes,4,High,Medium,Private,Neutral,1,No,High School,Moderate,Male,72.0
20.0,61,High,High,Yes,9,54,Medium,Yes,2,High,Medium,Private,Positive,4,No,Postgraduate,Near,Male,67.0
20.0,92,Medium,Low,No,7,53,Medium,Yes,2,Medium,High,Private,Positive,2,No,College,Far,Male,68.0
14.0,98,Low,Medium,No,7,98,Medium,No,0,Medium,High,Public,Positive,3,No,High School,Near,Male,68.0
16.0,92,Medium,Medium,No,6,86,Low,No,2,Medium,Medium,Private,Neutral,3,Yes,College,Near,Female,66.0
12.0,65,Medium,High,Yes,5,75,High,Yes,0,High,Medium,Private,Negative,2,No,High School,Moderate,Male,62.0
26.0,63,Medium,Medium,Yes,7,55,Medium,Yes,2,Medium,High,Public,Neutral,4,No,High School,Far,Male,65.0
7.0,61,Low,High,Yes,4,76,High,Yes,1,Medium,Medium,Private,Positive,5,No,High School,Far,Female,60.0
27.0,85,High,Medium,Yes,8,66,Medium,Yes,2,Low,High,Private,Neutral,4,Yes,High School,Moderate,Male,70.0
28.0,85,Medium,Medium,Yes,6,64,Low,Yes,1,Low,Medium,Public,Neutral,1,No,High School,Moderate,Male,68.0
18.0,99,Medium,High,Yes,7,81,Low,Yes,1,Medium,Medium,Public,Neutral,3,No,Postgraduate,Near,Male,72.0
4.0,76,Medium,Medium,Yes,8,90,Medium,Yes,2,High,Medium,Public,Positive,2,No,High School,Moderate,Female,63.0
18.0,73,Medium,High,Yes,7,72,Low,Yes,1,Medium,Medium,Private,Neutral,1,Yes,High School,Moderate,Male,63.0
20.0,85,Low,Medium,Yes,5,75,Low,Yes,1,Medium,Medium,Public,Neutral,2,No,College,Near,Male,67.0
14.0,93,Medium,Low,Yes,9,83,Low,Yes,4,Medium,Medium,Public,Neutral,2,No,Postgraduate,Near,Female,68.0
17.0,97,Medium,Medium,No,5,56,Low,Yes,2,High,Medium,Public,Positive,3,No,High School,Near,Female,69.0
29.0,92,High,Medium,Yes,4,91,Low,Yes,1,High,High,Public,Neutral,4,No,High School,Near,Female,75.0
24.0,77,Low,Medium,No,8,92,High,Yes,0,High,Medium,Public,Neutral,3,No,High School,Moderate,Male,67.0
14.0,85,High,High,Yes,5,77,Medium,Yes,2,Low,High,Public,Positive,3,No,High School,Near,Male,69.0
10.0,94,Low,Medium,No,9,59,Low,Yes,0,Medium,Medium,Public,Positive,2,No,Postgraduate,Near,Male,65.0
18.0,80,Low,High,Yes,8,75,Medium,No,2,Medium,Medium,Public,Negative,4,No,High School,Near,Male,65.0
19.0,69,Medium,Medium,Yes,7,55,Low,Yes,1,Low,Medium,Public,Positive,4,No,College,Near,Female,63.0
23.0,67,Low,Medium,No,6,88,Medium,Yes,2,Medium,Medium,Private,Neutral,4,No,High School,Near,Male,65.0
17.0,60,Medium,Low,No,6,66,Medium,Yes,0,Low,Medium,Public,Positive,2,No,High School,Far,Female,58.0
23.0,89,High,High,Yes,6,66,Low,Yes,0,Low,High,Private,Positive,3,No,High School,Moderate,Male,70.0
32.0,64,Low,Low,Yes,6,97,Medium,Yes,1,Medium,Low,Public,Neutral,5,No,College,Moderate,Male,66.0
25.0,70,Medium,Low,No,9,71,Medium,No,2,Low,Medium,Public,Negative,2,No,College,Near,Female,63.0
20.0,72,Medium,Low,Yes,6,89,Low,Yes,1,Low,Medium,Private,Negative,3,No,High School,Far,Male,62.0
19.0,82,Medium,Medium,Yes,8,82,High,Yes,2,Medium,Medium,Private,Positive,3,No,College,Moderate,Female,69.0
18.0,76,Medium,Medium,No,9,66,High,Yes,1,High,High,Public,Positive,3,No,High School,Near,Female,66.0
27.0,87,High,Low,No,6,56,Medium,Yes,0,Low,High,Public,Neutral,2,No,High School,Moderate,Male,68.0
16.0,62,Low,Medium,Yes,8,90,Low,Yes,2,High,Medium,Public,Neutral,2,No,Postgraduate,Far,Male,62.0
20.0,65,High,Medium,No,6,88,Medium,Yes,0,Medium,High,Public,Negative,4,Yes,High School,Near,Male,64.0
20.0,80,Medium,High,Yes,7,58,Low,No,0,Medium,Medium,Public,Neutral,2,No,College,Near,Female,65.0
17.0,73,Medium,High,Yes,6,62,Low,Yes,2,Low,Medium,Private,Negative,3,No,College,Far,Male,64.0
12.0,72,Medium,Medium,No,6,88,High,Yes,2,High,Medium,Public,Positive,3,No,High School,Near,Female,65.0
22.0,63,Medium,Medium,Yes,7,99,Low,Yes,3,Medium,Medium,Private,Neutral,4,No,High School,Moderate,Male,65.0
20.0,96,Low,Medium,Yes,5,92,Medium,Yes,0,Medium,Medium,Public,Neutral,3,No,College,Near,Female,70.0
23.0,88,Low,High,No,8,84,High,Yes,2,Medium,Medium,Private,Positive,3,Yes,Postgraduate,Near,Female,71.0
17.0,65,Medium,Medium,Yes,5,96,Low,Yes,2,Medium,High,Public,Positive,3,No,College,Moderate,Male,65.0
27.0,63,High,Medium,No,5,64,Medium,No,1,High,High,Public,Positive,4,No,Postgraduate,Near,Male,67.0
15.0,99,Low,High,Yes,7,50,High,No,4,Low,Medium,Public,Positive,2,No,High School,Moderate,Male,68.0
30.0,87,High,High,Yes,6,66,Low,Yes,1,Medium,Medium,Public,Neutral,4,No,High School,Near,Male,73.0
10.0,77,Medium,High,No,8,99,Medium,Yes,0,Medium,High,Public,Neutral,4,Yes,High School,Near,Male,64.0
23.0,88,High,High,No,7,94,Low,No,3,Low,Medium,Private,Positive,1,No,High School,Near,Male,71.0
23.0,90,Medium,High,No,5,53,Medium,Yes,2,Medium,High,Private,Positive,2,No,High School,Near,Female,70.0
15.0,91,Low,High,No,8,75,Medium,Yes,4,Medium,Medium,Public,Neutral,1,No,High School,Near,Female,68.0
23.0,79,High,Medium,Yes,7,54,Medium,Yes,2,Low,Medium,Private,Neutral,4,No,College,Moderate,Female,68.0
28.0,77,Low,High,Yes,7,89,Medium,Yes,3,Low,Medium,Public,Positive,3,Yes,High School,Far,Male,68.0
7.0,60,Medium,High,Yes,10,69,Low,Yes,0,Low,Medium,Private,Positive,3,No,College,Moderate,Female,59.0
23.0,97,Medium,Medium,Yes,9,96,Medium,Yes,2,Medium,High,Private,Neutral,4,No,College,Near,Male,74.0
5.0,84,Medium,Medium,Yes,7,53,Low,No,1,Low,High,Public,Positive,3,No,Postgraduate,Moderate,Male,62.0
14.0,68,High,Low,Yes,5,87,High,Yes,2,Medium,Medium,Public,Positive,3,No,High School,Far,Male,64.0
30.0,97,High,High,No,5,70,Medium,Yes,0,High,Medium,Public,Positive,2,No,Postgraduate,Near,Male,76.0
17.0,97,High,Medium,Yes,9,63,Medium,Yes,2,Low,Medium,Public,Positive,2,No,High School,Near,Male,70.0
13.0,100,High,Medium,No,6,76,Medium,No,0,Low,Low,Public,Positive,5,No,Postgraduate,Near,Male,69.0
19.0,95,Medium,Medium,Yes,7,74,High,No,0,Low,High,Public,Positive,2,No,High School,Near,Female,69.0
32.0,100,Low,High,Yes,5,67,Medium,No,4,Medium,Medium,Public,Positive,3,No,High School,Far,Male,74.0
9.0,70,High,Medium,No,8,82,Low,No,2,High,High,Public,Negative,2,No,High School,Near,Female,62.0
14.0,94,Medium,Medium,No,9,83,High,Yes,2,Low,High,Public,Positive,3,No,Postgraduate,Moderate,Male,70.0
29.0,93,Low,Medium,Yes,9,54,Medium,No,4,Low,High,Public,Positive,3,No,High School,Near,Male,71.0
31.0,69,Medium,Low,Yes,6,80,Low,Yes,4,Medium,Medium,Public,Negative,2,No,College,Near,Male,68.0
19.0,64,High,Low,Yes,8,86,Low,Yes,3,High,Medium,Private,Neutral,3,No,Postgraduate,Near,Female,66.0
13.0,99,Low,Medium,No,7,54,High,Yes,3,High,Medium,Public,Negative,3,No,High School,Far,Male,67.0
33.0,72,High,Medium,No,8,83,Low,Yes,3,Low,High,Private,Neutral,4,No,High School,Near,Male,71.0
30.0,95,Medium,Medium,Yes,7,90,Medium,Yes,3,Medium,Medium,Public,Neutral,1,No,High School,Moderate,Male,74.0
24.0,60,Low,Medium,Yes,6,92,Low,Yes,3,Medium,Medium,Public,Positive,2,No,College,Near,Male,65.0
15.0,61,High,Low,Yes,9,52,Medium,Yes,1,Medium,Medium,Private,Neutral,3,No,High School,Moderate,Female,60.0
20.0,79,High,High,Yes,7,85,Low,Yes,2,Medium,Medium,Public,Neutral,2,No,College,Moderate,Male,69.0
19.0,70,Medium,Medium,Yes,6,90,Low,Yes,2,Low,Medium,Private,Positive,3,No,High School,Moderate,Male,65.0
22.0,88,Medium,Low,Yes,7,70,Medium,Yes,3,Low,Medium,Public,Positive,2,No,High School,Near,Female,69.0
29.0,83,Medium,Low,Yes,6,77,High,Yes,1,Medium,Medium,Public,Neutral,4,No,High School,Near,Male,70.0
25.0,63,High,Low,Yes,8,63,Medium,Yes,0,Medium,High,Private,Positive,1,Yes,Postgraduate,Near,Female,65.0
14.0,67,Low,Low,Yes,7,66,Low,Yes,0,Low,Medium,Public,Neutral,4,No,High School,Far,Female,57.0
28.0,76,Medium,Medium,Yes,6,75,Low,Yes,0,Medium,High,Public,Positive,2,No,High School,Near,Female,68.0
22.0,67,High,High,No,10,58,Medium,Yes,2,High,Low,Public,Neutral,3,No,Postgraduate,Near,Male,67.0
24.0,92,Medium,Medium,No,5,69,Medium,Yes,2,Medium,Medium,Private,Negative,4,No,High School,Near,Female,70.0
29.0,77,Medium,Medium,Yes,8,65,Medium,Yes,1,Medium,Medium,Public,Neutral,3,No,High School,Near,Male,68.0
13.0,64,High,High,Yes,7,62,Medium,Yes,1,Low,Medium,Public,Neutral,1,No,College,Moderate,Female,62.0
20.0,79,High,Medium,Yes,5,74,Medium,Yes,1,Low,Medium,Public,Neutral,5,No,High School,Far,Male,67.0
17.0,64,High,High,Yes,6,92,Medium,Yes,0,Medium,Medium,Private,Positive,1,No,Postgraduate,Near,Male,66.0
11.0,65,Medium,Low,Yes,5,62,Medium,Yes,2,Medium,High,Public,Neutral,2,No,College,Far,Female,60.0
22.0,70,High,Low,No,10,83,Low,Yes,0,Medium,Medium,Public,Positive,2,No,College,Moderate,Male,65.0
35.0,94,High,Medium,Yes,7,63,Medium,Yes,1,Low,High,Public,Positive,2,No,College,Near,Female,75.0
9.0,97,Low,Medium,Yes,7,57,Medium,Yes,4,Medium,High,Public,Neutral,5,No,High School,Far,Female,67.0
20.0,93,Medium,High,No,10,97,Medium,Yes,1,Low,Medium,Public,Neutral,2,No,Postgraduate,Moderate,Male,71.0
24.0,73,Low,Low,Yes,6,82,Medium,Yes,0,Medium,Medium,Public,Negative,2,Yes,High School,Near,Male,63.0
21.0,71,High,Medium,Yes,9,55,Low,Yes,2,High,High,Public,Positive,1,No,Postgraduate,Moderate,Male,67.0
19.0,82,High,Medium,No,8,82,Low,Yes,2,Low,Medium,Private,Negative,4,No,Postgraduate,Near,Female,68.0
12.0,89,High,Low,Yes,4,59,Low,Yes,2,Low,High,Public,Negative,4,No,High School,Near,Male,65.0
21.0,100,Low,High,No,6,94,Medium,No,1,High,Medium,Public,Positive,3,No,College,Moderate,Female,72.0
15.0,65,Medium,Medium,No,8,62,Medium,Yes,1,Medium,Medium,Public,Neutral,4,No,High School,Moderate,Female,61.0
7.0,62,Low,High,No,7,90,Medium,Yes,1,Medium,Low,Public,Neutral,5,No,College,Moderate,Female,60.0
27.0,88,High,High,Yes,7,60,Medium,Yes,2,Low,Medium,Public,Positive,2,No,High School,Near,Female,72.0
26.0,93,Medium,Medium,Yes,6,78,Medium,Yes,2,Medium,Medium,Public,Neutral,3,No,Postgraduate,Far,Female,72.0
20.0,94,Low,Medium,Yes,6,96,Medium,Yes,2,Medium,Medium,Private,Negative,3,No,College,Near,Male,70.0
21.0,87,Low,Medium,No,7,65,High,Yes,2,Medium,Medium,Public,Negative,3,Yes,College,Near,Male,67.0
26.0,98,Medium,Medium,No,10,54,Medium,Yes,0,Low,High,Private,Neutral,1,No,Postgraduate,Near,Male,71.0
21.0,80,Medium,Low,Yes,6,78,Medium,Yes,0,Medium,Medium,Private,Negative,2,No,Postgraduate,Near,Female,66.0
25.0,97,High,High,No,6,59,Low,Yes,0,Low,High,Public,Positive,2,No,High School,Near,Female,72.0
18.0,99,Medium,Medium,Yes,7,86,Medium,No,1,High,Medium,Public,Neutral,4,No,High School,Moderate,Female,70.0
28.0,94,Medium,Low,Yes,5,80,Medium,Yes,2,High,Medium,Public,Negative,2,No,High School,Moderate,Female,71.0
22.0,72,Low,Low,Yes,8,67,High,Yes,2,Medium,Medium,Public,Negative,4,No,College,Far,Male,64.0
21.0,68,Medium,Medium,Yes,5,85,Medium,No,3,High,Medium,Public,Positive,2,No,College,Moderate,Male,66.0
12.0,82,High,Low,No,5,62,Low,Yes,2,Medium,Medium,Public,Positive,4,No,High School,Near,Male,64.0
22.0,78,Medium,Medium,Yes,5,96,Medium,Yes,0,Low,Medium,Public,Neutral,3,No,High School,Moderate,Male,67.0
15.0,95,Low,Low,No,5,67,High,Yes,3,Medium,Medium,Public,Positive,3,No,High School,Moderate,Female,67.0
16.0,64,High,Low,No,9,88,Medium,Yes,1,Medium,High,Public,Positive,3,No,High School,Near,Male,64.0
15.0,70,Low,Medium,No,8,63,Low,Yes,0,Medium,Medium,Private,Positive,4,No,High School,Moderate,Female,61.0
14.0,90,High,High,Yes,8,86,Medium,Yes,4,Medium,Medium,Private,Negative,2,No,High School,Near,Female,99.0
33.0,64,Medium,Medium,No,8,52,Low,No,3,High,Medium,Public,Positive,4,No,High School,Near,Male,67.0
28.0,73,Medium,High,Yes,7,65,High,Yes,3,High,High,Public,Positive,3,No,Postgraduate,Near,Male,72.0
32.0,75,Low,Low,No,7,55,Medium,Yes,1,Medium,Medium,Public,Neutral,4,No,High School,Moderate,Male,66.0
13.0,85,Low,High,Yes,9,73,High,Yes,3,Medium,High,Public,Positive,2,No,Postgraduate,Moderate,Male,68.0
20.0,66,High,Low,No,9,72,Low,Yes,1,Medium,High,Public,Positive,1,No,College,Near,Female,64.0
12.0,94,High,High,No,5,68,High,Yes,1,High,Medium,Public,Neutral,2,No,High School,Near,Male,69.0
16.0,78,Medium,High,No,10,99,Low,Yes,0,Low,Medium,Public,Positive,4,No,High School,Far,Female,65.0
14.0,97,Low,High,No,5,62,Medium,No,1,Medium,Medium,Public,Neutral,4,Yes,Postgraduate,Far,Female,66.0
27.0,79,High,High,Yes,6,90,Low,Yes,3,Medium,High,Public,Positive,4,No,High School,Near,Male,73.0
18.0,71,Medium,Medium,Yes,7,72,Low,Yes,0,Low,Medium,Public,Neutral,4,No,High School,Near,Female,63.0
26.0,66,Medium,Medium,Yes,7,67,High,Yes,3,Medium,Medium,Public,Negative,4,No,High School,Moderate,Female,66.0
24.0,60,Medium,Medium,Yes,10,60,Low,Yes,3,Low,High,Private,Neutral,2,No,Postgraduate,Near,Female,65.0
34.0,81,Medium,Medium,Yes,9,82,Low,Yes,1,Medium,High,Public,Negative,2,No,High School,Near,Male,71.0
11.0,64,Medium,Low,Yes,8,67,High,No,1,Medium,Medium,Public,Neutral,2,Yes,College,Near,Male,58.0
28.0,76,Medium,Medium,No,9,91,Medium,Yes,0,Low,High,Private,Neutral,3,No,High School,Moderate,Male,68.0
27.0,84,Medium,Medium,No,8,98,Medium,Yes,0,Low,Medium,Public,Neutral,4,No,High School,Moderate,Male,69.0
14.0,71,High,Low,Yes,6,61,Low,Yes,0,Low,Medium,Public,Positive,3,No,Postgraduate,Near,Female,63.0
26.0,67,Medium,Medium,Yes,8,56,Medium,Yes,1,Medium,Medium,Public,Negative,5,No,College,Near,Female,66.0
22.0,91,Medium,Medium,Yes,7,66,Medium,No,0,High,High,Public,Negative,3,No,College,Near,Female,69.0
19.0,98,Medium,Low,Yes,6,73,Medium,Yes,3,Low,Medium,Private,Negative,3,No,College,Near,Male,69.0
15.0,64,High,Medium,No,9,65,Medium,Yes,2,Medium,Medium,Public,Neutral,2,No,High School,Near,Male,63.0
16.0,66,Low,High,Yes,7,99,Medium,Yes,1,Low,Medium,Public,Positive,3,No,College,Near,Female,65.0
32.0,98,Low,High,No,5,89,Medium,Yes,2,High,Low,Private,Positive,3,No,College,Near,Male,76.0
20.0,62,High,Medium,Yes,6,98,High,Yes,0,High,High,Public,Neutral,3,No,Postgraduate,Near,Male,67.0
25.0,99,Low,Medium,No,8,69,Medium,No,1,Low,High,Public,Positive,3,No,Postgraduate,Moderate,Male,70.0
15.0,60,Medium,Low,No,9,65,Medium,Yes,1,Medium,High,Public,Negative,5,No,College,Moderate,Male,60.0
15.0,95,High,Low,No,8,70,Medium,Yes,2,High,High,Public,Neutral,3,Yes,High School,Near,Female,68.0
26.0,72,Medium,Medium,Yes,8,76,Medium,Yes,1,Medium,Medium,Public,Negative,3,No,Postgraduate,Near,Male,68.0
12.0,98,Low,High,Yes,6,87,Medium,Yes,2,Low,Medium,Private,Neutral,3,No,Postgraduate,Near,Female,70.0
18.0,73,Medium,High,Yes,7,94,High,Yes,1,High,Medium,Private,Neutral,3,No,Postgraduate,Moderate,Female,68.0
20.0,86,High,High,No,7,73,Medium,Yes,3,Low,Low,Public,Neutral,3,Yes,High School,Near,Male,69.0
21.0,63,Medium,Medium,Yes,7,64,Medium,Yes,0,Low,Medium,Public,Negative,3,No,High School,Near,Female,62.0
19.0,70,High,Low,No,7,66,Medium,Yes,1,High,Low,Private,Neutral,4,No,College,Moderate,Male,64.0
22.0,91,High,Medium,No,6,85,Low,Yes,2,Medium,Medium,Private,Positive,2,No,High School,Moderate,Female,71.0
24.0,81,Medium,Medium,Yes,8,78,Medium,Yes,1,Low,Medium,Public,Positive,2,No,High School,Near,Male,68.0
24.0,97,High,Medium,No,5,74,High,Yes,0,Medium,Low,Public,Neutral,5,No,High School,Near,Female,72.0
14.0,77,Medium,Medium,Yes,5,60,Low,Yes,1,High,High,Private,Negative,3,No,Postgraduate,Far,Male,64.0
18.0,95,Medium,High,Yes,6,94,Medium,Yes,6,Low,High,Public,Neutral,3,No,High School,Far,Female,73.0
27.0,78,Medium,High,No,8,89,Low,Yes,0,Low,Medium,Public,Neutral,3,No,Postgraduate,Near,Female,69.0
25.0,99,Low,Medium,No,8,57,Medium,Yes,1,Medium,Low,Private,Positive,3,No,Postgraduate,Moderate,Male,70.0
12.0,98,Medium,High,No,4,68,Medium,Yes,3,Low,High,Public,Neutral,2,No,High School,Near,Female,69.0
22.0,73,Medium,Low,No,8,77,Medium,Yes,1,High,Medium,Public,Neutral,3,No,High School,Far,Male,64.0
8.0,95,Medium,Medium,No,7,73,Low,Yes,2,Medium,Medium,Private,Neutral,2,No,College,Near,Male,66.0
20.0,94,Medium,Medium,Yes,6,70,High,Yes,1,Medium,Medium,Public,Neutral,2,No,High School,Moderate,Female,69.0
31.0,68,High,Medium,No,7,86,Low,Yes,1,Low,Medium,Private,Positive,3,No,High School,Moderate,Female,68.0
14.0,85,Medium,Low,Yes,5,53,Medium,Yes,4,Medium,Medium,Public,Neutral,3,No,High School,Near,Male,65.0
15.0,63,High,Low,Yes,7,74,Medium,Yes,4,Low,Medium,Public,Negative,2,No,High School,Moderate,Male,62.0
25.0,93,High,High,Yes,5,63,Medium,Yes,2,High,Medium,Public,Positive,2,No,Postgraduate,Near,Female,75.0
11.0,67,Medium,Medium,Yes,6,54,Low,Yes,0,Low,Medium,Public,Positive,3,No,High School,Near,Female,60.0
16.0,63,Medium,High,Yes,6,73,Medium,Yes,0,Medium,Medium,Public,Neutral,4,No,College,Near,Male,63.0
24.0,76,Medium,Low,Yes,8,59,Medium,Yes,2,Medium,Medium,Public,Positive,4,No,College,Far,Male,66.0
16.0,83,High,Medium,Yes,7,63,Medium,Yes,0,Medium,Medium,Public,Neutral,3,No,Postgraduate,Near,Female,67.0
19.0,94,Low,Medium,Yes,8,75,Medium,Yes,1,Medium,Medium,Public,Negative,3,No,College,Moderate,Female,68.0
24.0,99,Medium,Medium,Yes,5,99,Medium,Yes,0,Low,Medium,Public,Positive,3,No,High School,Moderate,Female,72.0
23.0,78,Low,Medium,No,7,84,High,Yes,0,Low,Medium,Private,Neutral,3,No,College,Near,Male,66.0
22.0,62,Medium,Medium,Yes,8,64,Medium,Yes,0,Low,Medium,Public,Neutral,3,No,Postgraduate,Near,Female,63.0
18.0,90,Medium,High,Yes,9,69,Medium,Yes,1,High,High,Private,Positive,3,No,College,Moderate,Female,71.0
22.0,83,Low,Medium,Yes,5,70,High,Yes,2,Low,Medium,Public,Positive,3,No,College,Far,Male,67.0
19.0,78,Medium,Medium,Yes,6,58,Medium,Yes,1,Low,Medium,Public,Neutral,3,No,Postgraduate,Near,Male,66.0
23.0,72,High,Medium,No,8,58,Medium,No,2,Low,High,Private,Positive,2,No,College,Near,Female,66.0
17.0,80,High,High,No,9,57,Medium,Yes,4,Low,Medium,Public,Positive,2,No,College,Near,Male,68.0
19.0,74,Medium,Medium,No,7,76,High,Yes,1,High,Medium,Public,Neutral,3,No,College,Near,Female,66.0
14.0,90,High,Medium,Yes,5,84,Medium,Yes,0,Low,Medium,Public,Negative,3,No,Postgraduate,Near,Female,68.0
20.0,82,High,Medium,Yes,5,80,Medium,Yes,3,Low,Medium,Public,Neutral,1,Yes,College,Near,Female,68.0
15.0,95,Low,Medium,Yes,7,99,Low,Yes,0,High,High,Public,Neutral,2,No,High School,Near,Female,68.0
13.0,82,Medium,High,No,8,56,Low,Yes,2,Low,High,Private,Neutral,3,No,Postgraduate,Near,Male,66.0
22.0,70,High,Low,No,7,99,Medium,Yes,1,Low,High,Private,Positive,2,No,High School,Moderate,Male,66.0
21.0,94,Medium,High,No,5,73,Low,Yes,0,Medium,High,Public,Neutral,3,No,Postgraduate,Far,Female,70.0
25.0,82,High,Medium,Yes,9,61,Low,Yes,1,High,Medium,Public,Negative,2,No,High School,Near,Male,68.0
17.0,68,Medium,Medium,Yes,6,97,High,Yes,2,High,Low,Public,Negative,3,No,High School,Moderate,Male,65.0
22.0,85,Low,High,Yes,8,73,High,Yes,1,Medium,Medium,Private,Positive,3,No,College,Near,Male,70.0
23.0,74,Medium,Medium,No,4,67,Medium,Yes,3,High,Medium,Private,Negative,5,No,High School,Far,Male,66.0
23.0,94,Medium,High,Yes,9,61,Medium,No,0,Medium,Medium,Public,Negative,1,Yes,Postgraduate,Moderate,Female,68.0
15.0,78,Medium,Medium,Yes,6,63,High,Yes,1,Medium,Medium,Private,Neutral,2,Yes,College,Moderate,Male,64.0
21.0,89,Medium,Medium,No,9,99,Medium,Yes,0,Medium,Medium,Private,Negative,3,No,High School,Near,Male,69.0
22.0,64,Medium,Medium,No,8,65,Low,Yes,2,Medium,Medium,Private,Neutral,4,No,Postgraduate,Near,Female,65.0
20.0,76,Medium,High,Yes,5,99,Low,No,3,Medium,High,Public,Negative,3,No,Postgraduate,Near,Female,69.0
7.0,99,Low,High,Yes,7,67,Low,No,1,High,High,Private,Neutral,4,No,High School,Near,Female,66.0
21.0,92,High,Low,No,9,62,Medium,Yes,1,Medium,Low,Public,Positive,2,No,High School,Near,Female,68.0
33.0,66,Medium,Medium,Yes,6,59,Medium,Yes,3,High,Medium,Public,Positive,2,No,Postgraduate,Near,Female,70.0
18.0,71,High,Medium,No,9,71,Medium,Yes,1,Medium,High,Public,Positive,3,No,High School,Moderate,Female,65.0
16.0,73,High,Medium,Yes,8,62,Medium,Yes,0,High,High,Private,Neutral,2,No,High School,Near,Female,65.0
22.0,86,Medium,Low,No,9,85,Medium,Yes,1,Medium,Medium,Public,Negative,3,No,Postgraduate,Near,Female,68.0
22.0,90,Low,Medium,No,7,62,Low,Yes,0,Medium,Medium,Public,Positive,3,No,College,Near,Male,67.0
27.0,90,High,High,No,7,92,Medium,Yes,0,Low,Medium,Private,Neutral,3,No,High School,Near,Female,72.0
12.0,80,High,High,Yes,10,92,High,Yes,1,High,High,Public,Positive,3,No,Postgraduate,Moderate,Male,70.0
24.0,92,Low,High,Yes,8,64,High,Yes,1,High,High,Private,Neutral,3,No,College,Near,Male,72.0
24.0,77,High,High,Yes,7,88,Low,Yes,1,High,Medium,Public,Negative,5,No,College,Near,Male,71.0
19.0,65,Low,Medium,No,8,93,Low,Yes,1,Medium,High,Private,Neutral,4,No,College,Near,Male,64.0
22.0,83,Low,High,Yes,6,80,Medium,Yes,2,Medium,Medium,Public,Positive,5,No,High School,Moderate,Female,69.0
26.0,98,Medium,Medium,Yes,7,68,Medium,Yes,4,Low,Medium,Public,Positive,1,No,High School,Near,Female,73.0
25.0,92,Low,High,Yes,9,72,Medium,Yes,1,Low,Medium,Public,Negative,5,No,Postgraduate,Far,Female,70.0
13.0,83,High,Medium,No,7,89,Medium,Yes,1,Low,Medium,Public,Neutral,4,No,Postgraduate,Near,Female,68.0
25.0,86,High,Medium,No,6,65,Medium,Yes,2,Medium,High,Public,Positive,5,No,High School,Moderate,Male,71.0
20.0,97,Medium,High,No,6,67,Low,Yes,1,Low,High,Private,Positive,3,No,Postgraduate,Near,Female,71.0
20.0,77,Low,High,Yes,7,58,High,Yes,0,High,Medium,Public,Neutral,3,No,High School,Near,Male,66.0
20.0,73,Medium,High,No,6,70,Low,Yes,3,High,High,Public,Neutral,4,No,High School,Near,Female,68.0
19.0,99,Medium,High,Yes,5,54,Low,Yes,0,Medium,Medium,Public,Neutral,2,No,Postgraduate,Near,Male,70.0
27.0,95,Medium,Medium,No,5,66,Low,Yes,3,Medium,Medium,Public,Neutral,4,No,High School,Near,Male,72.0
19.0,73,Low,High,Yes,9,69,High,Yes,1,Low,Low,Public,Positive,4,No,Postgraduate,Near,Female,66.0
13.0,79,Medium,High,Yes,7,63,Low,No,3,High,Medium,Private,Neutral,2,No,High School,Near,Female,65.0
18.0,77,Medium,High,Yes,7,55,High,No,3,High,Medium,Private,Neutral,3,Yes,High School,Near,Female,66.0
21.0,66,High,Medium,Yes,6,76,Low,Yes,3,Low,Medium,Private,Neutral,1,No,High School,Moderate,Female,65.0
27.0,98,High,Low,Yes,6,93,Low,Yes,0,Low,Medium,Private,Neutral,4,No,High School,Moderate,Male,72.0
24.0,76,Medium,Medium,Yes,6,67,Medium,Yes,2,High,Medium,Public,Negative,3,No,College,Near,Female,68.0
15.0,95,Medium,Medium,Yes,7,62,High,Yes,0,High,Medium,Public,Negative,3,No,College,Near,Female,68.0
35.0,68,Low,High,Yes,5,64,Medium,Yes,0,High,Low,Public,Positive,4,Yes,High School,Near,Male,67.0
22.0,82,Medium,Medium,Yes,9,93,Low,Yes,2,Low,Medium,Public,Neutral,2,No,High School,Near,Male,68.0
28.0,61,High,Medium,No,7,76,High,Yes,1,Medium,High,Public,Positive,4,No,High School,Moderate,Male,67.0
19.0,91,Medium,High,No,7,57,Low,Yes,3,High,High,Public,Negative,3,No,High School,Moderate,Female,69.0
23.0,83,Low,Low,No,8,85,Medium,Yes,2,Low,Medium,Private,Neutral,2,Yes,High School,Near,Male,65.0
25.0,85,Medium,Medium,No,8,58,Medium,Yes,2,Medium,High,Public,Neutral,4,No,College,Near,Male,70.0
27.0,62,High,Medium,No,6,53,Low,Yes,1,Medium,Medium,Public,Positive,2,No,High School,Moderate,Male,64.0
26.0,68,Medium,Medium,No,8,63,Medium,Yes,2,Low,High,Public,Positive,3,No,High School,Near,Male,66.0
25.0,63,Low,Medium,No,8,58,Medium,Yes,1,High,Medium,Public,Positive,1,No,College,Near,Female,64.0
18.0,72,High,High,Yes,7,80,High,Yes,1,High,High,Public,Negative,2,Yes,High School,Moderate,Female,66.0
17.0,85,Medium,Medium,Yes,9,74,Medium,Yes,1,Medium,Medium,Private,Neutral,2,No,High School,Near,Male,67.0
22.0,83,Medium,Low,Yes,8,86,Medium,Yes,3,Medium,Low,Public,Negative,4,No,High School,Near,Male,68.0
26.0,84,Medium,Medium,No,8,76,Medium,Yes,5,Medium,High,Public,Neutral,2,No,High School,Moderate,Male,71.0
19.0,82,High,Low,No,9,71,Medium,Yes,1,Low,High,Private,Neutral,3,No,College,Near,Female,67.0
26.0,71,High,Medium,Yes,7,76,Medium,Yes,3,Low,Medium,Public,Positive,2,No,Postgraduate,Moderate,Male,69.0
29.0,70,Medium,Low,Yes,7,72,Low,Yes,1,Medium,Medium,Public,Positive,4,No,College,Near,Male,67.0
15.0,65,Low,High,Yes,8,52,Medium,Yes,4,Low,Medium,Private,Neutral,3,Yes,High School,Moderate,Female,61.0
15.0,94,Medium,Medium,No,7,84,Medium,Yes,0,Medium,High,Public,Positive,2,No,High School,Moderate,Male,68.0
19.0,85,Low,Low,Yes,8,98,Medium,Yes,2,Medium,Low,Private,Neutral,4,No,High School,Near,Female,67.0
22.0,67,Low,Medium,Yes,6,71,Low,Yes,1,Medium,High,Public,Neutral,4,No,College,Moderate,Male,64.0
17.0,67,Medium,Medium,Yes,4,71,Medium,Yes,3,Medium,High,Public,Negative,2,No,High School,Moderate,Female,63.0
28.0,95,Low,Medium,No,8,52,High,Yes,3,High,High,Public,Negative,4,No,College,Near,Male,72.0
23.0,90,High,Medium,No,5,95,Low,Yes,2,Low,Medium,Public,Negative,2,No,High School,Moderate,Male,69.0
20.0,86,Low,High,No,6,96,Medium,Yes,1,High,Low,Public,Neutral,2,Yes,High School,Far,Male,66.0
11.0,76,Medium,Medium,Yes,8,91,Low,Yes,1,High,High,Private,Neutral,3,Yes,College,Near,Female,64.0
12.0,70,Low,Medium,Yes,8,55,Medium,Yes,2,Medium,High,Public,Negative,4,No,High School,Near,Female,61.0
22.0,99,Medium,High,Yes,9,95,Medium,Yes,2,Low,Low,Public,Negative,4,Yes,High School,Near,Male,71.0
7.0,92,Low,Medium,Yes,4,51,Medium,Yes,0,High,Medium,Public,Positive,1,No,High School,Near,Female,63.0
26.0,72,Medium,Low,No,7,72,Low,Yes,2,Medium,Low,Public,Neutral,4,No,High School,Near,Female,65.0
19.0,94,High,Low,Yes,7,75,Medium,Yes,2,High,Medium,Public,Negative,5,No,College,Near,Female,71.0
20.0,90,High,High,No,8,92,High,Yes,2,Medium,High,Private,Neutral,1,No,High School,Near,Female,78.0
34.0,72,Medium,High,Yes,9,88,Low,Yes,1,High,Medium,Private,Positive,3,No,Postgraduate,Near,Male,73.0
19.0,77,Low,Medium,No,5,90,Low,Yes,1,Low,High,Private,Neutral,3,No,College,Near,Female,65.0
19.0,67,Low,Medium,Yes,7,93,High,Yes,0,Medium,Medium,Public,Positive,4,No,Postgraduate,Near,Male,66.0
26.0,64,High,Low,Yes,8,74,Low,Yes,3,Medium,High,Public,Neutral,2,No,High School,Near,Male,66.0
30.0,89,Medium,Medium,No,6,89,Medium,Yes,3,High,Medium,Public,Neutral,3,No,Postgraduate,Moderate,Male,74.0
10.0,71,Medium,Low,No,10,53,Low,Yes,4,High,Medium,Private,Positive,3,No,High School,Near,Female,62.0
9.0,93,High,Low,Yes,6,72,Low,Yes,1,Medium,Medium,Public,Positive,2,No,College,Near,Female,66.0
16.0,100,High,High,No,7,52,Medium,Yes,4,Low,Medium,Public,Negative,4,No,High School,Near,Female,71.0
23.0,63,High,Medium,Yes,5,96,Medium,Yes,2,High,Medium,Public,Neutral,2,No,High School,Near,Female,67.0
23.0,79,High,Low,Yes,7,98,Low,Yes,0,Medium,High,Public,Neutral,4,No,College,Near,Female,69.0
26.0,92,Medium,High,No,4,54,Medium,Yes,2,High,Medium,Public,Positive,4,No,High School,Moderate,Male,72.0
13.0,92,High,High,Yes,7,77,Medium,Yes,2,High,Medium,Public,Positive,4,No,Postgraduate,Near,Male,72.0
6.0,90,Medium,Medium,Yes,9,66,Medium,Yes,2,Medium,High,Public,Positive,2,No,High School,Far,Male,65.0
25.0,74,High,High,No,5,67,High,Yes,1,Medium,Medium,Public,Positive,5,No,Postgraduate,Near,Male,71.0
15.0,78,Medium,Medium,No,5,73,Medium,Yes,0,High,High,Private,Positive,1,Yes,College,Near,Male,64.0
8.0,84,Medium,Low,Yes,9,56,Low,Yes,1,Low,Medium,Public,Positive,2,No,High School,Moderate,Male,61.0
21.0,99,Medium,Low,Yes,9,59,Low,Yes,1,High,High,Public,Negative,2,No,College,Moderate,Female,69.0
25.0,73,Low,Medium,Yes,5,79,Medium,Yes,1,Low,Medium,Private,Neutral,5,No,High School,Moderate,Female,65.0
19.0,97,Medium,Low,Yes,10,51,High,Yes,3,Low,High,Public,Neutral,4,No,College,Far,Female,69.0
17.0,71,Medium,Medium,No,8,80,Low,Yes,2,High,Low,Public,Neutral,3,No,High School,Near,Female,64.0
19.0,100,Medium,Low,Yes,9,66,High,Yes,1,High,Medium,Public,Negative,4,Yes,Postgraduate,Moderate,Male,69.0
18.0,87,Medium,Medium,Yes,6,92,Low,Yes,1,Low,Medium,Private,Neutral,4,No,High School,Near,Female,68.0
12.0,79,Medium,Low,No,9,80,Low,Yes,1,High,Medium,Public,Positive,2,No,College,Moderate,Male,63.0
16.0,85,Low,Medium,No,7,85,High,Yes,1,Medium,High,Public,Neutral,2,No,High School,Near,Male,66.0
23.0,71,Medium,Medium,No,7,56,Low,Yes,1,Medium,Medium,Private,Positive,4,No,High School,Near,Female,65.0
22.0,71,High,Medium,Yes,8,63,Medium,Yes,2,Medium,High,Public,Negative,2,No,High School,Moderate,Male,66.0
21.0,65,Medium,Medium,No,6,100,Medium,Yes,3,Medium,Medium,Public,Neutral,4,No,Postgraduate,Near,Male,67.0
14.0,65,Medium,High,Yes,5,72,Low,Yes,3,Low,High,Private,Negative,2,No,High School,Near,Male,62.0
19.0,74,Medium,High,Yes,7,68,Medium,Yes,2,Low,High,Public,Negative,2,No,High School,Near,Female,66.0
7.0,91,High,Medium,No,7,94,High,No,3,High,Medium,Public,Neutral,3,No,Postgraduate,Moderate,Female,68.0
21.0,84,Medium,Medium,Yes,6,52,Medium,Yes,2,High,High,Public,Negative,5,No,High School,Moderate,Male,68.0
29.0,64,Low,Medium,No,9,77,Medium,Yes,0,Low,High,Public,Negative,2,No,High School,Moderate,Female,63.0
11.0,94,High,Low,Yes,10,61,Medium,Yes,1,Medium,Low,Public,Neutral,3,No,College,Moderate,Male,66.0
16.0,84,High,Low,No,6,68,Low,No,3,Medium,Medium,Private,Neutral,3,No,High School,Near,Male,65.0
22.0,98,High,Medium,Yes,7,60,Medium,Yes,1,High,Medium,Public,Positive,1,No,High School,Near,Male,72.0
28.0,87,Medium,Medium,No,6,52,Medium,Yes,4,Low,Low,Private,Neutral,3,No,Postgraduate,Near,Female,70.0
17.0,67,High,Low,No,10,71,Medium,Yes,1,Medium,Medium,Public,Positive,3,No,High School,Near,Male,63.0
16.0,79,Medium,Medium,No,8,89,Medium,Yes,0,Low,High,Private,Neutral,4,No,High School,Near,Male,65.0
8.0,86,High,Low,Yes,8,98,Low,Yes,1,Low,Medium,Private,Neutral,1,No,College,Near,Male,65.0
21.0,61,High,High,No,9,81,Medium,Yes,1,Medium,Medium,Private,Neutral,3,No,Postgraduate,Near,Male,66.0
32.0,61,High,Medium,Yes,7,69,High,Yes,0,High,Medium,Public,Positive,3,No,High School,Moderate,Female,68.0
22.0,65,Medium,Low,Yes,7,88,Low,No,2,Medium,Medium,Public,Positive,4,No,College,Near,Male,64.0
20.0,70,High,Medium,No,9,75,Low,Yes,3,Medium,Medium,Public,Neutral,4,No,College,Moderate,Male,66.0
22.0,77,Low,Medium,Yes,8,68,Medium,Yes,3,High,High,Public,Positive,4,No,High School,Moderate,Male,68.0
20.0,79,Low,Medium,Yes,6,59,Medium,Yes,0,Low,Medium,Public,Positive,2,No,High School,Moderate,Male,64.0
15.0,66,Medium,Medium,No,6,90,Low,Yes,2,Medium,Medium,Public,Negative,3,No,College,Far,Female,62.0
25.0,87,Medium,Medium,Yes,6,75,Medium,No,0,Low,Medium,Private,Neutral,2,Yes,High School,Near,Male,67.0
21.0,84,Low,High,No,9,98,Medium,Yes,1,Low,Medium,Public,Negative,3,No,High School,Moderate,Male,67.0
20.0,72,Medium,Medium,No,9,90,Low,Yes,1,Medium,Medium,Private,Neutral,2,No,Postgraduate,Moderate,Male,65.0
14.0,61,Low,Medium,Yes,10,71,Medium,No,2,Low,Medium,Public,Neutral,4,No,High School,Near,Male,59.0
28.0,63,Medium,High,Yes,6,87,Low,Yes,0,Low,Medium,Public,Positive,2,No,High School,Moderate,Female,66.0
24.0,76,High,Low,No,7,73,Medium,Yes,4,Medium,Medium,Public,Neutral,2,No,High School,Near,Female,68.0
17.0,66,High,Medium,No,6,54,Medium,Yes,2,High,Low,Public,Positive,3,Yes,High School,Near,Female,63.0
26.0,75,Medium,Low,Yes,7,76,Medium,Yes,2,Medium,Medium,Public,Neutral,3,No,College,Near,Male,68.0
17.0,85,High,Low,Yes,8,93,Low,Yes,2,Medium,High,Public,Positive,3,No,College,Far,Female,68.0
15.0,82,Medium,Medium,Yes,7,93,Medium,Yes,3,Low,High,Public,Negative,2,No,High School,Moderate,Female,66.0
15.0,69,High,Low,No,9,79,Low,Yes,1,Medium,Medium,Private,Positive,2,No,High School,Moderate,Female,63.0
9.0,74,Medium,Low,No,6,69,Low,Yes,3,Low,Medium,Private,Positive,2,No,High School,Moderate,Female,61.0
23.0,85,High,Medium,Yes,8,51,Low,Yes,0,High,Low,Public,Negative,4,No,College,Near,Female,68.0
9.0,94,High,Low,No,6,66,Low,Yes,0,Low,High,Public,Positive,3,No,College,Near,Male,66.0
13.0,90,Medium,High,No,4,99,High,Yes,1,High,Medium,Public,Neutral,4,Yes,College,Moderate,Male,69.0
8.0,82,Medium,High,Yes,5,86,Medium,No,0,Low,Medium,Public,Negative,3,No,Postgraduate,Near,Female,64.0
19.0,74,Medium,Medium,No,7,86,High,Yes,1,High,Medium,Private,Positive,3,No,Postgraduate,Near,Male,68.0
19.0,75,Medium,High,No,10,88,Low,Yes,0,Low,High,Public,Positive,2,No,High School,Near,Female,66.0
18.0,95,Medium,Medium,No,6,81,Medium,Yes,0,Low,Medium,Public,Positive,3,Yes,High School,Near,Female,68.0
14.0,62,Medium,High,Yes,7,79,Low,Yes,2,Medium,Medium,Private,Positive,2,No,High School,Moderate,Female,62.0
13.0,100,Medium,Low,Yes,8,73,Low,Yes,1,Low,Medium,Public,Neutral,3,No,Postgraduate,Near,Male,68.0
23.0,87,Medium,High,No,6,72,Medium,Yes,1,Low,High,Private,Negative,3,No,College,Moderate,Male,69.0
17.0,87,High,High,Yes,6,94,Medium,Yes,2,Low,Medium,Private,Neutral,3,No,High School,Moderate,Male,70.0
22.0,62,High,Medium,Yes,7,70,Low,Yes,4,Low,Medium,Public,Negative,2,No,College,Near,Female,65.0
15.0,84,Low,Medium,Yes,6,92,Medium,Yes,3,Medium,Medium,Public,Positive,3,No,College,Near,Female,68.0
21.0,79,Medium,High,No,4,92,Low,Yes,0,Low,Medium,Public,Negative,2,No,Postgraduate,Near,Female,67.0
28.0,64,Low,Medium,Yes,6,89,Medium,Yes,0,Low,Low,Public,Neutral,4,No,College,Far,Male,64.0
24.0,71,Low,Medium,No,8,52,Medium,No,2,Medium,Medium,Public,Negative,3,No,College,Near,Female,63.0
18.0,96,Medium,Low,Yes,8,57,Medium,Yes,1,Medium,Medium,Public,Negative,2,No,High School,Near,Female,67.0
22.0,82,High,Low,No,9,66,Medium,Yes,1,Low,High,Private,Negative,3,No,High School,Moderate,Male,66.0
19.0,77,High,Low,Yes,9,92,Medium,Yes,2,Low,Medium,Public,Positive,4,No,High School,Near,Female,67.0
20.0,63,Medium,Medium,Yes,6,94,Medium,No,2,Medium,Medium,Public,Neutral,3,No,High School,Far,Female,63.0
18.0,89,Medium,Medium,Yes,6,52,Medium,Yes,3,High,High,Public,Positive,3,No,High School,Moderate,Female,69.0
19.0,88,High,High,No,6,66,Medium,Yes,3,Medium,Medium,Public,Positive,2,No,High School,Near,Female,70.0
21.0,85,High,Medium,Yes,7,93,Medium,Yes,0,High,Medium,Public,Neutral,4,No,High School,Moderate,Male,70.0
14.0,80,High,Medium,No,6,62,Medium,Yes,0,High,Medium,Private,Negative,2,No,Postgraduate,Near,Male,65.0
14.0,77,Low,Low,No,7,99,Low,Yes,2,Medium,Medium,Public,Positive,2,No,Postgraduate,Moderate,Female,64.0
12.0,84,Medium,High,Yes,6,74,High,Yes,1,Medium,High,Public,Negative,3,No,College,Moderate,Female,67.0
10.0,69,Low,Medium,No,8,97,Medium,Yes,1,Medium,Medium,Private,Negative,3,No,High School,Near,Female,61.0
13.0,98,Medium,High,Yes,6,71,Medium,Yes,1,Low,High,Private,Positive,1,No,College,Near,Female,70.0
21.0,84,High,Low,No,6,66,High,Yes,2,High,Medium,Private,Positive,4,Yes,College,Far,Male,68.0
15.0,72,Medium,Medium,Yes,8,68,High,Yes,0,Medium,Medium,Public,Positive,2,No,High School,Near,Female,64.0
23.0,78,High,Medium,No,8,94,Medium,Yes,1,High,Medium,Private,Neutral,2,Yes,High School,Moderate,Male,68.0
20.0,92,Medium,Low,No,7,67,Low,Yes,1,Medium,Medium,Public,Positive,5,No,High School,Near,Male,68.0
8.0,66,High,High,Yes,8,83,Medium,Yes,0,Low,Medium,Private,Positive,4,No,College,Near,Male,63.0
24.0,72,Low,Medium,Yes,8,73,Low,Yes,1,Low,Medium,Public,Positive,2,No,College,Moderate,Female,65.0
25.0,87,Low,Medium,Yes,10,97,Medium,Yes,4,Low,Low,Private,Neutral,3,Yes,High School,Near,Female,69.0
14.0,73,Medium,High,No,8,58,Medium,Yes,2,Low,High,Public,Negative,2,No,College,Moderate,Male,63.0
23.0,92,Low,Medium,Yes,10,71,Medium,Yes,1,Low,Medium,Public,Neutral,3,No,College,Near,Male,69.0
15.0,65,High,Low,Yes,7,56,Medium,No,3,High,Medium,Private,Positive,3,Yes,High School,Near,Female,61.0
21.0,91,Low,High,Yes,9,79,Medium,Yes,2,Low,Medium,Private,Neutral,3,No,College,Far,Female,69.0
12.0,63,High,Medium,No,9,70,Low,Yes,1,High,Low,Public,Positive,3,No,College,Near,Female,62.0
9.0,61,Low,High,Yes,7,53,Medium,Yes,0,Medium,Medium,Public,Positive,2,Yes,Postgraduate,Far,Male,58.0
18.0,96,Medium,High,Yes,6,92,Medium,Yes,2,Medium,Medium,Public,Positive,3,No,High School,Far,Male,71.0
19.0,83,High,Low,No,6,69,Medium,Yes,5,Medium,Medium,Private,Positive,2,No,Postgraduate,Far,Male,69.0
18.0,74,High,Medium,No,8,75,High,Yes,1,High,High,Public,Positive,3,No,Postgraduate,Moderate,Male,68.0
13.0,69,Medium,Low,No,5,70,Medium,Yes,0,Medium,High,Private,Negative,2,No,College,Near,Male,61.0
18.0,85,High,Medium,Yes,6,74,Medium,Yes,3,Low,Medium,Private,Negative,2,No,College,Far,Male,67.0
22.0,80,Medium,High,Yes,9,51,Medium,Yes,2,Medium,Medium,Public,Negative,3,No,Postgraduate,Near,Male,68.0
20.0,100,Medium,Medium,Yes,8,91,Medium,Yes,3,Low,Medium,Public,Positive,3,No,High School,Near,Male,72.0
21.0,99,High,Low,Yes,4,67,Medium,Yes,1,Medium,Medium,Private,Negative,4,No,College,Near,Female,71.0
16.0,85,Medium,Medium,Yes,5,86,Low,No,3,Medium,Medium,Public,Positive,2,No,High School,Near,Male,67.0
27.0,78,Medium,Medium,No,10,53,Medium,Yes,3,Medium,Medium,Private,Neutral,4,Yes,Postgraduate,Moderate,Male,68.0
13.0,80,Medium,Medium,No,9,76,Medium,Yes,0,High,Medium,Public,Neutral,2,No,High School,Near,Female,64.0
23.0,87,Medium,High,No,6,95,High,Yes,3,High,Medium,Private,Positive,0,No,High School,Near,Female,73.0
27.0,64,Low,Medium,Yes,5,70,Medium,Yes,0,Low,High,Public,Positive,4,No,High School,Near,Female,65.0
23.0,73,Low,High,No,5,60,High,Yes,1,Medium,Medium,Private,Positive,2,No,Postgraduate,Near,Female,67.0
19.0,63,High,Medium,Yes,8,55,Low,Yes,0,Medium,Medium,Private,Positive,4,No,College,Moderate,Female,63.0
17.0,63,Medium,Medium,Yes,10,93,Medium,Yes,0,Low,Medium,Public,Positive,2,Yes,Postgraduate,Near,Female,63.0
26.0,68,Medium,Medium,Yes,10,62,High,Yes,4,Medium,Medium,Public,Neutral,2,No,Postgraduate,Near,Female,69.0
11.0,79,High,High,Yes,5,99,Medium,Yes,1,High,Low,Public,Positive,3,No,High School,Near,Female,68.0
14.0,91,Medium,Medium,Yes,7,62,Medium,Yes,2,Low,High,Public,Neutral,2,No,College,Near,Male,68.0
18.0,79,High,High,Yes,6,74,Medium,Yes,3,Low,Medium,Public,Positive,4,No,High School,Near,Male,69.0
27.0,73,High,High,Yes,7,73,High,Yes,5,High,High,Public,Negative,3,No,High School,Near,Female,73.0
22.0,63,High,High,Yes,5,53,High,Yes,3,Low,High,Public,Negative,2,No,High School,Near,Male,66.0
14.0,82,Medium,Medium,Yes,6,77,Medium,Yes,3,Medium,Medium,Public,Positive,3,No,College,Near,Female,68.0
18.0,71,Medium,Medium,No,6,84,Medium,Yes,2,Medium,Low,Public,Neutral,2,No,Postgraduate,Near,Male,65.0
16.0,85,Medium,Medium,No,8,87,High,Yes,4,Low,Medium,Private,Negative,3,No,High School,Far,Male,67.0
16.0,99,Medium,Medium,No,6,76,Low,Yes,2,Medium,Medium,Private,Positive,4,No,College,Near,Female,70.0
26.0,64,Medium,High,No,6,91,Medium,Yes,1,Low,Medium,Private,Neutral,4,No,High School,Moderate,Male,66.0
12.0,68,Medium,High,No,8,88,High,Yes,3,Low,Medium,Public,Negative,3,No,Postgraduate,Moderate,Female,64.0
30.0,79,Medium,High,No,9,60,Medium,Yes,1,Low,Medium,Public,Neutral,3,No,High School,Near,Female,69.0
25.0,99,Low,Medium,No,10,70,Medium,Yes,1,Medium,Medium,Public,Positive,5,No,College,Far,Female,71.0
27.0,91,Medium,Low,No,8,57,Medium,Yes,0,Low,Low,Private,Neutral,4,No,Postgraduate,Moderate,Male,68.0
17.0,96,High,Medium,No,7,57,Low,Yes,2,Medium,Medium,Private,Negative,3,No,College,Moderate,Female,68.0
19.0,73,Low,Medium,Yes,9,86,High,Yes,0,Medium,High,Public,Positive,3,No,College,Near,Female,66.0
11.0,100,Low,High,No,9,77,Medium,Yes,2,Medium,High,Public,Positive,3,No,Postgraduate,Near,Female,70.0
17.0,64,Medium,High,No,8,80,Medium,Yes,0,High,High,Public,Positive,2,No,Postgraduate,Near,Female,65.0
23.0,62,Medium,Low,Yes,5,87,Medium,Yes,1,Medium,Medium,Public,Negative,4,No,High School,Near,Female,63.0
28.0,94,Low,Medium,Yes,9,64,Medium,Yes,0,Medium,Medium,Public,Neutral,3,No,High School,Moderate,Female,70.0
13.0,97,Low,Medium,Yes,8,70,Medium,Yes,0,High,Medium,Private,Neutral,2,No,Postgraduate,Moderate,Female,67.0
18.0,64,Medium,Medium,No,6,80,Medium,Yes,1,Medium,Medium,Public,Positive,5,Yes,High School,Near,Male,63.0
19.0,65,High,Medium,No,6,55,Medium,Yes,1,Low,High,Public,Positive,3,No,Postgraduate,Moderate,Male,64.0
12.0,61,Low,Medium,Yes,8,92,Medium,Yes,2,High,Medium,Public,Neutral,4,Yes,High School,Moderate,Male,60.0
24.0,64,Medium,Medium,Yes,4,67,Low,Yes,0,Low,Medium,Public,Neutral,1,No,High School,Near,Male,62.0
16.0,68,Medium,High,No,7,83,High,Yes,2,Low,High,Public,Positive,2,No,High School,Near,Female,65.0
19.0,99,Low,Low,No,6,100,Medium,Yes,0,High,Low,Private,Negative,3,No,Postgraduate,Near,Male,69.0
17.0,87,Medium,High,Yes,6,74,Low,Yes,1,Low,High,Private,Neutral,3,No,College,Moderate,Female,68.0
15.0,91,Medium,Medium,No,6,61,Medium,No,1,Medium,High,Public,Positive,2,No,High School,Moderate,Male,66.0
20.0,91,High,High,Yes,5,61,Low,Yes,4,Low,Medium,Public,Positive,2,No,Postgraduate,Near,Male,72.0
19.0,81,Medium,High,Yes,9,53,Medium,Yes,2,High,Medium,Public,Positive,3,No,High School,Near,Male,68.0
18.0,92,Medium,Medium,No,4,88,Medium,Yes,3,High,Medium,Public,Neutral,2,No,High School,Moderate,Male,69.0
16.0,84,Medium,Medium,No,7,65,Low,Yes,1,High,High,Public,Negative,3,No,High School,Moderate,Male,65.0
22.0,73,High,Medium,Yes,6,59,Low,Yes,0,Low,Medium,Public,Positive,1,No,High School,Near,Male,65.0
30.0,82,Low,Medium,Yes,10,86,Low,Yes,2,Low,High,Public,Neutral,4,No,High School,Near,Female,70.0
21.0,81,Medium,Low,Yes,7,65,High,Yes,1,Medium,Medium,Public,Positive,2,No,College,Moderate,Male,67.0
26.0,93,High,Medium,No,4,80,Medium,Yes,4,Low,Medium,Private,Positive,3,Yes,College,Near,Male,73.0
12.0,99,High,High,No,8,71,Medium,Yes,2,Medium,Low,Public,Neutral,2,No,College,Near,Female,70.0
21.0,76,Medium,Medium,Yes,5,67,Medium,Yes,1,High,Low,Private,Positive,3,No,High School,Moderate,Male,66.0
13.0,91,Medium,Medium,Yes,8,74,Medium,Yes,1,Low,Medium,Private,Positive,1,No,Postgraduate,Near,Male,68.0
11.0,64,Medium,Medium,Yes,8,66,Medium,Yes,2,Low,Medium,Public,Positive,2,No,College,Moderate,Male,61.0
16.0,91,Medium,High,No,9,94,Low,Yes,0,High,Medium,Public,Positive,3,No,Postgraduate,Near,Male,70.0
27.0,75,Medium,Low,Yes,7,54,Low,Yes,2,Medium,Medium,Public,Negative,3,No,Postgraduate,Near,Female,66.0
26.0,62,High,Medium,Yes,8,52,Medium,Yes,4,Low,Medium,Public,Neutral,5,No,College,Near,Male,67.0
21.0,75,High,High,No,7,70,High,Yes,1,Medium,High,Private,Neutral,3,No,Postgraduate,Near,Female,69.0
11.0,84,Medium,Low,Yes,6,59,Low,Yes,2,Medium,Medium,Public,Positive,3,No,High School,Near,Female,64.0
19.0,65,High,Medium,Yes,9,87,Low,Yes,0,High,High,Public,Positive,2,No,College,Moderate,Male,65.0
22.0,97,High,Medium,Yes,5,68,Low,Yes,7,Medium,High,Private,Negative,5,No,College,Near,Female,75.0
21.0,63,High,Medium,No,7,63,Medium,Yes,2,Medium,Medium,Public,Neutral,2,No,High School,Far,Male,63.0
9.0,97,High,Medium,No,6,68,Low,Yes,5,Medium,Medium,Private,Neutral,3,No,College,Near,Male,69.0
15.0,88,Medium,High,Yes,8,61,Low,Yes,2,Medium,High,Public,Positive,4,Yes,High School,Near,Male,68.0
20.0,73,Medium,Low,Yes,6,65,Medium,Yes,2,High,High,Private,Positive,2,No,College,Near,Male,66.0
23.0,76,Low,Medium,Yes,6,78,Low,Yes,2,High,Medium,Public,Positive,2,No,High School,Moderate,Female,66.0
7.0,90,Low,Medium,Yes,7,93,Low,Yes,4,Medium,Medium,Public,Neutral,3,No,College,Near,Male,66.0
19.0,84,Medium,Medium,Yes,9,69,Medium,Yes,2,Medium,Low,Public,Neutral,4,No,College,Near,Female,68.0
21.0,87,Low,Medium,Yes,6,66,Medium,Yes,1,Low,Low,Public,Negative,2,No,High School,Moderate,Female,65.0
25.0,76,Medium,High,No,6,89,High,Yes,3,Low,Medium,Public,Neutral,3,No,College,Near,Male,70.0
24.0,80,Medium,High,No,5,51,Medium,Yes,3,High,Low,Public,Positive,2,No,High School,Near,Female,68.0
23.0,100,Medium,Medium,No,6,65,Low,Yes,1,Medium,High,Public,Neutral,2,Yes,High School,Near,Female,70.0
15.0,69,Low,Medium,No,8,73,Medium,Yes,2,Medium,Medium,Public,Neutral,2,No,High School,Moderate,Male,61.0
9.0,77,Low,Low,No,7,80,Medium,Yes,3,Medium,Medium,Public,Positive,3,Yes,High School,Near,Male,61.0
18.0,72,Low,High,No,7,58,Low,Yes,6,Low,Medium,Public,Positive,0,No,High School,Moderate,Male,64.0
26.0,91,Low,Medium,No,10,72,Low,Yes,4,High,Medium,Public,Neutral,3,No,College,Moderate,Male,71.0
28.0,91,High,Medium,Yes,4,78,Low,Yes,1,Medium,Low,Public,Positive,3,No,High School,Moderate,Male,72.0
24.0,72,Medium,High,Yes,10,76,High,No,1,Low,Medium,Public,Negative,3,No,High School,Near,Male,66.0
23.0,63,Medium,Medium,Yes,9,79,High,Yes,0,Low,Medium,Private,Negative,4,No,High School,Far,Female,63.0
22.0,60,Low,Low,No,7,83,Medium,No,3,Medium,Medium,Public,Positive,1,No,College,Near,Female,62.0
17.0,77,Medium,Medium,Yes,8,69,Low,Yes,3,High,Medium,Public,Neutral,3,Yes,High School,Near,Male,65.0
19.0,76,Medium,Medium,Yes,6,53,Medium,Yes,2,Medium,Medium,Public,Positive,5,No,High School,Near,Male,66.0
30.0,100,Low,High,No,7,53,Medium,Yes,2,Low,High,Private,Neutral,3,No,High School,Moderate,Male,72.0
14.0,79,High,Medium,Yes,10,93,Medium,Yes,2,Medium,Medium,Public,Neutral,3,No,College,Near,Male,68.0
30.0,70,High,Low,No,6,84,High,Yes,2,Medium,Medium,Public,Positive,3,No,Postgraduate,Near,Male,70.0
18.0,96,Medium,Medium,Yes,7,88,Medium,Yes,1,Medium,High,Private,Negative,3,No,High School,Moderate,Female,70.0
28.0,80,Medium,High,No,6,96,High,Yes,2,Low,Medium,Public,Positive,6,No,High School,Near,Male,73.0
12.0,84,Medium,High,No,6,88,High,No,2,High,High,Public,Positive,2,No,High School,Near,Male,67.0
24.0,64,Medium,Low,No,6,85,Medium,Yes,3,Medium,Medium,Public,Positive,2,No,Postgraduate,Moderate,Male,65.0
16.0,75,High,Low,Yes,5,83,Medium,Yes,1,Medium,High,Private,Negative,3,No,College,Moderate,Female,65.0
12.0,98,Low,Medium,No,7,63,Medium,Yes,0,High,Medium,Private,Neutral,3,Yes,High School,Near,Female,65.0
21.0,84,Medium,Medium,Yes,7,98,Medium,Yes,0,Medium,Medium,Public,Neutral,4,No,College,Near,Male,70.0
26.0,74,Medium,Low,Yes,6,77,Medium,Yes,3,Medium,Medium,Private,Negative,2,No,High School,Far,Male,66.0
15.0,85,Medium,Medium,Yes,4,61,Medium,Yes,0,Medium,Low,Public,Neutral,1,No,College,Near,Male,65.0
11.0,96,High,High,No,7,60,Medium,Yes,2,Low,Medium,Public,Neutral,1,No,High School,Near,Male,68.0
19.0,71,Medium,Medium,Yes,7,91,Medium,Yes,3,High,Medium,Public,Negative,1,No,High School,Moderate,Female,66.0
19.0,80,Low,Medium,Yes,10,63,High,No,1,Medium,Medium,Public,Neutral,2,No,College,Near,Female,65.0
23.0,98,Medium,High,Yes,7,52,Low,Yes,2,Low,High,Private,Positive,4,Yes,High School,Near,Female,71.0
26.0,67,Low,Medium,Yes,8,71,Medium,Yes,2,High,Medium,Private,Negative,3,No,High School,Near,Male,65.0
20.0,89,Low,Medium,Yes,6,91,High,Yes,0,Medium,Medium,Private,Positive,4,No,College,Near,Male,70.0
31.0,85,Medium,Medium,Yes,9,71,Low,Yes,0,Medium,High,Public,Negative,2,Yes,College,Moderate,Female,69.0
21.0,87,Medium,Medium,No,6,90,High,Yes,3,High,Medium,Public,Negative,4,No,High School,Near,Male,71.0
18.0,74,Medium,High,Yes,8,91,Medium,Yes,0,Medium,High,Private,Positive,2,No,High School,Near,Female,67.0
10.0,73,Medium,Medium,Yes,8,93,High,Yes,3,Low,Medium,Public,Positive,2,Yes,High School,Moderate,Male,64.0
18.0,87,Low,Low,No,8,79,High,Yes,1,Low,High,Public,Negative,4,No,College,Near,Male,82.0
18.0,69,Medium,High,Yes,10,85,Medium,Yes,2,High,Medium,Private,Positive,0,No,College,Moderate,Female,66.0
26.0,77,Low,Medium,Yes,6,63,Low,Yes,1,Low,High,Public,Negative,4,No,High School,Near,Male,66.0
23.0,68,High,Medium,Yes,9,55,Medium,Yes,1,Medium,Medium,Public,Positive,3,No,High School,Moderate,Male,65.0
13.0,60,Medium,Medium,No,9,77,Low,Yes,2,Medium,High,Private,Positive,5,Yes,High School,Near,Male,61.0
21.0,99,Medium,High,No,7,51,High,Yes,2,Medium,Low,Private,Neutral,2,No,Postgraduate,Near,Female,72.0
24.0,77,High,Medium,Yes,10,73,Medium,Yes,3,Medium,Medium,Public,Positive,3,No,High School,Near,Male,70.0
29.0,99,Medium,Medium,Yes,7,55,Low,Yes,0,Medium,Medium,Private,Positive,3,No,High School,Moderate,Male,71.0
25.0,66,High,Medium,Yes,7,55,Medium,Yes,4,Medium,Medium,Public,Neutral,2,Yes,High School,Moderate,Female,84.0
25.0,83,High,High,Yes,7,94,Low,Yes,2,Low,High,Public,Positive,3,Yes,College,Moderate,Male,72.0
20.0,68,Medium,High,Yes,5,82,Medium,No,1,Low,High,Public,Positive,3,No,Postgraduate,Near,Female,67.0
22.0,92,High,Low,No,8,82,Medium,Yes,2,Medium,Medium,Private,Neutral,5,No,Postgraduate,Near,Male,72.0
27.0,91,Low,High,Yes,8,70,Low,Yes,1,Medium,Low,Public,Neutral,6,No,High School,Moderate,Female,70.0
12.0,65,Medium,High,No,7,71,Medium,Yes,1,Low,High,Public,Neutral,4,No,High School,Moderate,Male,62.0
18.0,96,High,Medium,Yes,10,65,Low,Yes,3,Medium,Medium,Public,Positive,2,No,College,Moderate,Female,71.0
15.0,68,Low,Medium,No,6,72,Low,Yes,3,High,Low,Public,Neutral,3,No,High School,Near,Female,62.0
22.0,85,Medium,Medium,Yes,4,79,Low,Yes,1,Low,Low,Public,Positive,3,No,High School,Near,Female,68.0
27.0,99,High,Medium,No,10,59,High,Yes,2,Low,Medium,Public,Positive,3,No,High School,Near,Male,74.0
16.0,95,High,High,No,9,63,Medium,No,0,Medium,Low,Private,Positive,3,No,High School,Near,Male,68.0
6.0,98,Medium,Low,No,8,75,Medium,Yes,1,High,Medium,Public,Neutral,3,Yes,Postgraduate,Far,Female,64.0
18.0,74,High,Medium,Yes,6,69,Medium,Yes,0,Low,Medium,Public,Positive,4,No,High School,Moderate,Male,65.0
25.0,64,Medium,Low,Yes,8,91,Medium,Yes,1,Low,Low,Public,Positive,5,No,College,Near,Male,66.0
23.0,68,Medium,High,No,5,91,Low,Yes,5,Low,Medium,Public,Neutral,1,No,College,Near,Female,68.0
23.0,80,Medium,Medium,No,7,67,Low,Yes,2,Low,High,Public,Neutral,4,No,High School,Near,Male,67.0
18.0,92,Medium,Medium,Yes,6,73,Low,Yes,1,Medium,High,Public,Neutral,5,Yes,High School,Moderate,Female,67.0
12.0,66,Medium,High,Yes,7,99,Low,Yes,2,Medium,Low,Public,Neutral,3,No,High School,Moderate,Male,63.0
23.0,86,Medium,High,Yes,8,91,Medium,Yes,2,Low,Medium,Public,Negative,1,No,College,Near,Female,71.0
15.0,73,Medium,High,No,5,61,Low,No,1,Low,High,Private,Positive,2,No,Postgraduate,Moderate,Male,63.0
33.0,74,Medium,Low,No,8,64,Medium,Yes,0,Medium,Medium,Public,Negative,3,Yes,High School,Near,Male,66.0
23.0,86,High,Medium,No,7,54,Low,Yes,2,Medium,Medium,Public,Negative,2,Yes,High School,Near,Female,67.0
17.0,79,Medium,High,Yes,8,84,Medium,Yes,0,Medium,Medium,Public,Neutral,2,No,High School,Moderate,Male,66.0
16.0,92,Medium,Medium,Yes,7,66,High,Yes,2,Medium,Medium,Public,Positive,4,No,Postgraduate,Moderate,Female,70.0
19.0,66,High,Medium,No,8,77,Low,No,3,Medium,Medium,Public,Negative,4,No,College,Moderate,Female,64.0
19.0,92,Medium,Medium,Yes,6,88,Low,Yes,1,High,Medium,Public,Positive,2,No,Postgraduate,Near,Male,71.0
27.0,63,High,High,Yes,4,92,Medium,Yes,0,Low,Medium,Public,Neutral,3,No,College,Near,Female,68.0
21.0,68,Low,Medium,Yes,5,66,Low,Yes,2,High,Medium,Private,Neutral,3,No,High School,Near,Male,64.0
16.0,86,Medium,Medium,Yes,6,62,Low,Yes,1,Low,High,Public,Positive,4,No,High School,Near,Female,66.0
31.0,94,Low,Medium,No,5,92,Low,Yes,1,High,Low,Private,Neutral,4,No,High School,Near,Male,72.0
20.0,70,Low,Medium,Yes,9,69,High,Yes,2,Medium,High,Public,Neutral,3,No,Postgraduate,Near,Female,66.0
25.0,73,Medium,High,Yes,7,91,Medium,Yes,0,Medium,High,Public,Neutral,4,No,High School,Near,Female,70.0
16.0,81,Medium,Medium,Yes,8,57,High,Yes,1,Medium,Medium,Private,Positive,2,No,High School,Near,Male,66.0
22.0,68,High,Medium,No,8,96,Medium,Yes,1,Medium,Medium,Public,Positive,3,No,Postgraduate,Moderate,Female,68.0
22.0,92,Medium,Low,Yes,7,74,High,Yes,2,Medium,Low,Public,Positive,4,No,College,Moderate,Male,70.0
9.0,91,Medium,Medium,No,10,59,High,Yes,0,Low,Medium,Private,Positive,2,No,College,Moderate,Male,64.0
32.0,66,High,High,Yes,10,77,High,Yes,3,Medium,Medium,Public,Neutral,1,No,College,Near,Male,71.0
28.0,79,Medium,High,Yes,9,94,Low,Yes,2,Low,Medium,Private,Positive,5,No,College,Near,Male,72.0
18.0,91,High,Medium,Yes,6,69,Medium,Yes,5,Low,High,Public,Positive,2,No,High School,Near,Male,71.0
13.0,73,Medium,Low,No,9,59,Medium,Yes,0,Medium,High,Public,Neutral,4,No,Postgraduate,Near,Male,63.0
22.0,85,Low,Medium,Yes,4,79,Medium,Yes,1,High,Low,Public,Positive,2,No,College,Near,Male,68.0
21.0,62,Medium,Medium,No,9,92,Medium,Yes,1,Medium,Medium,Private,Positive,4,Yes,High School,Near,Male,63.0
22.0,84,Medium,Medium,No,4,56,Medium,Yes,0,High,Low,Private,Positive,2,No,High School,Moderate,Male,66.0
21.0,66,Medium,Medium,Yes,7,52,High,Yes,1,Medium,Medium,Public,Neutral,3,No,High School,Far,Female,63.0
23.0,93,High,High,No,9,53,High,Yes,1,Low,Medium,Private,Neutral,4,No,College,Near,Female,72.0
29.0,74,Medium,High,Yes,8,62,High,Yes,3,Low,High,Public,Positive,3,Yes,Postgraduate,Moderate,Male,70.0
23.0,71,Medium,Medium,Yes,5,50,Medium,Yes,1,Low,High,Public,Positive,1,No,College,Near,Female,65.0
14.0,94,Medium,High,Yes,7,71,Medium,Yes,0,Medium,Medium,Private,Negative,3,Yes,College,Moderate,Female,67.0
28.0,62,Low,High,No,8,85,Medium,Yes,2,Low,High,Public,Positive,3,No,High School,Moderate,Female,66.0
30.0,76,Medium,Medium,Yes,7,86,Medium,Yes,1,Medium,High,Public,Neutral,2,Yes,Postgraduate,Far,Male,69.0
20.0,75,Medium,High,Yes,6,82,High,Yes,1,High,Low,Public,Negative,3,No,College,Near,Male,73.0
13.0,71,Medium,High,Yes,8,65,High,Yes,2,Medium,Medium,Public,Neutral,4,No,Postgraduate,Near,Female,66.0
21.0,96,Medium,Medium,Yes,9,87,Medium,Yes,0,Medium,Medium,Public,Neutral,6,Yes,High School,Near,Female,70.0
8.0,90,High,High,No,7,79,High,Yes,2,Low,Medium,Public,Negative,4,No,College,Near,Male,68.0
23.0,63,Low,Medium,Yes,9,93,Medium,Yes,2,Medium,High,Private,Positive,2,No,High School,Far,Male,65.0
17.0,89,Medium,Medium,No,7,74,Medium,Yes,1,Low,Medium,Private,Positive,2,No,Postgraduate,Moderate,Female,67.0
32.0,81,High,Medium,No,6,59,High,Yes,2,High,Medium,Public,Neutral,2,No,High School,Moderate,Female,71.0
15.0,96,High,High,No,9,82,Medium,Yes,2,Low,Low,Private,Neutral,3,No,High School,Near,Female,70.0
10.0,73,Medium,Low,Yes,9,58,Low,Yes,5,Low,Medium,Private,Negative,3,No,High School,Moderate,Male,61.0
17.0,83,High,Medium,Yes,6,98,Medium,Yes,0,Medium,Medium,Public,Positive,3,No,High School,Near,Male,69.0
8.0,80,Low,Medium,Yes,6,85,Medium,Yes,1,Low,High,Public,Negative,3,No,Postgraduate,Near,Male,63.0
25.0,80,Medium,Medium,Yes,10,88,Low,Yes,0,Low,High,Private,Negative,2,No,College,Moderate,Male,67.0
8.0,78,High,Medium,Yes,7,84,Medium,Yes,0,Medium,Medium,Public,Positive,2,No,College,Near,Male,65.0
20.0,68,High,Medium,Yes,7,55,High,Yes,0,Low,Low,Public,Positive,3,Yes,High School,Near,Female,63.0
8.0,90,Medium,Medium,No,7,73,High,Yes,3,High,Low,Private,Negative,4,No,Postgraduate,Near,Male,67.0
18.0,78,Low,High,Yes,9,83,Medium,Yes,2,Low,Medium,Private,Negative,2,No,Postgraduate,Moderate,Female,66.0
30.0,98,Low,Medium,Yes,10,61,Medium,Yes,0,Low,Medium,Public,Positive,3,No,Postgraduate,Moderate,Male,72.0
22.0,70,Medium,High,No,7,84,Low,Yes,3,Low,High,Public,Positive,5,No,High School,Near,Male,68.0
15.0,87,High,Medium,Yes,10,91,Medium,Yes,1,Low,Low,Public,Neutral,4,No,High School,Moderate,Male,67.0
20.0,98,Medium,Medium,Yes,6,64,Medium,Yes,1,High,High,Private,Positive,3,No,Postgraduate,Moderate,Male,72.0
20.0,87,Medium,High,Yes,7,60,Medium,Yes,0,Low,Medium,Public,Positive,2,Yes,High School,Far,Female,66.0
23.0,95,Medium,Medium,Yes,8,94,Medium,Yes,1,Medium,Medium,Public,Positive,4,No,High School,Near,Male,73.0
12.0,93,High,High,Yes,6,50,Low,Yes,4,High,High,Public,Positive,3,No,Postgraduate,Moderate,Male,71.0
24.0,74,Low,Low,Yes,8,63,High,Yes,1,Low,High,Public,Positive,3,No,High School,Moderate,Male,65.0
4.0,84,Medium,Medium,Yes,6,70,Medium,Yes,5,Medium,High,Private,Neutral,4,No,High School,Near,Male,65.0
16.0,66,High,Medium,Yes,5,84,Medium,Yes,2,Medium,Medium,Private,Neutral,3,No,High School,Near,Female,65.0
17.0,81,Medium,Medium,Yes,4,100,Low,Yes,2,Medium,High,Private,Neutral,2,No,College,Near,Male,68.0
24.0,69,High,Medium,No,7,69,Medium,No,7,High,Medium,Public,Positive,3,No,College,Near,Female,70.0
20.0,90,Medium,Low,Yes,8,97,Low,Yes,1,Medium,Low,Private,Neutral,2,No,High School,Near,Female,68.0
12.0,81,Low,Medium,Yes,5,68,High,Yes,0,Low,High,Private,Negative,2,No,High School,Near,Male,62.0
14.0,76,Medium,Medium,No,7,85,High,Yes,3,Low,Medium,Private,Neutral,3,No,College,Near,Male,66.0
21.0,71,Medium,Medium,No,7,58,Low,Yes,3,Low,Medium,Public,Negative,5,No,College,Near,Female,65.0
20.0,100,Medium,Medium,Yes,7,73,Medium,Yes,1,Low,Medium,Public,Neutral,4,No,College,Near,Female,71.0
17.0,63,Medium,Medium,No,6,94,Low,Yes,0,Medium,Medium,Public,Negative,2,No,High School,Moderate,Male,61.0
17.0,62,Medium,Medium,No,7,66,High,Yes,2,High,Medium,Public,Neutral,4,No,High School,Moderate,Male,63.0
24.0,69,Medium,High,Yes,7,55,Low,Yes,3,Medium,High,Public,Neutral,4,No,High School,Near,Male,67.0
17.0,99,Medium,Medium,No,8,76,Low,No,2,High,Medium,Public,Positive,4,No,Postgraduate,Near,Male,70.0
19.0,99,Medium,Medium,Yes,5,72,Low,Yes,3,Medium,High,Private,Neutral,4,No,Postgraduate,Near,Male,73.0
33.0,86,Medium,Medium,No,7,61,Medium,Yes,1,High,Medium,Public,Positive,3,No,High School,Near,Male,72.0
11.0,95,Medium,Medium,Yes,5,95,Low,Yes,1,Low,High,Public,Positive,3,No,Postgraduate,Near,Male,69.0
9.0,69,Low,Medium,Yes,7,80,Medium,Yes,1,Medium,Medium,Private,Neutral,3,No,College,Moderate,Male,61.0
25.0,99,Medium,Medium,No,5,67,Medium,Yes,1,Low,High,Public,Neutral,3,No,High School,Near,Male,71.0
16.0,66,Medium,Medium,Yes,6,100,Medium,Yes,1,Medium,Medium,Public,Neutral,3,No,High School,Moderate,Female,64.0
18.0,64,Low,Medium,Yes,7,57,Medium,Yes,1,High,Medium,Public,Neutral,3,No,High School,Moderate,Male,61.0
15.0,64,Medium,Medium,No,6,92,Low,Yes,3,Low,Medium,Public,Negative,4,No,College,Near,Female,63.0
18.0,83,Medium,Low,Yes,9,62,High,Yes,2,Low,Medium,Public,Negative,2,No,High School,Near,Male,65.0
30.0,91,High,Medium,No,9,62,Low,Yes,3,Low,High,Public,Negative,4,No,Postgraduate,Near,Female,73.0
25.0,75,Medium,Low,Yes,8,75,High,Yes,2,High,High,Private,Negative,4,Yes,Postgraduate,Near,Male,68.0
25.0,99,Medium,Medium,No,8,83,Medium,Yes,1,Medium,Medium,Public,Neutral,2,No,College,Near,Female,72.0
12.0,77,Low,Low,Yes,7,85,Medium,Yes,1,Medium,Medium,Public,Positive,3,No,College,Far,Male,62.0
13.0,66,High,Medium,Yes,9,51,Low,Yes,3,Medium,Medium,Private,Positive,2,No,Postgraduate,Moderate,Male,63.0
20.0,79,Low,Medium,Yes,7,64,Low,Yes,0,Medium,Medium,Public,Negative,3,No,Postgraduate,Far,Female,58.0
15.0,87,Medium,Medium,No,10,83,Medium,Yes,1,High,High,Private,Positive,3,No,High School,Near,Male,68.0
26.0,93,High,High,Yes,6,94,Low,Yes,1,Medium,High,Public,Negative,2,No,High School,Near,Female,74.0
23.0,78,Medium,Medium,Yes,5,83,Medium,Yes,1,Medium,Medium,Public,Positive,3,No,High School,Near,Male,68.0
19.0,84,Medium,Medium,Yes,5,63,Medium,Yes,1,High,Medium,Private,Positive,2,No,High School,Near,Male,67.0
20.0,71,Medium,Medium,Yes,5,75,Low,Yes,0,Medium,Medium,Private,Positive,4,No,High School,Near,Male,65.0
16.0,86,Low,Low,Yes,5,82,Low,Yes,0,Low,Medium,Public,Neutral,4,No,High School,Moderate,Female,63.0
21.0,99,Medium,Low,No,7,57,High,Yes,2,Medium,Medium,Public,Neutral,2,No,Postgraduate,Near,Male,71.0
25.0,62,Medium,Low,Yes,8,77,Medium,Yes,0,Medium,Low,Public,Negative,4,No,College,Far,Female,62.0
10.0,95,High,Low,Yes,7,74,High,Yes,2,Low,Medium,Public,Negative,3,No,High School,Far,Male,66.0
22.0,82,Low,Medium,No,5,67,Low,Yes,1,Low,High,Private,Neutral,1,Yes,Postgraduate,Near,Female,65.0
26.0,70,High,Medium,No,6,81,Low,Yes,0,Low,High,Public,Neutral,3,No,High School,Moderate,Male,66.0
18.0,98,High,Low,No,8,82,Medium,Yes,3,Medium,High,Public,Negative,3,No,College,Near,Male,71.0
24.0,79,Low,High,No,6,99,High,No,2,Low,High,Public,Negative,3,No,High School,Near,Male,68.0
20.0,73,Medium,High,Yes,6,71,Medium,Yes,0,High,High,Public,Positive,5,No,High School,Moderate,Male,72.0
19.0,67,Medium,High,No,5,77,Medium,Yes,1,Medium,High,Private,Negative,4,No,Postgraduate,Near,Male,66.0
22.0,70,Medium,Low,Yes,6,58,Low,Yes,4,High,Medium,Public,Positive,2,No,Postgraduate,Moderate,Male,66.0
16.0,93,Low,High,No,6,77,High,Yes,2,Low,Medium,Public,Negative,1,No,High School,Moderate,Male,67.0
21.0,85,Low,High,Yes,7,52,Medium,Yes,5,High,High,Public,Positive,3,No,Postgraduate,Moderate,Male,71.0
23.0,97,High,High,Yes,8,57,Low,No,2,High,Medium,Public,Positive,1,No,Postgraduate,Far,Male,72.0
21.0,69,Low,Medium,No,7,59,Medium,Yes,3,Low,Medium,Public,Neutral,3,No,Postgraduate,Near,Male,64.0
14.0,65,Low,High,No,7,82,Low,Yes,1,Low,Low,Public,Negative,3,No,High School,Near,Male,60.0
21.0,60,High,Low,No,8,78,Medium,Yes,2,Medium,High,Public,Positive,2,No,High School,Near,Female,64.0
29.0,80,Medium,Low,Yes,5,90,Medium,Yes,2,Medium,Low,Public,Positive,1,No,College,Near,Female,70.0
23.0,100,Medium,Low,Yes,10,73,Medium,Yes,3,Medium,Medium,Private,Neutral,2,No,College,Near,Male,72.0
26.0,88,Medium,High,No,6,74,Medium,Yes,0,Low,Medium,Public,Negative,2,No,High School,Moderate,Female,68.0
19.0,72,Medium,Low,Yes,8,58,Medium,Yes,0,Medium,Low,Public,Neutral,3,No,High School,Near,Female,62.0
24.0,95,Medium,Low,No,5,87,Medium,Yes,0,Low,Medium,Public,Neutral,2,No,High School,Far,Male,68.0
22.0,91,High,High,Yes,7,50,Medium,Yes,2,Low,Medium,Public,Positive,5,No,Postgraduate,Moderate,Male,72.0
14.0,61,Medium,Low,Yes,7,71,Medium,Yes,0,Medium,Low,Private,Neutral,1,No,Postgraduate,Near,Female,60.0
22.0,93,Medium,High,No,9,59,Low,Yes,3,Low,High,Public,Positive,4,No,Postgraduate,Near,Female,72.0
14.0,72,Low,High,No,7,89,Medium,Yes,2,Medium,Medium,Public,Positive,3,No,High School,Near,Female,65.0
16.0,66,Medium,Low,No,9,84,High,Yes,3,Low,Low,Public,Positive,4,No,High School,Near,Female,63.0
21.0,69,Medium,Low,Yes,7,85,Medium,Yes,2,Medium,Medium,Private,Positive,0,No,Postgraduate,Near,Male,66.0
22.0,79,Low,Medium,No,10,57,Low,Yes,1,Medium,High,Public,Positive,2,No,High School,Near,Male,65.0
13.0,77,Medium,High,No,4,83,Medium,Yes,1,Medium,High,Public,Negative,2,No,Postgraduate,Moderate,Male,65.0
26.0,72,Low,High,No,8,85,Medium,Yes,2,Low,Medium,Public,Negative,3,No,High School,Near,Male,67.0
23.0,67,Medium,Medium,No,4,50,Low,Yes,4,Low,Medium,Private,Positive,3,No,College,Moderate,Male,65.0
16.0,90,High,Medium,No,7,66,Medium,Yes,0,High,High,Public,Negative,3,No,High School,Moderate,Male,67.0
11.0,100,Medium,Medium,Yes,9,54,Low,Yes,1,Low,Medium,Public,Negative,3,No,Postgraduate,Near,Male,66.0
19.0,91,Low,High,Yes,9,84,High,Yes,2,High,High,Public,Positive,3,Yes,High School,Near,Male,71.0
17.0,72,Medium,Medium,No,8,61,Medium,Yes,1,Medium,Medium,Public,Neutral,4,No,Postgraduate,Moderate,Male,64.0
21.0,70,Low,Low,No,7,63,Medium,Yes,0,Medium,Medium,Public,Positive,2,No,High School,Far,Male,61.0
18.0,69,High,High,Yes,8,54,Low,Yes,1,High,High,Private,Neutral,2,No,High School,Near,Male,65.0
8.0,65,Medium,Medium,No,10,74,Medium,Yes,1,Medium,High,Private,Positive,5,No,High School,Near,Male,61.0
18.0,82,High,Low,No,7,52,Low,Yes,1,Low,Medium,Public,Negative,4,No,High School,Near,Female,64.0
18.0,84,High,High,Yes,8,92,Low,Yes,0,Low,High,Public,Negative,3,No,College,Near,Female,69.0
24.0,88,Medium,Medium,Yes,6,51,High,Yes,4,Medium,Low,Public,Positive,4,No,High School,Near,Male,71.0
16.0,87,High,Medium,No,9,53,High,Yes,3,Medium,High,Private,Neutral,5,No,College,Near,Male,70.0
30.0,72,High,Medium,Yes,8,82,High,Yes,1,Low,Medium,Public,Positive,1,No,College,Moderate,Female,70.0
9.0,73,Medium,Medium,Yes,6,96,Low,Yes,0,Low,High,Public,Positive,2,No,High School,Near,Male,62.0
28.0,87,Medium,Medium,No,8,95,Medium,Yes,2,Medium,Low,Private,Positive,3,No,Postgraduate,Near,Female,73.0
19.0,74,Medium,High,No,8,54,High,Yes,0,Medium,Medium,Public,Positive,3,No,College,Near,Male,66.0
25.0,69,Medium,Medium,Yes,8,64,Medium,Yes,1,High,Low,Public,Negative,3,No,Postgraduate,Moderate,Female,66.0
20.0,75,Low,Medium,No,7,76,Medium,Yes,3,High,High,Private,Negative,3,No,College,Near,Female,66.0
27.0,71,Medium,Medium,Yes,9,51,Medium,No,3,High,Medium,Public,Neutral,1,No,College,Far,Female,66.0
18.0,64,Medium,Medium,Yes,6,76,Medium,Yes,2,Medium,High,Public,Positive,4,No,High School,Near,Male,65.0
13.0,93,Low,Low,No,7,72,High,Yes,2,Medium,Medium,Private,Positive,2,No,Postgraduate,Near,Female,67.0
29.0,94,High,Medium,No,7,79,Medium,Yes,6,Low,High,Private,Neutral,4,No,College,Near,Female,76.0
19.0,69,Medium,Medium,Yes,9,96,Medium,Yes,0,High,High,Private,Positive,3,No,High School,Moderate,Female,66.0
21.0,63,Medium,Medium,Yes,6,64,Low,Yes,1,High,High,Public,Negative,3,No,High School,Near,Male,63.0
27.0,90,Medium,Medium,No,7,82,Medium,Yes,0,Medium,Medium,Public,Positive,3,No,College,Moderate,Female,71.0
14.0,68,Medium,High,No,6,71,Low,Yes,1,Medium,Medium,Public,Positive,3,No,College,Moderate,Male,63.0
24.0,76,High,Low,Yes,7,72,Low,Yes,1,High,Medium,Public,Positive,2,No,College,Moderate,Male,67.0
16.0,63,Medium,Medium,Yes,8,82,Medium,Yes,0,High,Medium,Public,Neutral,3,No,High School,Near,Male,63.0
19.0,69,High,Medium,Yes,5,98,Medium,Yes,0,High,Medium,Public,Neutral,4,No,High School,Moderate,Male,66.0
20.0,92,Medium,Medium,Yes,9,93,Low,Yes,3,High,Medium,Public,Positive,2,No,College,Near,Female,72.0
11.0,92,High,Medium,Yes,8,82,High,Yes,4,Medium,Medium,Private,Negative,2,No,Postgraduate,Near,Female,70.0
15.0,68,High,Low,Yes,6,73,Medium,No,0,Medium,Medium,Public,Positive,3,No,College,Near,Male,62.0
28.0,73,High,Medium,Yes,6,71,Medium,Yes,0,Medium,High,Private,Positive,2,No,College,Moderate,Female,69.0
25.0,65,Low,Medium,Yes,9,89,Medium,Yes,2,Medium,High,Public,Neutral,3,No,High School,Near,Female,66.0
20.0,63,Medium,Medium,Yes,8,61,Medium,Yes,2,High,Medium,Public,Neutral,3,No,High School,Near,Male,64.0
21.0,100,Low,Medium,Yes,6,79,Medium,Yes,2,Low,Medium,Public,Neutral,1,No,High School,Near,Female,70.0
18.0,86,Medium,Medium,No,6,75,High,Yes,0,Low,High,Public,Neutral,4,No,High School,Near,Male,67.0
28.0,82,Medium,High,Yes,8,82,Low,Yes,1,Medium,Medium,Private,Negative,2,No,Postgraduate,Near,Male,71.0
19.0,91,Medium,Medium,No,8,59,High,Yes,1,High,Medium,Public,Neutral,2,No,Postgraduate,Near,Male,69.0
21.0,94,High,Low,No,8,85,Medium,Yes,1,Medium,Medium,Public,Negative,4,No,College,Near,Male,70.0
27.0,92,Medium,Medium,Yes,7,81,Medium,Yes,0,Low,Medium,Public,Negative,1,No,College,Near,Male,70.0
15.0,61,High,Low,Yes,8,59,Medium,Yes,1,Medium,Medium,Public,Neutral,2,No,Postgraduate,Moderate,Female,61.0
29.0,67,Low,High,No,7,72,Medium,No,0,Medium,High,Public,Neutral,3,No,High School,Near,Female,65.0
11.0,86,Medium,High,Yes,6,84,Medium,Yes,0,High,High,Private,Neutral,3,No,High School,Near,Male,67.0
30.0,75,Medium,Low,Yes,9,95,Low,Yes,1,High,Medium,Public,Negative,5,No,Postgraduate,Near,Male,70.0
18.0,99,Medium,Medium,No,8,56,Medium,No,2,Low,High,Private,Negative,3,No,High School,Near,Male,67.0
19.0,87,Low,High,Yes,6,50,Medium,Yes,3,Low,Medium,Public,Neutral,2,No,Postgraduate,Near,Male,68.0
9.0,98,High,High,No,7,58,Medium,Yes,2,Medium,Medium,Public,Negative,4,No,College,Near,Male,69.0
17.0,68,Medium,Medium,No,7,99,Medium,Yes,1,Medium,Low,Private,Neutral,1,No,Postgraduate,Near,Male,65.0
14.0,95,High,Medium,Yes,6,88,Medium,Yes,2,Low,Low,Public,Neutral,2,No,High School,Far,Male,68.0
16.0,73,High,Medium,Yes,7,81,Medium,Yes,1,High,High,Public,Negative,4,No,Postgraduate,Near,Male,67.0
19.0,100,Medium,High,Yes,6,57,Medium,Yes,1,High,Medium,Private,Positive,2,Yes,High School,Near,Male,70.0
26.0,66,High,High,No,8,71,High,Yes,2,Medium,Medium,Public,Neutral,3,No,High School,Near,Female,68.0
21.0,81,High,Medium,Yes,7,86,Medium,Yes,1,Low,Medium,Public,Neutral,4,No,College,Near,Male,69.0
22.0,92,High,Low,Yes,5,95,Low,Yes,0,Low,Low,Public,Positive,3,No,Postgraduate,Near,Male,70.0
13.0,77,High,High,Yes,7,69,Medium,Yes,2,Low,High,Private,Neutral,5,No,College,Moderate,Male,67.0
15.0,79,High,High,Yes,6,100,Medium,Yes,4,Low,Medium,Public,Neutral,3,No,College,Near,Female,70.0
31.0,99,Medium,Low,Yes,4,57,High,Yes,1,High,High,Public,Neutral,2,No,Postgraduate,Moderate,Female,74.0
16.0,77,Medium,Low,Yes,7,69,Low,Yes,1,Low,High,Public,Neutral,4,No,High School,Near,Female,63.0
30.0,84,High,Medium,Yes,9,94,Medium,Yes,1,Low,High,Private,Positive,2,Yes,High School,Near,Female,72.0
19.0,62,High,Medium,No,7,82,Low,Yes,0,Low,Low,Private,Neutral,5,Yes,Postgraduate,Near,Male,62.0
20.0,94,Medium,Medium,No,8,91,Medium,Yes,1,Low,Medium,Public,Positive,2,No,Postgraduate,Near,Female,71.0
26.0,86,Medium,Low,No,7,95,Medium,Yes,0,Low,High,Public,Negative,5,No,High School,Moderate,Male,68.0
28.0,76,Medium,High,Yes,6,75,High,Yes,3,High,Medium,Public,Positive,3,No,High School,Near,Male,72.0
19.0,61,Medium,High,Yes,6,62,High,Yes,1,High,Medium,Public,Neutral,2,No,Postgraduate,Moderate,Female,64.0
18.0,84,Low,Low,No,5,85,Medium,Yes,0,Medium,Medium,Public,Neutral,4,No,High School,Moderate,Male,64.0
20.0,61,Low,High,Yes,8,78,Medium,Yes,0,Low,Medium,Private,Positive,5,No,High School,Near,Female,63.0
22.0,60,High,Medium,Yes,8,89,Medium,Yes,2,Medium,High,Private,Neutral,4,No,College,Moderate,Male,66.0
25.0,85,Medium,Medium,Yes,7,76,Medium,Yes,2,High,Medium,Public,Positive,2,No,College,Near,Female,71.0
20.0,68,Medium,High,Yes,4,91,High,Yes,4,High,Medium,Private,Positive,4,No,College,Near,Male,70.0
24.0,68,High,Medium,Yes,8,95,Low,Yes,3,Medium,Medium,Public,Positive,0,No,High School,Moderate,Male,67.0
30.0,86,High,High,Yes,6,87,Medium,Yes,0,Low,Low,Private,Positive,4,No,College,Near,Female,73.0
22.0,62,Low,Medium,Yes,7,87,Medium,Yes,2,High,Low,Public,Neutral,3,No,High School,Near,Female,64.0
22.0,73,Low,Medium,No,5,79,Medium,Yes,4,Medium,Low,Public,Negative,1,No,Postgraduate,Moderate,Female,65.0
11.0,66,Medium,Medium,Yes,7,74,Medium,Yes,3,Medium,High,Private,Neutral,3,No,High School,Far,Female,62.0
4.0,83,High,Medium,No,7,99,Low,Yes,1,Low,Low,Private,Neutral,3,No,College,Near,Female,64.0
22.0,86,Low,Medium,No,4,82,Low,Yes,1,Low,Low,Private,Positive,5,No,College,Moderate,Male,67.0
19.0,89,Medium,High,No,9,92,High,Yes,5,Medium,Medium,Private,Positive,3,No,Postgraduate,Near,Male,74.0
17.0,70,High,Medium,No,7,75,Medium,Yes,1,Low,Medium,Private,Neutral,4,Yes,College,Far,Male,63.0
21.0,64,High,Low,Yes,7,78,Low,Yes,1,Medium,Medium,Public,Positive,4,No,High School,Near,Male,64.0
20.0,63,Medium,Low,No,8,83,Low,Yes,4,Medium,Medium,Public,Neutral,3,No,Postgraduate,Moderate,Female,64.0
27.0,77,Low,High,No,7,86,High,Yes,1,High,High,Public,Negative,3,No,College,Near,Male,70.0
21.0,98,Medium,Medium,Yes,8,72,Medium,Yes,3,Low,Low,Public,Positive,3,No,High School,Moderate,Female,71.0
16.0,69,Medium,Medium,Yes,5,68,Medium,Yes,0,Medium,High,Public,Neutral,4,No,College,Moderate,Male,63.0
26.0,70,Medium,High,Yes,7,62,Medium,Yes,0,Low,Medium,Private,Negative,1,No,College,Near,Female,66.0
19.0,64,Medium,High,Yes,4,71,Medium,Yes,1,High,Medium,Public,Neutral,3,No,High School,Near,Male,65.0
23.0,84,Medium,High,No,7,61,Medium,Yes,2,Medium,High,Public,Neutral,5,No,College,Moderate,Male,70.0
17.0,87,Low,Low,Yes,9,71,Medium,Yes,2,Low,Medium,Public,Neutral,3,No,College,Moderate,Female,65.0
16.0,86,High,Medium,Yes,5,94,High,Yes,0,Medium,Medium,Public,Negative,2,No,High School,Near,Male,68.0
21.0,94,Medium,High,No,6,99,Medium,Yes,1,Medium,High,Private,Neutral,2,No,High School,Near,Male,72.0
20.0,79,Medium,High,Yes,4,79,Low,Yes,0,Medium,High,Private,Neutral,4,No,High School,Moderate,Male,67.0
23.0,65,High,High,No,7,57,Low,No,1,High,Medium,Public,Neutral,4,No,High School,Near,Male,65.0
18.0,72,Medium,Medium,No,8,71,Low,Yes,2,High,Medium,Public,Positive,4,No,Postgraduate,Near,Male,66.0
9.0,86,High,High,No,8,80,Medium,Yes,1,Low,Medium,Public,Positive,5,No,College,Far,Female,67.0
17.0,85,Medium,Low,No,6,69,Medium,Yes,1,Medium,Medium,Private,Neutral,3,Yes,Postgraduate,Near,Male,65.0
25.0,81,Medium,Medium,No,4,60,Medium,Yes,2,Medium,Medium,Private,Neutral,3,No,High School,Near,Male,68.0
18.0,87,Medium,Medium,No,5,61,High,Yes,2,Medium,Medium,Public,Positive,1,No,High School,Near,Male,68.0
19.0,85,Medium,High,Yes,9,74,Medium,Yes,1,High,Medium,Public,Neutral,3,No,College,Moderate,Female,69.0
26.0,95,Medium,Low,Yes,8,61,Medium,Yes,2,Medium,Medium,Private,Neutral,2,No,Postgraduate,Near,Female,71.0
16.0,83,Medium,Medium,Yes,7,62,Medium,Yes,0,Low,Medium,Private,Neutral,1,Yes,Postgraduate,Moderate,Male,64.0
11.0,91,Low,High,No,7,94,Medium,Yes,1,Medium,Medium,Public,Neutral,3,Yes,High School,Moderate,Male,65.0
19.0,70,Medium,Medium,No,5,89,Medium,Yes,1,Low,High,Private,Neutral,2,No,High School,Near,Male,64.0
17.0,87,Medium,Medium,Yes,9,53,Low,Yes,3,Low,Medium,Public,Positive,3,No,Postgraduate,Moderate,Female,67.0
14.0,96,Medium,High,No,6,66,Medium,Yes,3,Medium,Medium,Public,Positive,2,No,College,Near,Female,70.0
19.0,75,Medium,High,No,8,77,Medium,Yes,1,Low,Low,Public,Positive,4,No,High School,Moderate,Female,66.0
23.0,91,High,Medium,No,5,53,Low,Yes,3,Medium,High,Private,Negative,3,No,High School,Near,Male,70.0
20.0,89,Medium,High,Yes,7,84,Low,Yes,1,High,High,Public,Neutral,4,No,High School,Moderate,Male,70.0
22.0,62,High,Medium,Yes,9,69,Low,Yes,1,High,Low,Private,Negative,3,No,College,Near,Male,64.0
31.0,83,Low,High,Yes,6,70,Medium,Yes,3,Low,Medium,Private,Negative,3,No,College,Near,Male,71.0
18.0,65,Medium,High,Yes,8,63,Medium,Yes,1,Medium,Medium,Public,Positive,3,No,High School,Far,Male,63.0
22.0,99,Medium,Medium,Yes,5,67,High,Yes,1,Medium,High,Private,Negative,3,No,College,Near,Male,72.0
17.0,92,High,High,No,6,93,Medium,Yes,4,Medium,Low,Private,Neutral,4,No,College,Moderate,Female,72.0
15.0,64,High,Low,Yes,7,89,Low,Yes,0,Low,Medium,Public,Negative,2,No,High School,Near,Male,61.0
16.0,65,High,Low,Yes,8,97,High,Yes,2,Low,Medium,Public,Negative,4,Yes,High School,Near,Female,63.0
17.0,84,Low,High,No,7,85,High,Yes,0,Medium,Medium,Private,Positive,2,No,College,Moderate,Male,67.0
22.0,74,High,Low,Yes,8,79,Low,Yes,3,Medium,Medium,Public,Neutral,1,No,High School,Near,Female,67.0
34.0,61,Medium,Low,No,9,63,Low,Yes,2,Medium,Medium,Public,Neutral,5,No,High School,Moderate,Female,65.0
16.0,82,Low,Medium,No,6,83,Medium,Yes,0,Medium,Medium,Public,Negative,2,No,High School,Near,Female,64.0
18.0,76,Medium,Low,No,5,95,High,Yes,2,High,High,Public,Positive,6,No,Postgraduate,Near,Female,69.0
20.0,64,Medium,High,No,6,53,High,No,4,High,Medium,Private,Neutral,4,No,College,Moderate,Female,65.0
22.0,92,High,High,No,9,72,Low,Yes,1,Low,High,Public,Neutral,4,Yes,Postgraduate,Near,Male,71.0
22.0,97,Medium,Medium,Yes,6,57,Medium,Yes,0,Medium,High,Private,Positive,2,No,High School,Near,Male,70.0
28.0,90,Low,Medium,Yes,9,91,Medium,Yes,0,Medium,Medium,Public,Positive,2,No,College,Moderate,Female,98.0
5.0,93,Medium,Medium,Yes,7,81,Medium,No,1,Low,High,Public,Neutral,2,No,College,Near,Female,65.0
6.0,69,High,Medium,Yes,10,94,Medium,No,1,Medium,Medium,Private,Neutral,4,No,Postgraduate,Near,Female,63.0
17.0,71,Medium,Medium,Yes,10,53,Low,Yes,0,Low,Low,Public,Positive,3,No,High School,Moderate,Male,61.0
27.0,68,Medium,Low,Yes,9,95,Medium,Yes,1,Low,Medium,Public,Positive,3,No,College,Moderate,Male,67.0
11.0,91,Medium,Medium,No,5,53,Medium,Yes,0,Low,Medium,Private,Neutral,2,No,Postgraduate,Near,Female,64.0
20.0,98,High,Medium,No,4,64,Medium,Yes,1,Low,High,Private,Neutral,2,No,High School,Near,Female,65.0
23.0,89,High,High,Yes,7,58,Medium,Yes,2,Medium,High,Private,Positive,3,No,Postgraduate,Moderate,Male,73.0
21.0,95,Medium,High,Yes,8,57,Low,No,1,Low,Medium,Public,Positive,3,No,High School,Near,Male,69.0
13.0,86,Medium,High,No,8,59,Medium,Yes,3,Medium,Medium,Public,Neutral,3,No,High School,Near,Male,67.0
14.0,76,High,Medium,No,6,74,Low,Yes,0,High,Medium,Private,Positive,2,Yes,College,Far,Male,63.0
14.0,77,High,High,Yes,5,89,Low,Yes,0,Medium,Medium,Private,Positive,2,No,College,Near,Male,67.0
21.0,63,Low,High,Yes,8,95,Medium,Yes,2,High,Medium,Public,Neutral,5,No,High School,Near,Male,66.0
16.0,61,Medium,High,Yes,10,78,Medium,Yes,2,Low,High,Public,Positive,2,No,College,Moderate,Female,64.0
23.0,88,High,Low,Yes,6,58,Medium,Yes,2,Low,Medium,Public,Neutral,2,No,High School,Moderate,Male,68.0
20.0,78,Medium,Medium,No,8,54,High,Yes,2,High,Medium,Public,Positive,4,No,High School,Moderate,Male,61.0
15.0,82,Medium,Medium,Yes,10,75,Medium,Yes,1,High,Medium,Public,Negative,1,No,College,Near,Female,66.0
13.0,82,Medium,Medium,Yes,7,88,Medium,Yes,0,Low,Medium,Public,Neutral,2,No,High School,Near,Female,65.0
18.0,71,Medium,High,Yes,7,81,Medium,Yes,0,Medium,Medium,Public,Negative,4,No,College,Moderate,Female,65.0
17.0,79,Medium,Medium,No,8,79,Medium,Yes,3,Medium,High,Private,Neutral,5,Yes,Postgraduate,Near,Male,67.0
25.0,79,High,Medium,Yes,7,52,Medium,Yes,1,Medium,Medium,Public,Negative,2,No,Postgraduate,Moderate,Female,68.0
9.0,76,Medium,Medium,Yes,9,71,Medium,Yes,1,Medium,High,Public,Neutral,3,No,College,Near,Male,63.0
20.0,93,High,Medium,No,6,78,Low,Yes,1,Low,Medium,Public,Positive,3,No,College,Moderate,Female,70.0
23.0,78,High,High,No,7,80,Medium,Yes,0,Low,Medium,Private,Neutral,2,No,High School,Near,Female,68.0
31.0,84,Medium,Medium,No,5,50,Medium,No,2,Low,High,Private,Positive,3,No,High School,Near,Male,69.0
17.0,96,High,Medium,Yes,7,60,Low,Yes,0,Low,Medium,Private,Neutral,2,Yes,College,Near,Male,67.0
22.0,95,Medium,Medium,No,5,97,Medium,Yes,0,Low,Low,Public,Neutral,3,No,High School,Moderate,Male,69.0
9.0,96,Medium,Low,Yes,8,75,Low,Yes,1,Low,High,Private,Positive,4,Yes,High School,Near,Female,65.0
6.0,71,Medium,High,Yes,5,85,Medium,Yes,1,Low,Medium,Public,Positive,2,No,High School,Moderate,Male,61.0
25.0,61,Medium,High,Yes,8,65,Low,Yes,3,Low,Low,Public,Neutral,3,No,College,Near,Female,65.0
20.0,70,Low,Medium,Yes,6,79,Low,Yes,4,Medium,Medium,Public,Positive,4,No,Postgraduate,Near,Male,67.0
27.0,71,Medium,High,Yes,10,68,Medium,Yes,1,Low,Medium,Public,Negative,2,No,High School,Moderate,Male,66.0
12.0,96,Medium,Medium,No,9,65,Medium,Yes,2,High,High,Private,Neutral,4,Yes,Postgraduate,Near,Female,69.0
23.0,86,Medium,Medium,Yes,8,71,High,Yes,3,Medium,Medium,Public,Neutral,4,No,College,Near,Female,71.0
31.0,63,High,High,No,5,73,Medium,Yes,1,High,Low,Public,Positive,2,No,High School,Near,Female,68.0
23.0,65,High,Medium,No,6,67,High,No,3,Medium,Medium,Private,Negative,5,No,High School,Moderate,Male,65.0
22.0,66,Medium,Medium,No,6,63,High,Yes,1,Low,Medium,Private,Neutral,5,No,Postgraduate,Far,Male,64.0
20.0,85,Medium,Low,No,6,81,Low,Yes,1,High,High,Private,Positive,3,No,College,Near,Male,68.0
11.0,89,Low,High,No,9,69,Low,Yes,1,Low,Low,Public,Neutral,3,No,High School,Near,Male,64.0
28.0,94,Medium,High,No,7,60,Low,Yes,1,Low,Medium,Public,Positive,3,No,High School,Near,Male,71.0
16.0,98,High,Medium,No,6,88,Medium,Yes,1,Low,Medium,Public,Neutral,3,No,Postgraduate,Moderate,Female,70.0
23.0,68,High,Medium,Yes,6,86,Medium,Yes,0,Medium,Medium,Public,Positive,2,No,Postgraduate,Near,Male,68.0
11.0,72,Medium,Medium,Yes,6,94,Low,Yes,2,Medium,Medium,Public,Positive,3,No,High School,Moderate,Male,63.0
13.0,70,Medium,High,Yes,8,78,Medium,Yes,0,Low,Medium,Private,Negative,3,Yes,High School,Near,Male,61.0
29.0,74,Medium,Low,No,5,64,Medium,Yes,2,Medium,Medium,Public,Neutral,1,No,College,Moderate,Male,66.0
18.0,97,Medium,High,Yes,7,93,Medium,Yes,5,High,Medium,Public,Positive,4,No,College,Near,Female,75.0
29.0,83,High,High,Yes,8,64,Medium,Yes,2,Medium,High,Public,Neutral,1,No,High School,Far,Male,71.0
20.0,90,Medium,Medium,Yes,4,83,High,Yes,1,Low,Low,Public,Positive,3,No,College,Near,Male,69.0
9.0,80,High,Low,No,5,60,Medium,Yes,2,Low,Medium,Private,Neutral,3,No,High School,Near,Male,62.0
25.0,61,Medium,Medium,No,7,81,High,Yes,0,Medium,Medium,Public,Positive,4,No,High School,Moderate,Female,65.0
16.0,63,Medium,Low,No,9,92,Medium,Yes,0,Low,Medium,Private,Positive,3,No,College,Moderate,Female,61.0
24.0,82,Medium,Medium,No,9,77,Medium,Yes,3,Medium,Medium,Public,Positive,2,No,High School,Near,Female,69.0
20.0,89,Low,Low,Yes,6,74,Low,Yes,1,Medium,Low,Private,Positive,3,No,Postgraduate,Far,Male,66.0
11.0,69,High,Medium,Yes,9,100,Low,Yes,1,Low,Medium,Public,Neutral,5,No,High School,Near,Male,64.0
21.0,89,High,Medium,Yes,7,51,Low,Yes,1,Medium,Medium,Public,Positive,4,No,High School,Near,Female,69.0
33.0,92,High,High,Yes,7,67,Low,Yes,6,High,Medium,Public,Positive,5,No,High School,Near,Female,78.0
23.0,76,Low,High,Yes,7,96,Low,Yes,2,Medium,Medium,Private,Neutral,4,No,High School,Near,Female,68.0
20.0,90,High,High,No,8,82,Medium,Yes,2,High,Medium,Private,Negative,4,Yes,High School,Moderate,Female,70.0
26.0,76,Low,Medium,Yes,6,77,Medium,Yes,1,Medium,Medium,Private,Neutral,5,No,High School,Near,Male,68.0
21.0,87,Low,Low,Yes,6,82,Medium,Yes,0,Medium,High,Public,Neutral,5,No,Postgraduate,Near,Female,68.0
21.0,91,Medium,Medium,No,5,66,Low,Yes,1,High,Medium,Public,Positive,3,No,College,Near,Female,69.0
13.0,100,Medium,Low,Yes,8,54,Medium,Yes,0,Medium,High,Public,Positive,3,No,College,Near,Female,68.0
21.0,74,High,Low,Yes,8,64,Medium,Yes,3,Low,Low,Public,Neutral,1,No,College,Far,Male,80.0
26.0,76,Medium,Medium,Yes,8,67,High,Yes,1,Low,Medium,Public,Negative,3,No,High School,Moderate,Male,67.0
15.0,67,Low,Medium,Yes,5,74,Medium,Yes,1,High,High,Public,Positive,2,No,Postgraduate,Near,Male,64.0
29.0,68,Medium,Low,No,6,70,Low,Yes,0,Medium,Medium,Public,Negative,2,No,Postgraduate,Near,Male,64.0
19.0,88,Medium,Medium,Yes,9,76,Low,Yes,1,Medium,High,Public,Positive,3,No,High School,Far,Male,68.0
15.0,97,Low,Medium,No,7,60,Low,Yes,4,Medium,Medium,Public,Negative,3,No,High School,Near,Female,67.0
26.0,76,Medium,Medium,No,7,59,Low,Yes,0,Medium,Medium,Public,Neutral,1,Yes,Postgraduate,Near,Male,65.0
18.0,67,High,High,Yes,7,68,Medium,Yes,0,Medium,Medium,Public,Positive,4,No,High School,Near,Male,66.0
25.0,71,Medium,Low,Yes,8,74,Low,Yes,4,Medium,Medium,Public,Positive,4,Yes,Postgraduate,Near,Male,67.0
18.0,78,High,Medium,No,7,67,Low,No,0,High,Medium,Public,Negative,3,No,College,Moderate,Male,64.0
20.0,72,Medium,Low,Yes,6,79,Medium,Yes,1,Low,Medium,Private,Positive,4,No,Postgraduate,Near,Female,66.0
23.0,69,Medium,Low,Yes,8,66,Low,No,1,Medium,Medium,Public,Positive,3,No,College,Far,Male,63.0
22.0,89,Medium,High,No,5,59,High,Yes,5,Medium,Medium,Private,Positive,4,Yes,High School,Near,Male,71.0
8.0,60,High,Medium,Yes,9,93,High,Yes,0,Low,High,Public,Neutral,3,No,Postgraduate,Near,Female,62.0
13.0,82,Medium,High,No,6,60,Medium,Yes,1,Low,Low,Public,Positive,4,No,College,Far,Female,64.0
26.0,92,Low,Medium,Yes,8,98,Medium,Yes,2,Medium,Medium,Public,Neutral,3,No,Postgraduate,Moderate,Male,72.0
19.0,71,High,Medium,Yes,7,99,Low,Yes,0,Low,High,Public,Negative,4,No,High School,Moderate,Female,65.0
17.0,84,Low,High,No,6,85,Medium,Yes,1,Medium,Low,Public,Positive,2,No,College,Near,Female,67.0
12.0,87,High,High,Yes,9,75,Medium,No,1,Low,Medium,Private,Neutral,3,Yes,College,Moderate,Female,65.0
14.0,86,Low,Low,Yes,8,90,Low,Yes,0,Low,Medium,Private,Neutral,1,No,High School,Near,Male,63.0
8.0,78,High,High,No,7,94,Low,Yes,1,High,High,Public,Neutral,3,Yes,High School,Near,Female,65.0
19.0,74,Medium,Medium,Yes,10,85,Medium,Yes,1,Low,Medium,Public,Positive,5,No,Postgraduate,Moderate,Male,67.0
16.0,93,Medium,Medium,Yes,8,55,Low,Yes,0,High,Medium,Public,Neutral,4,No,High School,Moderate,Male,67.0
14.0,90,Low,Medium,Yes,6,50,Medium,Yes,0,Medium,High,Private,Positive,3,No,College,Moderate,Male,65.0
20.0,73,Medium,High,Yes,4,60,Medium,Yes,1,Low,Medium,Private,Positive,3,Yes,High School,Moderate,Male,64.0
22.0,64,High,Low,No,7,59,High,Yes,0,Medium,High,Private,Positive,5,Yes,High School,Near,Female,64.0
33.0,63,High,High,Yes,9,59,Medium,Yes,1,Medium,Medium,Public,Positive,4,No,High School,Near,Male,69.0
11.0,64,Medium,Medium,No,8,75,Low,Yes,1,High,Medium,Private,Positive,3,No,High School,Moderate,Male,60.0
27.0,83,Medium,Medium,Yes,9,76,Medium,Yes,1,Low,High,Public,Positive,4,No,High School,Near,Male,70.0
26.0,62,Low,High,No,6,86,Medium,Yes,2,Medium,Medium,Public,Positive,3,No,High School,Near,Male,66.0
15.0,73,Medium,Medium,Yes,7,60,High,Yes,3,Medium,Medium,Public,Neutral,4,No,College,Near,Female,66.0
21.0,90,Medium,Low,No,7,55,Medium,Yes,2,Medium,Medium,Public,Neutral,2,No,College,Near,Female,68.0
17.0,72,Low,Medium,No,7,83,Low,Yes,3,Medium,High,Public,Negative,3,Yes,High School,Far,Female,62.0
21.0,91,Medium,High,Yes,8,74,Low,Yes,0,Medium,Medium,Public,Negative,2,No,Postgraduate,Near,Female,70.0
29.0,90,Medium,Medium,Yes,9,83,Medium,Yes,0,Medium,High,Private,Positive,3,No,High School,Near,Female,72.0
24.0,70,Low,Low,Yes,10,69,High,Yes,1,High,Medium,Public,Negative,2,No,High School,Moderate,Female,64.0
23.0,89,Low,Medium,No,9,88,High,Yes,1,High,Medium,Public,Neutral,5,No,Postgraduate,Near,Male,71.0
17.0,90,Medium,High,No,8,84,Medium,Yes,1,Low,Low,Public,Negative,4,No,High School,Far,Female,67.0
11.0,76,Low,Medium,No,6,83,High,Yes,3,Medium,Medium,Public,Positive,1,No,High School,Near,Female,64.0
19.0,68,High,High,No,7,51,Medium,No,1,High,Medium,Public,Positive,1,No,High School,Moderate,Female,64.0
27.0,81,Medium,High,Yes,8,93,Medium,Yes,0,High,High,Public,Neutral,3,No,College,Near,Female,72.0
11.0,97,Low,Low,Yes,7,69,Medium,Yes,3,Low,Medium,Public,Positive,2,No,High School,Near,Female,66.0
14.0,86,High,Medium,No,6,57,Medium,Yes,3,High,High,Private,Neutral,2,No,College,Near,Female,68.0
21.0,67,Medium,Medium,Yes,6,88,Medium,Yes,1,Low,Medium,Private,Positive,5,No,Postgraduate,Near,Female,95.0
14.0,87,Medium,Low,Yes,8,74,Medium,Yes,0,Medium,High,Public,Neutral,3,Yes,College,Moderate,Male,64.0
15.0,77,Medium,Medium,Yes,7,52,Medium,Yes,1,Medium,Medium,Public,Neutral,2,No,College,Near,Male,64.0
17.0,84,Low,High,Yes,7,89,Medium,Yes,2,High,Medium,Public,Positive,2,No,High School,Moderate,Male,68.0
12.0,89,Medium,Low,Yes,7,72,Medium,Yes,1,High,High,Public,Neutral,5,No,College,Near,Male,67.0
14.0,81,Medium,Medium,No,6,88,Medium,Yes,1,High,Medium,Public,Positive,3,No,Postgraduate,Moderate,Female,67.0
24.0,93,High,Medium,Yes,7,88,Low,Yes,1,Medium,High,Public,Negative,3,No,High School,Moderate,Female,71.0
12.0,89,Medium,Low,Yes,6,55,Low,Yes,1,Low,High,Public,Negative,3,No,High School,Near,Female,63.0
10.0,85,Medium,Medium,Yes,6,81,Medium,Yes,3,Low,Medium,Public,Neutral,3,No,High School,Near,Female,66.0
16.0,66,High,High,No,5,68,High,No,2,Low,Medium,Public,Positive,5,No,Postgraduate,Moderate,Male,65.0
24.0,93,Medium,Low,Yes,7,77,Medium,Yes,0,Low,Medium,Private,Negative,3,No,High School,Near,Female,68.0
19.0,97,Medium,Low,Yes,8,54,Medium,Yes,0,High,Medium,Public,Neutral,2,No,High School,Near,Male,68.0
17.0,65,Medium,High,No,9,79,Medium,Yes,0,Medium,Medium,Public,Positive,2,Yes,High School,Moderate,Male,62.0
20.0,80,Low,Medium,Yes,5,89,Medium,Yes,0,High,High,Public,Neutral,3,No,Postgraduate,Far,Male,67.0
10.0,70,High,High,Yes,9,99,Medium,Yes,1,Medium,Medium,Public,Neutral,4,No,High School,Moderate,Female,65.0
23.0,90,High,Medium,Yes,7,66,Low,Yes,2,High,High,Public,Neutral,3,No,High School,Near,Female,71.0
22.0,89,Medium,High,Yes,5,58,Medium,Yes,4,High,High,Public,Neutral,2,Yes,College,Near,Female,71.0
18.0,66,High,Medium,Yes,6,68,Low,No,1,Medium,High,Public,Positive,3,Yes,High School,Far,Male,61.0
26.0,95,Medium,Medium,No,4,51,Medium,Yes,1,Low,Medium,Public,Positive,2,No,High School,Near,Male,70.0
13.0,67,Medium,Low,Yes,5,70,Medium,Yes,0,Low,High,Private,Negative,2,No,High School,Near,Male,60.0
27.0,92,Low,Medium,No,10,96,Medium,Yes,0,Low,Medium,Public,Neutral,2,No,Postgraduate,Far,Male,70.0
21.0,78,Medium,High,No,6,60,High,Yes,1,Low,High,Private,Neutral,2,No,College,Near,Female,67.0
18.0,73,Medium,Medium,Yes,8,74,Low,No,3,Medium,High,Private,Neutral,2,No,Postgraduate,Near,Male,66.0
20.0,66,Low,Low,Yes,7,79,Medium,Yes,2,Medium,Medium,Private,Positive,2,No,High School,Moderate,Female,63.0
19.0,67,Medium,Medium,No,7,59,Low,Yes,3,Low,High,Private,Positive,3,No,Postgraduate,Near,Female,65.0
27.0,86,High,Medium,Yes,8,67,High,Yes,5,High,High,Public,Positive,2,Yes,Postgraduate,Near,Female,75.0
14.0,82,High,Medium,No,4,96,Low,Yes,2,High,Medium,Private,Negative,4,Yes,High School,Near,Male,66.0
15.0,65,Medium,Medium,No,9,65,Medium,Yes,1,Low,Medium,Public,Neutral,2,No,College,Near,Female,61.0
26.0,65,Medium,Medium,Yes,7,82,Low,Yes,1,Low,Medium,Public,Positive,1,No,Postgraduate,Far,Male,65.0
16.0,63,Low,Medium,Yes,6,57,Medium,Yes,2,Low,Low,Public,Neutral,3,No,Postgraduate,Near,Male,61.0
25.0,90,High,High,Yes,8,83,Medium,Yes,2,Medium,Medium,Public,Negative,3,No,College,Near,Male,73.0
30.0,88,High,Medium,Yes,6,64,Medium,Yes,1,High,Medium,Public,Neutral,2,No,College,Near,Female,73.0
18.0,62,Medium,Medium,Yes,7,62,Medium,Yes,1,Medium,Medium,Public,Positive,5,No,College,Moderate,Male,63.0
24.0,82,Low,Medium,No,7,56,Medium,Yes,1,Medium,Medium,Public,Positive,3,No,Postgraduate,Moderate,Male,67.0
13.0,63,Medium,High,Yes,8,52,Medium,Yes,2,Low,Medium,Public,Positive,4,No,High School,Near,Male,62.0
25.0,96,Low,Low,No,7,98,Medium,Yes,1,Medium,Medium,Private,Neutral,3,No,College,Near,Male,71.0
21.0,96,Medium,Medium,Yes,5,71,Medium,Yes,2,Low,High,Public,Negative,4,No,High School,Moderate,Male,70.0
23.0,88,Medium,Medium,No,8,89,Medium,Yes,0,Medium,High,Private,Positive,5,No,High School,Near,Female,70.0
16.0,97,Medium,Medium,No,7,96,Low,No,4,Low,High,Private,Neutral,2,No,High School,Near,Female,69.0
10.0,92,Medium,Medium,No,4,60,High,Yes,3,Low,Low,Public,Positive,2,No,College,Near,Female,66.0
23.0,93,Low,High,Yes,7,93,High,Yes,1,Medium,High,Public,Negative,3,No,High School,Near,Female,72.0
8.0,83,High,Low,Yes,6,85,Low,Yes,1,Low,High,Public,Neutral,3,No,High School,Far,Female,63.0
18.0,72,Low,Medium,Yes,8,79,Medium,Yes,1,Medium,High,Public,Positive,4,No,High School,Moderate,Male,65.0
26.0,69,High,High,Yes,6,90,Medium,Yes,3,Medium,Medium,Public,Positive,3,No,College,Moderate,Female,71.0
21.0,73,Medium,Medium,No,5,56,Medium,Yes,5,High,Medium,Private,Neutral,3,No,High School,Moderate,Male,66.0
32.0,85,Medium,Low,Yes,9,63,Low,No,2,High,Medium,Public,Neutral,3,No,High School,Moderate,Male,69.0
26.0,67,Low,Medium,No,8,57,Medium,Yes,0,Medium,Medium,Public,Negative,4,No,College,Far,Female,62.0
16.0,70,High,High,No,7,95,High,No,1,Medium,Medium,Public,Neutral,3,No,High School,Near,Female,66.0
20.0,79,Medium,Low,Yes,8,55,Low,Yes,3,Low,Medium,Private,Positive,4,No,High School,Near,Female,66.0
20.0,69,Medium,Low,Yes,8,99,High,Yes,1,Medium,High,Public,Negative,3,Yes,High School,Moderate,Female,64.0
11.0,84,Low,Medium,Yes,7,55,High,Yes,0,Medium,High,Public,Negative,3,No,High School,Near,Male,63.0
14.0,97,Medium,Medium,Yes,5,83,Medium,Yes,0,Low,Medium,Public,Positive,2,No,High School,Near,Female,68.0
17.0,90,Medium,Medium,No,7,83,Low,Yes,5,Medium,High,Public,Negative,3,Yes,High School,Near,Male,68.0
8.0,87,High,High,No,9,97,Low,Yes,2,Low,Medium,Public,Positive,3,No,High School,Near,Male,67.0
20.0,83,High,Low,Yes,8,66,Medium,Yes,1,High,Medium,Private,Neutral,3,Yes,College,Near,Female,67.0
19.0,80,High,High,Yes,7,67,Medium,Yes,2,Low,High,Public,Neutral,2,Yes,Postgraduate,Near,Female,68.0
10.0,67,High,Medium,Yes,8,92,Medium,Yes,1,Medium,High,Public,Negative,4,No,Postgraduate,Near,Male,65.0
22.0,96,Low,High,Yes,7,99,High,Yes,4,Low,Medium,Public,Positive,4,No,College,Moderate,Male,74.0
24.0,70,Medium,High,Yes,9,52,High,Yes,1,Low,Medium,Public,Positive,2,No,Postgraduate,Moderate,Male,85.0
21.0,64,Medium,Medium,No,9,82,Medium,Yes,2,Low,Medium,Public,Neutral,3,No,College,Moderate,Male,64.0
18.0,90,Low,Medium,Yes,5,62,High,Yes,3,Medium,Medium,Private,Neutral,2,No,High School,Moderate,Female,67.0
24.0,67,High,High,Yes,9,86,Medium,Yes,2,Medium,Medium,Public,Negative,2,No,College,Near,Female,68.0
24.0,75,Low,Medium,Yes,10,89,Low,Yes,0,Medium,High,Private,Positive,3,No,College,Near,Female,67.0
22.0,61,High,Medium,No,8,88,Low,Yes,1,Medium,High,Public,Neutral,4,No,High School,Near,Female,65.0
15.0,65,High,High,Yes,8,72,Low,Yes,2,Low,Medium,Private,Neutral,2,Yes,Postgraduate,Far,Male,63.0
22.0,67,Medium,Medium,Yes,6,58,Medium,Yes,1,Low,Medium,Public,Neutral,2,No,Postgraduate,Near,Male,64.0
27.0,62,Low,Low,Yes,6,79,Medium,Yes,0,Low,Medium,Private,Negative,3,No,College,Moderate,Male,62.0
16.0,86,Low,High,Yes,7,89,Low,Yes,1,Medium,Low,Public,Positive,2,No,Postgraduate,Near,Female,68.0
33.0,93,Medium,Medium,Yes,6,96,High,Yes,0,Low,Medium,Private,Positive,4,No,Postgraduate,Far,Female,75.0
17.0,75,Medium,Low,No,5,73,High,Yes,0,Low,Medium,Private,Neutral,4,No,High School,Near,Female,63.0
20.0,95,Medium,Low,Yes,7,62,Low,Yes,2,Low,Medium,Public,Neutral,4,No,College,Moderate,Male,68.0
16.0,69,Medium,Medium,No,8,56,Low,Yes,2,Medium,Medium,Private,Neutral,3,No,Postgraduate,Near,Male,63.0
21.0,73,High,High,No,5,90,Medium,Yes,0,Medium,Medium,Public,Neutral,2,No,College,Near,Female,68.0
10.0,66,Medium,High,No,7,77,Medium,Yes,0,Medium,High,Public,Positive,2,No,High School,Near,Male,62.0
17.0,85,Low,Medium,Yes,7,84,Medium,Yes,3,Medium,Medium,Public,Positive,2,No,College,Far,Female,67.0
13.0,77,High,High,No,7,58,Medium,Yes,2,Low,Medium,Public,Positive,3,No,High School,Near,Male,66.0
21.0,85,Medium,Medium,No,8,50,Low,Yes,1,Medium,High,Private,Neutral,2,No,High School,Far,Male,65.0
26.0,90,Medium,Medium,Yes,8,98,Medium,Yes,0,Low,Low,Private,Negative,3,Yes,Postgraduate,Moderate,Female,69.0
24.0,82,High,Medium,No,6,91,Medium,Yes,2,High,Medium,Public,Positive,1,No,High School,Near,Male,70.0
6.0,85,High,Medium,Yes,9,70,High,Yes,0,Low,Medium,Public,Positive,3,Yes,Postgraduate,Near,Female,64.0
32.0,97,High,Medium,Yes,8,73,Medium,Yes,0,High,Medium,Public,Negative,3,No,College,Near,Female,75.0
22.0,72,Low,Low,Yes,9,96,High,Yes,1,Low,Medium,Private,Positive,3,No,College,Near,Male,66.0
15.0,74,Medium,Low,No,7,60,Low,Yes,2,Medium,Medium,Public,Positive,3,No,High School,Far,Female,62.0
21.0,89,Low,Medium,No,7,90,Low,Yes,4,High,Medium,Public,Neutral,5,No,Postgraduate,Far,Male,70.0
21.0,84,High,High,No,7,51,Medium,Yes,0,Medium,Medium,Public,Positive,3,No,High School,Moderate,Male,68.0
16.0,67,Medium,High,Yes,9,94,High,Yes,1,Medium,Medium,Private,Neutral,2,No,Postgraduate,Near,Female,66.0
21.0,75,Low,High,Yes,7,79,Medium,Yes,0,Low,Medium,Public,Neutral,2,No,High School,Near,Male,65.0
16.0,79,High,Medium,Yes,7,74,High,Yes,3,Medium,Medium,Private,Positive,2,No,Postgraduate,Far,Male,68.0
18.0,77,High,Medium,No,10,85,Low,Yes,2,Medium,Medium,Public,Positive,3,No,Postgraduate,Near,Female,68.0
16.0,67,Medium,Medium,Yes,5,53,Low,Yes,2,Medium,Medium,Private,Positive,3,No,High School,Moderate,Male,62.0
11.0,97,Low,Medium,Yes,8,60,Low,Yes,2,Low,Medium,Public,Positive,3,No,College,Near,Female,66.0
21.0,90,Medium,Low,No,7,70,Medium,Yes,2,Low,Medium,Public,Negative,2,No,Postgraduate,Near,Female,68.0
24.0,79,High,Medium,No,7,81,High,Yes,0,High,Medium,Public,Positive,2,No,High School,Moderate,Male,69.0
23.0,87,Medium,Low,No,6,57,Medium,Yes,2,High,Medium,Public,Positive,3,Yes,High School,Near,Male,67.0
25.0,96,Low,High,Yes,6,69,Low,Yes,3,High,Medium,Public,Positive,2,No,Postgraduate,Near,Male,74.0
22.0,65,Low,Medium,No,6,63,Medium,No,2,Medium,Medium,Public,Neutral,3,No,High School,Far,Male,61.0
17.0,70,High,Medium,No,8,82,Low,Yes,2,High,High,Public,Negative,2,Yes,High School,Moderate,Female,64.0
25.0,82,Medium,Medium,No,8,96,Medium,Yes,1,Low,Medium,Private,Positive,2,No,High School,Moderate,Female,69.0
12.0,92,High,Medium,No,4,58,Low,Yes,2,Medium,Medium,Public,Positive,2,Yes,College,Moderate,Male,66.0
15.0,61,Medium,Medium,No,5,59,High,Yes,0,Low,High,Public,Neutral,4,No,High School,Near,Female,61.0
14.0,99,Medium,Medium,Yes,8,80,High,Yes,3,Medium,Low,Private,Neutral,4,No,College,Near,Female,71.0
26.0,78,High,High,Yes,8,73,Medium,No,2,Low,Medium,Private,Positive,4,No,College,Near,Female,71.0
26.0,74,Medium,Medium,No,5,86,Low,Yes,2,Low,High,Public,Positive,4,No,College,Near,Female,69.0
23.0,72,Medium,Medium,Yes,8,64,Low,Yes,1,Low,Medium,Public,Neutral,4,No,Postgraduate,Near,Female,66.0
26.0,67,Low,Medium,Yes,7,77,Low,Yes,2,Low,High,Private,Neutral,3,Yes,High School,Moderate,Male,64.0
15.0,92,Low,Medium,No,8,69,Medium,Yes,1,High,Medium,Private,Neutral,4,No,Postgraduate,Near,Male,68.0
22.0,98,High,Medium,Yes,6,64,Low,Yes,0,Medium,High,Public,Positive,3,No,High School,Moderate,Female,71.0
19.0,77,High,Medium,Yes,5,86,High,Yes,0,Medium,Low,Public,Negative,4,Yes,High School,Near,Male,66.0
25.0,98,Medium,Medium,Yes,7,90,High,Yes,1,High,Low,Public,Neutral,4,No,Postgraduate,Near,Male,94.0
19.0,93,Low,High,Yes,7,66,Low,Yes,1,Medium,Medium,Private,Neutral,3,No,High School,Near,Female,68.0
18.0,79,Medium,Medium,No,7,81,Medium,No,1,Medium,High,Private,Positive,4,No,College,Moderate,Female,66.0
23.0,87,High,Low,No,6,59,Medium,Yes,4,Medium,High,Public,Neutral,2,No,High School,Near,Male,70.0
25.0,77,Medium,Medium,No,10,90,Medium,Yes,1,Low,Medium,Public,Neutral,3,No,High School,Near,Male,68.0
16.0,82,High,Low,No,4,64,Low,Yes,1,Medium,Medium,Private,Neutral,2,No,Postgraduate,Moderate,Male,65.0
20.0,62,Medium,Medium,Yes,6,59,Low,Yes,3,Medium,Medium,Public,Positive,4,No,High School,Near,Male,64.0
14.0,88,High,Medium,Yes,6,97,Medium,Yes,0,Low,Medium,Public,Positive,3,No,College,Near,Male,69.0
5.0,62,High,High,No,7,71,Low,Yes,1,Low,Medium,Private,Positive,4,No,College,Far,Male,59.0
21.0,93,Low,Medium,No,8,82,Medium,Yes,2,Medium,High,Private,Neutral,4,No,College,Near,Male,70.0
24.0,93,High,Low,Yes,8,90,High,Yes,0,High,Medium,Private,Negative,2,No,College,Near,Male,72.0
22.0,69,Low,Medium,No,9,84,Medium,Yes,0,Medium,Medium,Public,Neutral,3,No,College,Moderate,Male,64.0
8.0,73,Medium,High,No,8,78,High,Yes,0,Medium,High,Private,Negative,3,No,High School,Near,Male,63.0
18.0,79,Medium,Medium,Yes,4,69,Medium,Yes,2,High,Low,Private,Positive,3,No,College,Near,Male,67.0
7.0,84,Medium,Medium,Yes,5,96,Medium,No,1,Low,Low,Public,Positive,3,Yes,High School,Near,Male,62.0
28.0,71,Medium,Medium,Yes,9,57,High,Yes,1,Low,High,Public,Neutral,4,No,Postgraduate,Near,Female,69.0
13.0,84,Medium,Medium,Yes,9,94,Medium,Yes,3,Medium,Medium,Public,Negative,2,Yes,High School,Near,Male,66.0
28.0,72,Low,Low,No,8,85,High,Yes,4,Low,Medium,Private,Negative,2,No,High School,Near,Female,66.0
26.0,62,Low,Medium,No,6,79,Medium,Yes,1,Low,Medium,Public,Positive,3,Yes,College,Near,Female,63.0
15.0,60,Medium,Medium,No,7,66,High,Yes,2,High,Medium,Public,Neutral,4,No,High School,Near,Male,62.0
13.0,64,Medium,High,No,6,57,Low,Yes,1,Low,Low,Public,Neutral,3,Yes,High School,Moderate,Female,58.0
22.0,92,Medium,Low,No,5,72,Low,Yes,0,Medium,Medium,Private,Negative,4,No,College,Moderate,Male,67.0
15.0,98,Medium,Medium,Yes,7,89,Low,No,2,Low,Low,Public,Neutral,3,No,College,Moderate,Male,68.0
21.0,77,High,Medium,No,10,87,Low,Yes,1,Low,Medium,Public,Neutral,3,No,College,Near,Male,67.0
17.0,81,Medium,Medium,No,6,82,Medium,Yes,3,Low,Medium,Private,Neutral,4,No,College,Near,Male,67.0
9.0,66,Low,Medium,No,9,100,Low,Yes,3,Medium,Medium,Public,Neutral,3,No,College,Near,Male,62.0
7.0,82,Medium,High,Yes,6,99,Medium,Yes,2,Medium,High,Public,Negative,2,No,Postgraduate,Moderate,Male,66.0
21.0,66,Medium,Medium,Yes,5,70,Medium,Yes,1,Low,High,Private,Positive,5,No,High School,Near,Female,65.0
17.0,84,Medium,High,Yes,8,60,Medium,Yes,0,Low,Low,Private,Positive,5,No,College,Near,Female,67.0
17.0,97,Medium,Low,No,7,73,High,No,1,Medium,High,Private,Neutral,4,No,College,Near,Male,69.0
24.0,68,Medium,High,Yes,9,92,Low,Yes,1,Low,High,Public,Positive,2,No,High School,Near,Male,67.0
27.0,91,Low,Medium,Yes,9,73,Low,Yes,0,Low,Medium,Private,Neutral,3,No,College,Near,Male,69.0
18.0,61,Medium,Low,No,7,67,Low,Yes,2,High,Medium,Public,Positive,4,No,High School,Near,Male,62.0
18.0,75,Medium,Medium,Yes,9,87,Low,Yes,3,Low,Medium,Public,Negative,3,No,Postgraduate,Near,Female,67.0
23.0,64,Medium,Low,Yes,6,83,Medium,Yes,0,Medium,Medium,Public,Neutral,3,No,High School,Moderate,Male,63.0
12.0,74,Medium,Medium,No,6,98,High,Yes,2,Low,Medium,Public,Neutral,3,No,College,Near,Male,65.0
21.0,67,Medium,Medium,Yes,9,77,Medium,Yes,3,High,Low,Public,Neutral,3,No,College,Moderate,Female,66.0
23.0,75,Medium,High,Yes,5,98,Medium,Yes,3,Medium,High,Public,Positive,1,No,College,Near,Female,71.0
24.0,77,Low,High,Yes,7,65,High,Yes,1,Medium,High,Private,Positive,4,No,Postgraduate,Near,Male,70.0
8.0,72,High,High,Yes,9,93,High,Yes,4,Medium,Medium,Public,Positive,4,No,High School,Near,Male,68.0
15.0,86,High,Medium,Yes,9,68,High,Yes,0,Medium,Low,Public,Neutral,3,No,High School,Near,Male,67.0
15.0,97,Medium,High,No,6,90,High,Yes,2,High,High,Private,Neutral,0,No,High School,Near,Male,71.0
21.0,76,Low,Medium,Yes,9,96,Medium,Yes,1,Low,Low,Public,Negative,5,No,High School,Near,Male,65.0
23.0,68,Low,Medium,Yes,5,81,Low,Yes,1,Low,Low,Public,Neutral,2,No,Postgraduate,Near,Male,64.0
29.0,71,Medium,Medium,Yes,6,86,Medium,Yes,1,Low,Medium,Public,Positive,2,No,College,Near,Female,69.0
17.0,94,Medium,Low,Yes,7,98,Low,Yes,1,Medium,High,Public,Negative,2,No,High School,Near,Male,68.0
17.0,83,Medium,Low,Yes,8,69,Low,Yes,4,Low,High,Public,Neutral,3,No,College,Near,Male,67.0
27.0,78,Medium,Medium,Yes,5,76,High,Yes,1,Medium,Medium,Private,Positive,4,No,Postgraduate,Near,Male,71.0
22.0,66,Medium,Low,Yes,10,95,Medium,Yes,1,Medium,Medium,Private,Negative,3,No,High School,Near,Male,64.0
28.0,78,Medium,High,Yes,4,84,Medium,Yes,2,Low,Low,Public,Negative,3,No,College,Far,Female,69.0
22.0,71,Medium,High,Yes,7,94,Medium,Yes,1,Medium,Medium,Public,Neutral,4,No,High School,Near,Male,68.0
13.0,98,High,Low,Yes,7,81,Medium,Yes,1,Medium,Low,Private,Negative,3,No,Postgraduate,Near,Male,69.0
12.0,95,Medium,Medium,No,4,87,Medium,Yes,0,Low,Medium,Public,Positive,3,No,High School,Moderate,Male,67.0
11.0,63,Medium,High,Yes,9,51,High,Yes,0,Low,Low,Public,Negative,3,Yes,College,Moderate,Male,58.0
24.0,81,Low,Medium,Yes,6,67,High,Yes,0,Medium,High,Public,Negative,2,No,High School,Far,Male,66.0
27.0,69,Medium,High,Yes,7,89,Low,Yes,2,High,High,Private,Neutral,1,No,High School,Moderate,Male,69.0
31.0,76,Medium,High,Yes,7,70,Low,Yes,3,Low,Medium,Public,Neutral,3,No,College,Moderate,Male,70.0
25.0,95,Medium,Low,Yes,5,68,Medium,Yes,1,Medium,High,Public,Positive,3,No,High School,Far,Male,70.0
27.0,81,Medium,Low,Yes,5,98,Medium,Yes,0,High,Medium,Public,Positive,3,No,High School,Near,Male,70.0
17.0,73,High,High,No,9,78,Medium,Yes,0,Low,High,Public,Negative,3,No,Postgraduate,Moderate,Female,66.0
13.0,68,Low,High,No,7,60,Medium,Yes,1,Medium,Low,Private,Positive,3,No,College,Moderate,Female,61.0
25.0,92,Medium,Medium,Yes,4,74,Medium,Yes,3,Low,High,Public,Positive,2,Yes,High School,Moderate,Female,71.0
23.0,85,High,Low,Yes,7,76,High,Yes,2,Low,Medium,Public,Neutral,3,No,College,Near,Female,69.0
21.0,79,Medium,Medium,Yes,7,99,Medium,Yes,2,Low,Medium,Public,Positive,2,No,Postgraduate,Near,Male,69.0
22.0,69,High,Medium,No,7,86,Low,Yes,0,Medium,Medium,Public,Neutral,1,No,High School,Near,Female,65.0
22.0,73,High,High,Yes,4,76,High,Yes,3,Medium,Medium,Public,Negative,4,No,College,Far,Male,69.0
28.0,98,Medium,High,Yes,7,72,Medium,Yes,1,Low,High,Private,Positive,2,No,College,Near,Male,74.0
28.0,81,Medium,Medium,Yes,6,96,High,Yes,2,Low,Medium,Private,Positive,5,No,High School,Moderate,Male,71.0
23.0,76,High,Medium,No,7,82,High,Yes,0,Medium,High,Private,Neutral,1,No,College,Near,Male,68.0
25.0,81,High,High,Yes,8,68,Low,Yes,0,Low,High,Public,Neutral,3,No,College,Moderate,Female,69.0
23.0,91,Low,Medium,Yes,8,73,Medium,No,3,Medium,Medium,Public,Negative,5,No,High School,Far,Male,68.0
17.0,74,Medium,Low,No,9,64,Medium,Yes,2,Medium,Medium,Public,Neutral,3,No,High School,Near,Male,63.0
25.0,67,Medium,Medium,Yes,10,98,High,Yes,0,High,Medium,Public,Positive,2,No,High School,Near,Male,68.0
12.0,83,High,Medium,Yes,5,85,Medium,Yes,2,Low,High,Private,Negative,2,No,College,Near,Male,67.0
26.0,87,Medium,High,No,6,70,Low,Yes,3,Medium,Medium,Public,Neutral,3,No,College,Moderate,Male,71.0
13.0,89,High,High,No,8,59,Low,Yes,0,Low,High,Public,Neutral,2,No,Postgraduate,Moderate,Male,66.0
22.0,95,High,Medium,No,7,59,Medium,Yes,2,Low,Medium,Public,Negative,3,Yes,High School,Near,Male,69.0
15.0,75,High,Medium,Yes,4,74,Medium,Yes,3,Medium,High,Public,Positive,4,No,College,Near,Female,68.0
23.0,63,Medium,Medium,No,7,73,Low,Yes,1,Low,Medium,Public,Neutral,3,No,College,Moderate,Male,63.0
20.0,98,Medium,Medium,No,9,71,Medium,Yes,0,Low,Medium,Public,Negative,4,No,College,Moderate,Male,69.0
10.0,77,Low,High,Yes,5,93,Medium,Yes,3,Low,Medium,Public,Positive,3,No,College,Near,Female,66.0
23.0,85,Medium,Medium,Yes,7,99,High,Yes,1,Low,High,Public,Neutral,5,No,College,Near,Female,71.0
17.0,87,Medium,High,No,4,68,Medium,Yes,2,Low,Low,Public,Positive,4,No,Postgraduate,Moderate,Male,68.0
25.0,82,Medium,Medium,Yes,8,65,Medium,Yes,0,High,Medium,Private,Neutral,4,No,High School,Near,Male,69.0
20.0,68,Medium,Medium,Yes,7,89,Medium,Yes,0,Medium,High,Private,Positive,3,No,High School,Far,Female,65.0
22.0,90,Medium,Low,Yes,6,72,Medium,Yes,0,Low,Medium,Public,Neutral,4,No,College,Near,Male,68.0
14.0,92,High,Medium,Yes,6,61,High,Yes,0,Low,Medium,Private,Neutral,2,No,College,Moderate,Male,67.0
16.0,82,Medium,Medium,No,5,59,Medium,Yes,1,Medium,Medium,Public,Positive,3,No,High School,Near,Male,65.0
17.0,80,Low,Medium,Yes,9,64,Medium,Yes,1,Low,Medium,Private,Positive,4,No,Postgraduate,Far,Female,65.0
25.0,65,Medium,Low,Yes,6,50,Medium,Yes,2,Low,Medium,Public,Positive,2,No,College,Near,Female,64.0
30.0,63,High,High,No,8,97,Medium,Yes,1,Low,High,Public,Neutral,3,No,High School,Near,Female,69.0
15.0,74,High,Low,No,6,72,Low,Yes,2,Low,Medium,Public,Positive,3,No,High School,Near,Male,64.0
26.0,72,Medium,Medium,No,10,54,Medium,No,2,High,High,Public,Neutral,2,No,College,Moderate,Male,66.0
7.0,98,Medium,Low,Yes,9,58,Medium,Yes,2,Medium,Medium,Private,Neutral,5,Yes,College,Near,Male,65.0
13.0,91,High,Medium,Yes,10,66,Medium,Yes,2,Medium,Medium,Public,Positive,4,No,High School,Near,Female,69.0
14.0,86,Low,Medium,Yes,10,78,Medium,Yes,3,Medium,High,Private,Negative,4,Yes,High School,Near,Female,66.0
12.0,81,Medium,Medium,Yes,6,85,High,Yes,0,Low,Medium,Private,Positive,2,Yes,High School,Near,Male,64.0
10.0,67,Medium,Medium,Yes,6,65,Medium,Yes,1,Medium,High,Public,Negative,4,No,High School,Near,Female,61.0
22.0,99,Medium,Medium,No,10,98,Low,Yes,1,Medium,Medium,Private,Neutral,1,No,College,Near,Male,72.0
19.0,75,Medium,Medium,Yes,7,88,Low,Yes,1,Medium,Medium,Private,Positive,3,No,Postgraduate,Moderate,Male,67.0
22.0,64,Low,Medium,Yes,8,91,Low,Yes,0,Low,Medium,Public,Neutral,4,No,College,Moderate,Female,63.0
24.0,80,Medium,High,No,6,66,High,Yes,1,Medium,Medium,Public,Neutral,3,No,College,Moderate,Male,69.0
22.0,95,Low,High,Yes,6,69,High,Yes,3,Medium,Medium,Public,Neutral,2,Yes,Postgraduate,Far,Male,70.0
24.0,95,Medium,High,Yes,8,77,Low,Yes,1,Low,Medium,Public,Positive,3,Yes,High School,Near,Male,71.0
20.0,60,Medium,Low,Yes,4,73,Medium,Yes,0,Low,Low,Public,Neutral,1,No,Postgraduate,Moderate,Female,60.0
13.0,95,Medium,High,Yes,8,63,Medium,Yes,3,Medium,Medium,Private,Neutral,2,No,Postgraduate,Near,Female,70.0
26.0,71,Low,High,No,8,100,Low,Yes,1,Low,High,Private,Positive,4,No,College,Near,Female,69.0
16.0,62,Medium,High,No,6,92,Medium,No,0,Medium,Medium,Private,Positive,4,No,High School,Near,Female,63.0
14.0,94,Medium,Medium,Yes,7,62,High,Yes,2,Medium,High,Private,Negative,1,No,Postgraduate,Near,Male,69.0
19.0,95,Medium,Medium,Yes,7,95,High,Yes,0,Medium,High,Private,Negative,2,No,College,Near,Male,71.0
15.0,84,Medium,High,Yes,7,79,Medium,Yes,1,Medium,High,Public,Neutral,4,No,High School,Near,Female,68.0
17.0,83,Medium,High,No,8,51,Low,Yes,0,Low,Medium,Public,Negative,4,No,High School,Moderate,Male,64.0
22.0,93,Low,Medium,No,6,67,Medium,Yes,0,Medium,Medium,Public,Neutral,3,No,College,Near,Female,68.0
22.0,91,Low,Medium,Yes,10,51,High,Yes,2,High,Medium,Public,Neutral,3,No,High School,Near,Female,69.0
15.0,96,Medium,Low,No,7,54,Low,Yes,0,Low,Medium,Public,Neutral,3,No,College,Near,Female,65.0
17.0,82,Medium,Medium,Yes,7,59,Medium,Yes,3,Medium,Medium,Public,Positive,4,No,College,Near,Male,68.0
26.0,99,Medium,High,Yes,10,74,Medium,Yes,1,Medium,Medium,Private,Neutral,2,No,College,Near,Male,74.0
23.0,100,High,Low,Yes,4,69,Low,Yes,0,Low,High,Public,Positive,4,No,Postgraduate,Near,Female,72.0
32.0,65,High,Medium,No,10,57,Medium,Yes,1,High,Medium,Private,Negative,2,No,High School,Near,Female,67.0
27.0,94,High,High,Yes,7,70,Low,Yes,1,Medium,High,Public,Neutral,2,No,High School,Moderate,Female,73.0
27.0,80,Medium,Medium,No,6,65,High,No,1,High,Medium,Private,Neutral,4,No,College,Moderate,Male,68.0
12.0,76,Medium,Low,Yes,5,71,Low,Yes,0,Medium,Medium,Public,Negative,4,No,High School,Near,Male,61.0
25.0,85,High,High,No,5,59,Medium,Yes,3,Low,Medium,Public,Neutral,4,No,High School,Near,Female,70.0
20.0,62,Medium,Low,Yes,6,80,High,No,1,Medium,High,Public,Neutral,3,No,College,Moderate,Female,62.0
17.0,80,Medium,Medium,Yes,7,52,High,Yes,2,Medium,Medium,Private,Neutral,3,No,Postgraduate,Near,Female,67.0
21.0,95,Low,High,Yes,8,69,Medium,No,0,Low,High,Public,Negative,3,No,Postgraduate,Near,Male,69.0
26.0,69,High,High,No,7,95,Low,No,0,Medium,Medium,Public,Negative,3,No,Postgraduate,Near,Female,93.0
23.0,77,Medium,High,No,6,71,Low,Yes,3,Medium,Low,Private,Positive,4,No,High School,Moderate,Male,68.0
15.0,98,Medium,Medium,Yes,9,72,Medium,Yes,1,Low,High,Public,Neutral,2,No,College,Near,Female,69.0
24.0,77,Medium,Medium,Yes,10,53,High,Yes,2,High,Medium,Public,Neutral,4,No,College,Moderate,Male,68.0
16.0,74,Medium,High,No,9,80,Low,Yes,0,Medium,Medium,Public,Negative,5,No,High School,Near,Male,64.0
21.0,78,High,Medium,Yes,6,97,Medium,Yes,0,Medium,Medium,Public,Positive,2,No,High School,Near,Female,69.0
18.0,81,Medium,Medium,No,8,65,Low,Yes,2,Low,Medium,Public,Neutral,4,No,Postgraduate,Near,Male,66.0
19.0,85,Medium,Medium,No,8,70,Low,Yes,4,High,Medium,Public,Neutral,3,No,High School,Moderate,Male,68.0
25.0,92,Medium,Medium,Yes,9,79,Medium,Yes,3,Medium,High,Public,Negative,4,No,College,Moderate,Male,72.0
14.0,78,High,Medium,No,6,55,Low,Yes,2,Low,Medium,Private,Neutral,2,No,High School,Near,Female,63.0
32.0,93,High,Medium,No,6,98,Medium,Yes,0,Medium,Medium,Public,Neutral,4,Yes,High School,Near,Male,73.0
9.0,81,High,Medium,Yes,9,73,Medium,Yes,1,Medium,Medium,Public,Negative,1,No,Postgraduate,Near,Male,65.0
16.0,74,High,High,Yes,8,56,Low,Yes,1,Low,Medium,Private,Positive,2,No,High School,Near,Female,65.0
22.0,86,Low,Medium,Yes,5,67,Medium,Yes,0,High,Medium,Public,Positive,2,No,College,Near,Male,68.0
24.0,89,High,Medium,No,8,69,Low,No,3,High,Medium,Public,Neutral,2,No,College,Near,Male,70.0
19.0,82,Medium,Medium,No,10,67,Medium,Yes,0,Low,Low,Public,Positive,2,No,Postgraduate,Far,Male,65.0
20.0,62,High,Medium,Yes,6,85,Medium,Yes,2,Medium,Medium,Public,Neutral,3,No,College,Near,Female,66.0
22.0,67,Medium,High,Yes,6,67,High,Yes,1,Low,Medium,Private,Neutral,1,No,College,Near,Male,66.0
19.0,71,Medium,High,Yes,7,66,Low,Yes,2,Low,Medium,Public,Neutral,3,No,High School,Near,Female,65.0
28.0,71,Medium,High,No,8,66,Medium,Yes,2,Low,Medium,Private,Positive,3,No,College,Near,Male,69.0
25.0,87,Low,High,Yes,7,89,Medium,Yes,1,Low,Medium,Public,Neutral,4,Yes,High School,Near,Female,69.0
25.0,61,Medium,High,No,9,65,Medium,Yes,2,Medium,Medium,Private,Neutral,4,Yes,High School,Moderate,Female,64.0
14.0,90,Medium,Medium,Yes,7,51,Medium,Yes,1,Medium,Medium,Public,Positive,4,Yes,High School,Near,Female,66.0
20.0,71,Low,Medium,Yes,9,68,Medium,Yes,1,Low,Medium,Private,Positive,3,No,High School,Far,Male,63.0
18.0,72,High,Medium,Yes,6,64,Medium,Yes,4,Low,Medium,Public,Positive,3,No,Postgraduate,Near,Female,68.0
14.0,81,High,Medium,Yes,5,95,Low,Yes,2,Low,High,Public,Positive,3,No,High School,Near,Male,68.0
22.0,69,High,Medium,No,6,74,High,Yes,1,Medium,Low,Public,Negative,3,Yes,College,Near,Female,65.0
17.0,95,High,Medium,No,5,62,High,Yes,1,Medium,Medium,Private,Positive,3,No,High School,Moderate,Male,69.0
24.0,63,Medium,Medium,No,8,99,Low,Yes,2,Low,High,Public,Neutral,1,No,Postgraduate,Near,Female,66.0
14.0,78,Medium,Medium,No,4,62,Medium,Yes,1,Low,Medium,Public,Neutral,4,No,College,Near,Male,63.0
30.0,94,Low,Medium,Yes,6,88,Low,Yes,2,Low,Medium,Private,Neutral,3,Yes,College,Near,Female,72.0
15.0,85,High,Medium,No,7,82,High,Yes,2,Medium,Medium,Public,Negative,4,No,High School,Far,Male,67.0
21.0,72,High,High,No,5,73,Medium,Yes,1,Medium,Medium,Public,Neutral,3,No,High School,Near,Male,67.0
25.0,77,High,Medium,Yes,7,70,Medium,Yes,0,Medium,Medium,Public,Neutral,5,No,High School,Near,Male,68.0
17.0,88,High,High,Yes,7,94,Medium,No,2,Medium,High,Public,Positive,3,No,High School,Near,Male,71.0
25.0,99,Medium,High,No,9,74,Medium,Yes,1,Medium,High,Private,Negative,3,No,High School,Near,Male,73.0
13.0,96,Medium,Medium,No,5,69,Medium,Yes,2,Medium,Low,Public,Positive,3,No,High School,Near,Male,68.0
29.0,74,High,Medium,No,8,68,Medium,Yes,0,Medium,High,Public,Positive,4,No,High School,Near,Female,69.0
20.0,100,Medium,Medium,Yes,8,64,Medium,Yes,0,Low,Medium,Public,Neutral,2,No,High School,Moderate,Male,69.0
16.0,60,Medium,High,No,7,70,Low,Yes,3,High,High,Private,Negative,4,No,High School,Near,Female,63.0
18.0,61,Medium,Medium,Yes,6,56,Medium,Yes,3,Low,Medium,Public,Neutral,3,No,High School,Moderate,Male,62.0
25.0,93,Medium,Medium,Yes,5,53,Medium,Yes,0,High,Medium,Private,Neutral,5,No,College,Moderate,Female,70.0
16.0,68,High,Medium,No,10,77,Medium,Yes,1,High,Medium,Public,Positive,3,No,Postgraduate,Near,Male,66.0
16.0,62,Medium,Medium,No,7,73,Low,Yes,3,High,Medium,Public,Negative,3,No,High School,Near,Female,62.0
19.0,69,Medium,High,Yes,7,59,Low,Yes,2,Low,Low,Private,Neutral,2,No,Postgraduate,Moderate,Female,64.0
13.0,77,Medium,Medium,Yes,10,55,Low,Yes,2,Low,Medium,Private,Positive,3,No,College,Moderate,Male,63.0
31.0,89,Medium,Medium,Yes,7,57,Medium,Yes,1,High,Low,Public,Positive,2,No,College,Moderate,Female,71.0
17.0,85,High,Medium,Yes,10,66,Medium,Yes,1,High,Medium,Public,Neutral,1,Yes,Postgraduate,Moderate,Male,67.0
25.0,70,Low,High,Yes,5,73,Medium,Yes,2,Medium,Medium,Private,Neutral,1,No,Postgraduate,Near,Male,67.0
21.0,80,Low,High,Yes,7,60,Medium,Yes,1,Medium,High,Public,Positive,2,No,College,Moderate,Male,67.0
14.0,97,Low,Medium,Yes,5,88,Medium,Yes,2,High,Medium,Public,Positive,3,No,Postgraduate,Near,Male,71.0
20.0,93,High,Medium,No,7,60,High,Yes,0,Low,High,Public,Neutral,3,No,High School,Near,Male,69.0
25.0,73,Medium,Medium,Yes,7,56,Medium,Yes,2,High,Medium,Public,Neutral,4,No,High School,Near,Female,93.0
19.0,99,High,Medium,Yes,6,100,Medium,Yes,1,Low,Medium,Private,Positive,1,No,High School,Moderate,Male,72.0
27.0,88,Medium,High,No,7,72,Medium,Yes,1,Low,High,Public,Positive,1,No,High School,Near,Female,71.0
26.0,62,Medium,Medium,No,6,59,Medium,Yes,1,Medium,Medium,Public,Neutral,3,No,High School,Moderate,Male,63.0
26.0,61,High,Low,Yes,7,95,Low,No,0,Medium,High,Public,Neutral,3,No,Postgraduate,Moderate,Male,65.0
17.0,67,Low,Medium,Yes,6,62,Medium,Yes,0,Medium,Medium,Public,Neutral,3,No,College,Moderate,Female,61.0
14.0,89,Medium,Low,No,9,96,Low,Yes,2,Low,High,Private,Neutral,3,No,College,Moderate,Female,66.0
16.0,67,Medium,Medium,Yes,5,56,Low,Yes,1,Low,Medium,Public,Negative,2,No,College,Near,Female,61.0
21.0,80,Medium,Medium,No,7,92,Low,Yes,1,Medium,Medium,Public,Positive,3,No,High School,Moderate,Male,67.0
23.0,64,Medium,Low,Yes,5,59,Medium,Yes,3,Low,Medium,Public,Positive,5,No,High School,Moderate,Female,64.0
7.0,97,Low,High,No,6,97,Medium,Yes,3,Medium,High,Private,Positive,2,No,College,Moderate,Female,69.0
20.0,74,Low,Medium,No,6,79,Medium,Yes,1,High,Medium,Public,Neutral,2,Yes,College,Far,Male,64.0
21.0,96,Medium,Medium,Yes,7,59,Low,Yes,2,High,Medium,Public,Negative,2,No,College,Near,Male,70.0
18.0,98,High,Medium,Yes,7,92,Medium,Yes,2,Low,High,Private,Neutral,4,No,High School,Near,Male,73.0
28.0,60,Low,Medium,Yes,5,70,Low,Yes,0,Low,Medium,Private,Neutral,5,No,High School,Near,Male,63.0
23.0,79,Medium,Medium,Yes,6,87,Medium,No,2,Low,High,Public,Neutral,4,No,College,Moderate,Male,68.0
28.0,61,Low,Low,Yes,6,82,Low,Yes,0,Medium,High,Public,Positive,3,No,College,Near,Female,64.0
19.0,96,Medium,Low,Yes,5,86,Medium,No,3,Medium,Medium,Public,Positive,3,No,High School,Moderate,Male,69.0
26.0,81,Medium,Medium,Yes,9,67,Medium,Yes,3,Low,Medium,Public,Neutral,2,No,College,Near,Female,69.0
30.0,63,High,Low,No,5,97,High,Yes,2,Low,High,Public,Positive,2,Yes,College,Moderate,Female,67.0
28.0,64,High,Low,Yes,7,78,Medium,Yes,3,Medium,High,Private,Positive,4,No,Postgraduate,Moderate,Male,69.0
13.0,75,Medium,High,No,10,54,Medium,Yes,1,Low,Medium,Private,Negative,3,Yes,College,Near,Male,62.0
18.0,98,Low,Medium,No,9,53,Medium,Yes,0,High,Medium,Public,Neutral,1,No,High School,Moderate,Male,66.0
18.0,88,Low,Medium,No,8,87,Medium,Yes,2,Medium,High,Public,Neutral,2,No,Postgraduate,Moderate,Female,68.0
23.0,95,High,Low,No,7,92,High,Yes,1,Low,Medium,Public,Positive,1,No,High School,Near,Female,71.0
24.0,75,Medium,Low,No,8,85,Medium,Yes,1,Low,Medium,Public,Positive,2,Yes,Postgraduate,Near,Male,66.0
15.0,62,Low,High,No,8,64,High,Yes,2,Low,Medium,Public,Neutral,4,No,College,Near,Female,62.0
20.0,99,Low,Low,Yes,9,61,Low,Yes,1,High,Medium,Private,Neutral,4,No,High School,Moderate,Male,68.0
8.0,61,Medium,Low,Yes,7,78,Medium,Yes,0,Medium,Medium,Private,Positive,3,No,High School,Near,Female,59.0
29.0,98,Medium,Medium,Yes,9,60,Low,Yes,0,Low,Medium,Private,Negative,4,No,High School,Near,Female,70.0
17.0,75,High,Low,Yes,7,69,Medium,Yes,1,High,Medium,Public,Positive,4,No,High School,Near,Male,66.0
20.0,60,Medium,Medium,Yes,10,81,Medium,Yes,3,Low,Medium,Public,Positive,3,No,College,Near,Male,65.0
18.0,88,Medium,Medium,No,7,64,Low,Yes,0,Medium,Low,Public,Positive,4,No,College,Moderate,Male,66.0
27.0,99,Medium,Medium,Yes,5,69,Medium,Yes,2,Medium,Low,Public,Positive,2,No,Postgraduate,Moderate,Male,73.0
20.0,99,Medium,Low,Yes,7,68,Medium,Yes,2,High,Medium,Private,Neutral,3,No,High School,Near,Female,65.0
20.0,66,Medium,High,Yes,8,73,Medium,Yes,0,High,Low,Public,Positive,3,No,High School,Moderate,Male,65.0
19.0,67,High,Medium,No,9,84,Low,Yes,0,Medium,Medium,Public,Positive,3,No,High School,Moderate,Female,64.0
17.0,83,Medium,Medium,Yes,6,89,High,Yes,0,Low,Medium,Public,Positive,4,No,Postgraduate,Near,Male,69.0
30.0,85,Medium,Medium,No,4,83,Low,Yes,2,High,High,Public,Positive,3,No,Postgraduate,Near,Female,74.0
15.0,90,High,High,Yes,8,51,High,Yes,2,High,Medium,Public,Negative,2,No,High School,Moderate,Female,68.0
25.0,67,Low,Medium,No,8,95,Medium,Yes,0,Medium,Medium,Public,Neutral,4,No,Postgraduate,Moderate,Female,65.0
22.0,98,Medium,High,Yes,5,79,Medium,No,2,High,Medium,Public,Neutral,5,No,High School,Moderate,Male,72.0
28.0,86,Medium,Medium,Yes,7,96,Medium,Yes,2,Medium,Low,Public,Neutral,4,No,High School,Near,Male,71.0
16.0,94,High,Medium,No,7,98,Medium,Yes,0,Low,Medium,Public,Neutral,4,No,High School,Moderate,Female,69.0
16.0,82,Low,High,Yes,8,73,Low,Yes,3,Low,High,Public,Positive,1,No,College,Near,Male,67.0
27.0,77,Medium,High,Yes,6,96,Low,Yes,0,Medium,High,Public,Positive,3,No,Postgraduate,Moderate,Male,71.0
23.0,99,Low,Low,Yes,6,68,High,Yes,1,Medium,Medium,Public,Neutral,3,Yes,College,Far,Male,68.0
11.0,83,Low,Medium,No,7,63,High,Yes,3,High,Medium,Public,Negative,2,No,High School,Far,Female,63.0
17.0,95,High,Medium,No,5,54,Low,Yes,2,High,High,Public,Neutral,2,No,College,Moderate,Female,69.0
22.0,98,Medium,Low,No,10,73,Medium,Yes,1,Low,Low,Public,Negative,4,Yes,College,Near,Female,68.0
25.0,87,High,High,Yes,8,84,Low,Yes,2,High,Medium,Public,Positive,4,No,College,Moderate,Male,73.0
16.0,82,Medium,Medium,Yes,6,99,Medium,Yes,3,High,Medium,Public,Positive,2,No,High School,Near,Male,69.0
20.0,60,Medium,Medium,Yes,5,76,Medium,Yes,0,Medium,High,Private,Neutral,4,No,High School,Moderate,Female,58.0
23.0,62,High,Low,No,5,87,Medium,Yes,1,High,Low,Private,Positive,3,No,High School,Near,Male,65.0
13.0,68,Medium,Medium,Yes,8,95,Medium,Yes,2,Low,Low,Private,Positive,4,No,High School,Moderate,Male,63.0
8.0,67,Low,Low,No,5,77,Low,Yes,1,Medium,High,Public,Positive,2,No,College,Near,Male,59.0
20.0,70,Medium,Medium,Yes,7,58,Medium,Yes,0,Medium,Medium,Private,Neutral,2,No,High School,Moderate,Male,58.0
25.0,72,Medium,Medium,Yes,4,92,High,Yes,1,Low,Medium,Private,Negative,2,Yes,High School,Near,Male,66.0
21.0,74,Medium,High,Yes,8,79,Medium,Yes,0,Low,High,Private,Positive,4,No,High School,Near,Male,67.0
19.0,77,High,Medium,Yes,8,88,Medium,No,3,Low,Medium,Public,Positive,3,No,College,Moderate,Male,67.0
28.0,64,High,Medium,No,7,83,Low,Yes,2,High,Medium,Private,Neutral,4,No,High School,Moderate,Male,67.0
24.0,62,High,Low,Yes,7,53,Medium,Yes,0,Medium,Medium,Public,Positive,6,No,Postgraduate,Near,Female,65.0
30.0,87,High,Medium,Yes,8,58,High,Yes,1,Low,Medium,Public,Negative,1,No,College,Near,Male,71.0
12.0,81,Medium,Medium,Yes,7,64,High,Yes,2,High,Medium,Public,Neutral,3,No,High School,Near,Male,66.0
20.0,78,Medium,High,Yes,8,64,Medium,Yes,2,High,Medium,Private,Positive,2,No,High School,Moderate,Female,68.0
10.0,85,Medium,High,Yes,5,92,Medium,Yes,0,Low,High,Private,Positive,4,Yes,High School,Far,Female,65.0
19.0,93,High,High,No,8,80,Medium,Yes,1,Medium,Medium,Private,Neutral,3,No,College,Moderate,Male,71.0
19.0,77,Medium,Low,Yes,7,54,Low,Yes,2,Low,Medium,Private,Positive,4,No,High School,Near,Female,64.0
24.0,86,Medium,High,Yes,9,69,High,Yes,1,Medium,High,Public,Neutral,3,No,Postgraduate,Near,Male,72.0
20.0,98,Low,Low,No,7,78,Low,Yes,4,High,High,Public,Neutral,2,No,High School,Far,Male,69.0
24.0,94,Medium,Medium,No,7,63,Medium,Yes,1,Low,High,Public,Neutral,3,No,High School,Near,Male,70.0
24.0,77,Medium,Medium,Yes,6,52,Medium,Yes,0,Medium,Medium,Private,Negative,4,No,High School,Near,Male,66.0
33.0,86,Medium,Medium,No,9,69,Medium,No,0,Medium,Medium,Public,Neutral,3,No,College,Near,Female,70.0
18.0,67,High,Low,No,4,73,Low,Yes,0,Medium,Medium,Private,Neutral,2,No,Postgraduate,Moderate,Male,62.0
14.0,82,Low,Medium,Yes,8,95,Medium,Yes,1,Low,Medium,Private,Neutral,3,No,Postgraduate,Moderate,Male,66.0
21.0,99,High,Low,No,7,95,Low,Yes,2,Low,Medium,Public,Negative,1,No,High School,Near,Female,70.0
15.0,81,Low,Low,Yes,7,75,Low,Yes,1,Medium,High,Public,Negative,1,No,Postgraduate,Moderate,Male,63.0
29.0,97,High,Medium,Yes,7,74,Medium,Yes,1,Medium,Low,Public,Positive,4,Yes,High School,Near,Female,73.0
18.0,76,Medium,High,Yes,7,82,High,Yes,2,Medium,High,Public,Neutral,4,No,Postgraduate,Near,Female,70.0
17.0,100,High,High,No,8,63,Low,Yes,1,Low,Medium,Private,Positive,5,No,High School,Near,Male,71.0
17.0,83,Low,Medium,No,6,64,Medium,Yes,1,Medium,Medium,Private,Positive,4,No,High School,Near,Female,65.0
24.0,62,Medium,Low,Yes,7,50,Medium,Yes,1,High,High,Private,Negative,2,No,Postgraduate,Near,Male,64.0
19.0,83,High,Low,Yes,8,54,Medium,Yes,1,Low,Medium,Private,Positive,4,No,High School,Moderate,Male,66.0
16.0,71,Low,Low,Yes,6,59,High,Yes,1,Low,High,Public,Positive,3,No,Postgraduate,Near,Male,82.0
30.0,61,Low,High,Yes,8,82,Low,Yes,2,Low,High,Public,Neutral,3,No,Postgraduate,Near,Female,68.0
15.0,93,Medium,Medium,No,8,61,High,Yes,1,Medium,Medium,Public,Neutral,4,No,High School,Near,Female,67.0
20.0,71,Low,High,Yes,6,56,High,Yes,5,Medium,Medium,Private,Positive,5,No,College,Near,Male,68.0
24.0,92,Low,High,Yes,5,81,Medium,Yes,2,Low,Medium,Private,Negative,3,Yes,High School,Near,Male,69.0
10.0,72,Medium,Medium,Yes,6,83,Medium,Yes,0,Medium,Medium,Public,Positive,4,No,High School,Near,Male,63.0
23.0,68,Medium,High,No,7,53,High,Yes,3,High,Medium,Public,Neutral,3,No,High School,Moderate,Female,66.0
14.0,99,Medium,Medium,No,7,89,High,No,0,Medium,Medium,Private,Positive,2,No,Postgraduate,Far,Female,68.0
25.0,74,High,Medium,Yes,9,80,Medium,Yes,4,Medium,Medium,Public,Positive,3,No,College,Moderate,Female,71.0
14.0,84,Medium,High,Yes,6,70,High,Yes,2,High,Medium,Public,Positive,3,No,College,Near,Female,69.0
24.0,84,Low,Medium,Yes,6,99,Medium,Yes,1,Medium,High,Public,Positive,2,No,Postgraduate,Far,Female,70.0
27.0,82,Medium,Medium,No,8,51,High,Yes,3,High,Medium,Public,Neutral,2,No,College,Near,Male,70.0
25.0,97,Medium,Medium,Yes,6,77,Low,Yes,1,Low,High,Private,Positive,4,No,Postgraduate,Near,Male,73.0
22.0,87,Medium,High,Yes,6,58,Medium,Yes,0,Low,Medium,Private,Neutral,4,No,High School,Near,Female,68.0
19.0,76,Medium,Low,Yes,6,66,Medium,Yes,1,High,Medium,Public,Positive,3,No,High School,Near,Male,65.0
17.0,94,High,High,Yes,4,57,Medium,Yes,4,Medium,High,Public,Neutral,4,No,High School,Moderate,Male,72.0
29.0,67,High,Low,Yes,8,83,Medium,Yes,2,Low,Medium,Private,Positive,4,Yes,High School,Near,Female,67.0
16.0,82,Low,Medium,Yes,8,70,High,Yes,4,Low,High,Public,Neutral,4,No,College,Near,Female,68.0
14.0,98,Medium,Medium,Yes,8,99,Low,Yes,0,High,Medium,Public,Neutral,3,No,High School,Near,Male,69.0
24.0,85,Medium,Medium,Yes,10,83,Low,Yes,1,Medium,High,Public,Positive,4,No,College,Moderate,Female,70.0
15.0,93,High,Medium,Yes,9,96,Medium,Yes,1,Medium,Medium,Public,Negative,2,No,High School,Moderate,Female,69.0
14.0,86,High,High,Yes,6,62,Medium,Yes,1,Medium,Medium,Private,Positive,2,No,High School,Near,Male,68.0
11.0,94,Medium,Medium,No,9,66,Medium,No,2,Low,High,Private,Positive,2,No,High School,Moderate,Male,65.0
17.0,98,Medium,High,Yes,7,68,Medium,Yes,1,Low,Medium,Public,Positive,4,No,College,Moderate,Male,70.0
20.0,71,Medium,Low,Yes,6,92,High,Yes,1,Low,Medium,Private,Negative,4,No,College,Near,Male,65.0
21.0,67,Medium,Low,No,6,61,Medium,Yes,0,Low,Medium,Private,Positive,3,No,High School,Moderate,Female,61.0
26.0,79,Medium,Low,No,7,97,Medium,Yes,1,High,Medium,Private,Positive,2,No,High School,Near,Male,69.0
23.0,88,Medium,Low,Yes,7,52,Medium,Yes,0,Medium,Low,Public,Neutral,4,No,High School,Near,Male,67.0
19.0,69,Medium,Medium,Yes,9,94,Medium,Yes,1,Low,High,Public,Positive,3,No,High School,Moderate,Male,65.0
19.0,60,Medium,Medium,No,8,73,High,Yes,3,Medium,Low,Private,Neutral,3,No,High School,Near,Male,63.0
23.0,74,Medium,High,Yes,6,76,Medium,Yes,0,Medium,High,Private,Negative,4,No,High School,Near,Male,67.0
28.0,99,High,Low,No,5,100,Medium,Yes,6,Medium,Medium,Private,Neutral,5,No,High School,Moderate,Female,76.0
21.0,88,Medium,Medium,No,8,94,Medium,Yes,0,Medium,High,Public,Neutral,3,No,College,Near,Male,70.0
17.0,76,Medium,High,Yes,8,95,Low,Yes,1,Low,Medium,Private,Neutral,4,No,Postgraduate,Near,Female,67.0
14.0,68,High,High,Yes,9,79,Low,Yes,2,Low,Medium,Private,Positive,4,No,College,Near,Female,66.0
11.0,74,Medium,High,Yes,7,98,Low,Yes,1,Low,Medium,Public,Positive,2,No,High School,Near,Male,65.0
24.0,67,Low,High,No,8,84,High,Yes,0,Low,Medium,Public,Neutral,1,No,College,Near,Female,65.0
23.0,64,Low,Medium,No,8,91,Medium,Yes,2,Low,Medium,Public,Negative,3,No,High School,Far,Female,63.0
23.0,96,Medium,High,Yes,5,86,Medium,Yes,3,Medium,High,Public,Neutral,3,Yes,High School,Near,Male,74.0
19.0,100,Low,High,Yes,7,89,High,Yes,2,High,Low,Private,Neutral,3,No,College,Moderate,Male,72.0
28.0,67,High,High,No,8,82,Low,Yes,1,High,Low,Public,Neutral,4,No,High School,Near,Female,68.0
17.0,62,Medium,Low,No,8,86,High,Yes,2,Medium,Medium,Public,Neutral,4,No,High School,Moderate,Female,62.0
26.0,73,Low,High,No,7,72,Medium,Yes,1,Low,Low,Private,Neutral,3,No,College,Far,Male,65.0
20.0,78,High,Medium,Yes,10,85,Medium,Yes,1,High,High,Private,Negative,3,No,High School,Near,Male,69.0
16.0,68,Medium,Low,Yes,10,64,Medium,Yes,2,High,Low,Public,Negative,2,No,High School,Moderate,Male,61.0
24.0,72,Medium,Medium,Yes,7,82,High,Yes,2,Medium,Medium,Private,Positive,4,No,High School,Far,Male,67.0
22.0,68,Medium,High,No,7,76,Medium,Yes,1,Medium,Medium,Public,Positive,4,No,High School,Near,Male,66.0
22.0,91,Low,Medium,Yes,8,95,Medium,Yes,1,Low,High,Private,Neutral,2,No,High School,Near,Male,70.0
20.0,89,Medium,High,No,7,84,Low,Yes,5,High,Medium,Public,Neutral,3,No,Postgraduate,Moderate,Male,72.0
20.0,85,High,Low,Yes,9,80,Medium,Yes,3,Low,Medium,Private,Neutral,3,No,Postgraduate,Moderate,Male,69.0
34.0,75,Low,Medium,Yes,5,66,Medium,Yes,0,Low,Medium,Private,Positive,3,No,High School,Near,Male,68.0
27.0,96,Medium,Medium,No,7,93,Medium,Yes,2,Medium,Medium,Public,Neutral,2,No,College,Near,Male,74.0
24.0,99,High,Medium,No,8,53,High,Yes,1,Low,Medium,Private,Neutral,3,Yes,High School,Near,Male,70.0
21.0,67,Medium,Medium,Yes,9,95,High,Yes,1,Medium,Medium,Private,Positive,4,No,High School,Near,Male,67.0
26.0,69,Medium,Medium,Yes,5,83,Medium,Yes,4,Medium,High,Private,Neutral,2,No,High School,Moderate,Female,68.0
23.0,81,High,Low,No,6,59,Medium,Yes,2,High,High,Private,Neutral,1,No,Postgraduate,Near,Female,69.0
20.0,64,High,Low,No,4,95,Medium,Yes,4,Medium,Medium,Public,Neutral,4,No,High School,Near,Male,66.0
18.0,77,Medium,Low,No,6,66,High,Yes,3,Medium,High,Public,Positive,3,No,College,Moderate,Male,66.0
20.0,83,High,High,Yes,5,58,Medium,Yes,1,Medium,Medium,Public,Neutral,3,No,High School,Near,Male,68.0
20.0,81,Medium,Medium,Yes,8,66,Medium,Yes,1,Low,Medium,Public,Negative,2,No,College,Near,Male,60.0
21.0,73,High,Medium,No,7,98,High,Yes,0,High,High,Public,Positive,4,Yes,Postgraduate,Near,Male,69.0
17.0,82,High,Medium,No,7,88,Medium,Yes,1,Medium,Medium,Public,Negative,1,Yes,High School,Near,Male,66.0
30.0,98,Medium,High,Yes,7,96,Medium,Yes,1,Medium,Medium,Private,Neutral,3,No,Postgraduate,Near,Female,77.0
20.0,68,Medium,Low,No,9,65,Low,Yes,1,High,Medium,Public,Negative,5,No,College,Near,Male,63.0
13.0,86,Medium,Low,Yes,5,54,Medium,Yes,3,High,High,Public,Neutral,3,Yes,College,Near,Male,66.0
20.0,62,High,Medium,Yes,4,78,Medium,No,1,High,Medium,Private,Positive,4,No,High School,Moderate,Female,64.0
14.0,63,High,High,No,8,74,Medium,Yes,1,Low,Medium,Private,Neutral,4,No,Postgraduate,Moderate,Female,63.0
23.0,82,Low,Medium,Yes,6,86,Medium,Yes,0,High,Medium,Public,Neutral,4,No,High School,Near,Male,68.0
22.0,64,High,Medium,No,5,77,Medium,Yes,1,High,Medium,Private,Negative,2,No,College,Near,Male,65.0
26.0,61,High,Medium,Yes,8,70,Low,Yes,1,Medium,Medium,Private,Neutral,4,Yes,Postgraduate,Moderate,Male,65.0
15.0,67,High,High,Yes,4,50,Low,Yes,0,Medium,Medium,Public,Positive,1,No,College,Near,Male,64.0
20.0,83,High,Medium,Yes,6,73,Medium,Yes,0,High,Medium,Public,Positive,3,No,College,Far,Male,68.0
12.0,88,Low,Medium,Yes,4,56,Medium,Yes,0,Low,High,Private,Neutral,2,No,High School,Far,Male,62.0
24.0,68,Medium,Medium,Yes,7,96,Medium,Yes,1,Low,High,Public,Positive,3,No,High School,Near,Male,67.0
23.0,87,High,High,Yes,9,96,High,Yes,1,Medium,Medium,Private,Positive,1,No,College,Near,Female,73.0
23.0,67,High,High,Yes,6,90,Medium,Yes,2,High,Medium,Private,Positive,3,No,High School,Near,Female,69.0
20.0,85,Medium,Medium,No,6,58,Low,Yes,0,Low,Medium,Private,Negative,2,No,Postgraduate,Near,Male,65.0
22.0,76,Medium,Medium,Yes,10,57,Medium,Yes,1,Medium,High,Private,Neutral,3,No,High School,Far,Male,66.0
30.0,86,High,Medium,No,8,78,Medium,Yes,4,Medium,Low,Public,Positive,2,No,College,Far,Male,73.0
18.0,100,High,Medium,Yes,10,86,Medium,Yes,1,Medium,Medium,Public,Neutral,3,No,High School,Near,Male,72.0
21.0,98,Medium,Medium,Yes,7,95,Low,Yes,3,High,Low,Public,Neutral,1,No,High School,Near,Male,72.0
13.0,60,Low,High,Yes,7,95,Medium,Yes,1,Low,Medium,Private,Positive,1,No,High School,Near,Female,61.0
15.0,95,High,Medium,Yes,9,58,Low,Yes,2,Low,High,Private,Neutral,3,No,High School,Near,Female,69.0
21.0,63,High,Medium,No,7,100,Medium,Yes,1,High,Medium,Private,Neutral,2,No,Postgraduate,Moderate,Female,66.0
27.0,98,High,High,No,7,58,Medium,Yes,1,High,Medium,Public,Positive,3,No,Postgraduate,Far,Female,74.0
18.0,71,High,Low,Yes,4,92,Medium,Yes,1,Low,Medium,Public,Negative,4,Yes,College,Near,Female,64.0
19.0,75,Medium,High,Yes,10,79,Medium,Yes,1,Medium,Medium,Public,Neutral,2,No,High School,Near,Female,66.0
18.0,64,High,Medium,Yes,8,84,Medium,No,2,Medium,Medium,Public,Neutral,3,No,College,Near,Female,64.0
17.0,64,High,High,No,7,80,Low,Yes,3,Medium,Medium,Private,Positive,4,No,High School,Near,Male,66.0
22.0,89,Medium,High,No,8,93,Medium,Yes,2,High,Low,Private,Neutral,5,No,High School,Near,Male,72.0
11.0,98,High,High,Yes,5,82,High,Yes,1,Medium,Medium,Private,Neutral,2,No,Postgraduate,Near,Male,71.0
28.0,84,High,Medium,Yes,6,92,Medium,Yes,1,Medium,Medium,Public,Negative,3,Yes,High School,Near,Female,70.0
16.0,89,High,Medium,Yes,8,58,Low,Yes,2,Low,Medium,Public,Neutral,3,No,College,Moderate,Male,67.0
24.0,90,Medium,High,No,7,93,Low,Yes,1,Low,High,Public,Neutral,2,Yes,Postgraduate,Near,Male,71.0
12.0,71,Medium,Low,No,8,100,Medium,Yes,2,High,Medium,Public,Neutral,3,Yes,College,Near,Male,63.0
24.0,62,Medium,High,No,7,83,Low,Yes,1,Medium,Low,Public,Neutral,2,No,College,Moderate,Female,64.0
24.0,60,Medium,Medium,Yes,8,99,Medium,Yes,2,Low,Low,Public,Neutral,1,No,High School,Moderate,Male,64.0
22.0,74,Medium,Low,No,5,61,Medium,Yes,1,Low,Medium,Public,Positive,3,No,Postgraduate,Near,Female,65.0
14.0,70,Medium,Medium,Yes,9,91,High,Yes,2,Medium,Medium,Public,Neutral,4,No,High School,Near,Female,65.0
21.0,62,Medium,Low,No,6,58,Medium,Yes,2,Low,High,Private,Neutral,3,No,College,Moderate,Female,62.0
13.0,67,High,High,Yes,7,76,Medium,Yes,2,Low,Medium,Private,Neutral,5,No,High School,Near,Male,65.0
18.0,65,Medium,High,No,6,83,Low,Yes,1,Medium,High,Private,Neutral,2,No,High School,Near,Male,64.0
26.0,97,Medium,Medium,Yes,7,83,Low,Yes,2,Low,Medium,Public,Positive,3,No,Postgraduate,Near,Male,74.0
25.0,66,Medium,High,Yes,7,84,Low,Yes,2,High,Medium,Public,Positive,1,No,High School,Near,Male,67.0
20.0,82,Low,Medium,No,8,66,Low,Yes,0,High,Medium,Public,Positive,2,No,Postgraduate,Near,Male,66.0
14.0,84,High,High,No,8,99,Medium,No,3,Medium,High,Public,Neutral,4,No,Postgraduate,Near,Female,70.0
24.0,82,Medium,High,No,8,50,Medium,Yes,0,Medium,Medium,Public,Positive,2,No,Postgraduate,Moderate,Male,68.0
20.0,64,Medium,Medium,No,6,81,Medium,Yes,0,High,High,Public,Positive,1,No,High School,Moderate,Female,64.0
6.0,73,Medium,Medium,No,8,93,Low,Yes,0,Low,Medium,Private,Neutral,1,Yes,High School,Far,Female,58.0
25.0,62,Medium,Medium,Yes,7,95,Low,Yes,1,High,Medium,Public,Neutral,4,Yes,College,Near,Male,65.0
20.0,76,Medium,High,Yes,7,86,Medium,Yes,2,Medium,Medium,Public,Negative,5,No,High School,Near,Female,68.0
27.0,68,Low,Medium,No,8,79,Medium,Yes,2,Low,High,Private,Negative,1,Yes,Postgraduate,Moderate,Female,64.0
13.0,82,Medium,High,No,5,73,Low,Yes,4,Low,Medium,Public,Negative,4,No,High School,Near,Male,66.0
20.0,88,Medium,High,Yes,4,72,High,Yes,3,Medium,Medium,Private,Negative,2,No,College,Near,Male,92.0
22.0,81,High,Medium,Yes,9,71,Medium,Yes,2,High,Low,Public,Negative,4,No,High School,Near,Male,69.0
22.0,77,Medium,High,No,7,85,Low,Yes,2,Low,Medium,Public,Neutral,2,No,College,Near,Male,68.0
10.0,75,Medium,Medium,No,8,87,Low,Yes,2,Medium,Medium,Public,Positive,4,Yes,High School,Near,Female,63.0
14.0,94,Low,Medium,Yes,6,76,Medium,No,0,Low,Low,Public,Neutral,3,No,High School,Near,Male,64.0
20.0,69,Medium,High,Yes,9,87,Medium,No,1,Low,Medium,Public,Negative,2,No,College,Far,Female,68.0
18.0,89,Medium,Low,No,8,76,High,Yes,0,Low,Medium,Public,Positive,2,No,High School,Near,Male,67.0
24.0,90,Low,Medium,Yes,7,55,Medium,Yes,1,High,Medium,Public,Negative,2,No,Postgraduate,Far,Male,68.0
16.0,77,Medium,Medium,Yes,7,93,Medium,Yes,1,Low,Medium,Public,Positive,2,No,High School,Moderate,Male,66.0
7.0,72,Medium,Medium,Yes,4,94,Medium,Yes,4,Medium,Medium,Private,Positive,4,No,Postgraduate,Near,Male,66.0
19.0,79,Medium,High,Yes,8,63,Medium,Yes,4,Low,High,Public,Neutral,2,No,High School,Moderate,Male,68.0
18.0,64,Medium,High,Yes,9,89,Low,Yes,1,Medium,High,Private,Neutral,3,No,High School,Moderate,Male,64.0
18.0,62,High,Medium,Yes,7,76,Medium,Yes,2,Medium,Medium,Private,Negative,3,Yes,College,Near,Female,63.0
19.0,64,Medium,Medium,Yes,7,56,Medium,Yes,0,Low,Medium,Private,Neutral,4,No,High School,Near,Female,62.0
22.0,67,Medium,High,No,7,70,High,Yes,2,Low,Medium,Private,Positive,2,No,High School,Near,Male,66.0
19.0,80,High,Medium,Yes,9,54,Medium,Yes,0,Low,Medium,Public,Negative,2,No,Postgraduate,Moderate,Male,65.0
12.0,94,Medium,Low,Yes,9,89,Medium,Yes,1,Low,Low,Private,Negative,3,No,High School,Near,Male,66.0
23.0,69,Medium,High,Yes,6,60,Medium,Yes,2,Low,High,Private,Negative,4,No,High School,Near,Male,66.0
8.0,97,Medium,High,Yes,8,58,High,Yes,2,High,Medium,Public,Neutral,2,No,College,Near,Female,69.0
8.0,98,Low,Medium,Yes,7,60,Medium,Yes,1,High,High,Private,Negative,3,No,Postgraduate,Near,Female,67.0
24.0,98,Medium,High,No,8,61,Medium,Yes,6,Medium,High,Private,Positive,3,No,High School,Near,Female,75.0
23.0,94,High,Medium,Yes,6,84,High,Yes,0,Low,High,Public,Neutral,3,No,Postgraduate,Near,Male,73.0
20.0,75,Medium,Medium,Yes,9,82,High,Yes,0,Low,Low,Public,Positive,5,No,College,Moderate,Female,66.0
12.0,63,Medium,Medium,No,8,56,Low,Yes,4,Medium,Medium,Public,Positive,4,No,College,Moderate,Male,61.0
16.0,83,Medium,Medium,Yes,9,86,Medium,Yes,5,Low,High,Private,Negative,4,No,High School,Moderate,Female,68.0
18.0,82,Medium,Medium,Yes,5,67,High,No,1,Medium,High,Public,Neutral,4,No,College,Near,Male,67.0
10.0,94,Medium,High,No,5,73,Medium,Yes,1,Medium,Medium,Public,Negative,3,No,High School,Moderate,Male,66.0
16.0,100,Medium,High,No,10,56,Medium,Yes,1,High,Medium,Public,Neutral,2,No,High School,Near,Female,69.0
24.0,80,Medium,Medium,No,9,85,Low,Yes,3,Low,Medium,Public,Positive,4,No,High School,Near,Male,69.0
29.0,74,Medium,High,Yes,6,69,Medium,Yes,1,Low,High,Private,Negative,1,No,College,Far,Female,67.0
17.0,67,High,Medium,No,8,82,Medium,Yes,0,Medium,Medium,Public,Positive,4,No,High School,Near,Female,65.0
25.0,60,Medium,Low,No,6,71,Low,Yes,2,High,Medium,Public,Positive,2,No,High School,Near,Male,63.0
9.0,80,Medium,Low,Yes,4,52,Low,Yes,1,High,Medium,Public,Positive,2,No,Postgraduate,Near,Female,63.0
24.0,82,Medium,Medium,No,4,85,Low,No,1,Low,Medium,Public,Negative,2,No,High School,Near,Male,66.0
15.0,93,Medium,Medium,Yes,7,78,Low,Yes,0,Medium,Medium,Public,Negative,4,No,High School,Moderate,Male,66.0
22.0,80,Medium,High,Yes,9,72,Low,Yes,2,Medium,Medium,Public,Neutral,4,No,College,Near,Female,69.0
19.0,97,High,Medium,Yes,9,60,High,Yes,3,Medium,Medium,Public,Negative,4,No,Postgraduate,Moderate,Female,72.0
28.0,85,Medium,Medium,Yes,9,81,Low,Yes,2,Low,Medium,Public,Neutral,3,No,High School,Near,Male,70.0
15.0,94,Medium,High,Yes,8,64,Medium,Yes,2,Low,Medium,Public,Negative,1,No,College,Near,Male,68.0
24.0,66,High,Medium,Yes,7,71,Low,Yes,1,Low,High,Public,Neutral,3,No,High School,Near,Male,66.0
18.0,94,Low,Medium,Yes,9,53,Medium,Yes,3,Low,Medium,Public,Negative,3,No,College,Moderate,Female,67.0
19.0,87,High,Medium,No,4,89,Medium,Yes,0,Low,Low,Public,Positive,5,Yes,Postgraduate,Moderate,Female,68.0
19.0,67,Medium,Low,Yes,8,55,Medium,No,0,Medium,High,Private,Positive,4,No,High School,Near,Male,62.0
15.0,68,Medium,High,No,5,95,High,Yes,1,Medium,Medium,Private,Positive,2,Yes,College,Near,Female,64.0
20.0,97,High,Low,Yes,6,93,Low,Yes,1,High,High,Public,Positive,1,No,College,Far,Male,71.0
20.0,61,High,Medium,No,8,99,Medium,Yes,0,Medium,High,Public,Neutral,4,No,College,Near,Male,65.0
21.0,79,Medium,Medium,Yes,8,95,High,Yes,0,Medium,Medium,Public,Neutral,2,No,Postgraduate,Near,Female,69.0
21.0,73,Medium,Medium,No,6,99,Medium,No,1,Low,Medium,Public,Neutral,5,No,High School,Near,Male,65.0
25.0,87,Medium,Medium,No,8,94,High,Yes,0,Medium,High,Public,Positive,4,No,High School,Near,Male,71.0
26.0,94,Low,Medium,No,8,56,Low,Yes,1,High,Medium,Public,Negative,2,No,College,Near,Female,69.0
14.0,74,High,Medium,Yes,7,72,High,No,2,Medium,Medium,Private,Negative,3,No,College,Near,Male,65.0
25.0,77,Low,Medium,Yes,7,54,Medium,Yes,2,Medium,Medium,Public,Neutral,1,No,College,Moderate,Male,66.0
13.0,99,Medium,Medium,Yes,10,77,Low,Yes,0,Medium,High,Private,Negative,3,No,College,Moderate,Female,68.0
24.0,91,High,High,Yes,7,76,Medium,Yes,0,Medium,Medium,Private,Positive,2,No,High School,Moderate,Female,72.0
24.0,96,High,High,Yes,7,96,Medium,Yes,1,Medium,Medium,Public,Negative,3,No,High School,Near,Female,74.0
9.0,78,Medium,Medium,No,7,98,Low,Yes,3,Low,Medium,Public,Positive,2,No,High School,Near,Male,64.0
21.0,69,High,Low,Yes,7,63,Medium,Yes,0,Medium,Medium,Public,Positive,3,No,High School,Moderate,Male,64.0
17.0,76,Medium,Medium,Yes,8,79,Low,No,1,Low,Medium,Public,Neutral,4,Yes,Postgraduate,Far,Female,63.0
15.0,89,High,Low,No,9,73,High,Yes,2,Low,Low,Private,Neutral,2,No,High School,Near,Male,66.0
28.0,64,Medium,Medium,Yes,7,77,Medium,Yes,1,High,Medium,Public,Positive,2,No,High School,Near,Male,67.0
16.0,71,High,Low,Yes,6,77,Low,Yes,4,Medium,Medium,Public,Neutral,5,Yes,College,Moderate,Male,64.0
15.0,62,Low,High,No,10,96,Low,Yes,0,Medium,High,Private,Positive,4,No,High School,Far,Male,62.0
20.0,77,Medium,Low,Yes,7,95,High,Yes,0,Medium,Medium,Public,Positive,1,No,High School,Far,Male,66.0
24.0,93,Medium,High,No,4,56,Low,Yes,4,Low,High,Public,Negative,2,No,Postgraduate,Moderate,Female,71.0
19.0,61,High,Low,Yes,10,67,Low,No,1,Medium,Medium,Public,Positive,6,No,Postgraduate,Near,Female,63.0
27.0,87,High,Medium,Yes,9,88,Medium,Yes,1,Low,High,Public,Positive,4,Yes,College,Near,Male,72.0
23.0,97,Medium,High,No,9,84,Low,Yes,1,High,Medium,Public,Positive,3,Yes,High School,Far,Female,71.0
7.0,69,Low,Medium,No,9,82,Low,Yes,1,Medium,High,Private,Positive,3,No,Postgraduate,Near,Female,61.0
17.0,88,Medium,High,Yes,10,100,Medium,Yes,1,Low,High,Public,Positive,2,No,Postgraduate,Near,Female,71.0
17.0,99,Medium,Medium,No,5,67,Low,Yes,2,Medium,Medium,Private,Neutral,4,No,Postgraduate,Far,Male,69.0
23.0,98,Medium,High,Yes,6,76,Low,Yes,3,Low,High,Public,Positive,3,No,High School,Near,Male,74.0
4.0,69,Medium,High,Yes,6,99,Medium,Yes,0,Medium,High,Public,Neutral,2,No,High School,Moderate,Male,61.0
35.0,64,Medium,Low,No,6,85,High,Yes,2,Medium,High,Private,Neutral,2,No,High School,Moderate,Male,68.0
23.0,66,Medium,High,Yes,7,82,High,Yes,1,Medium,Medium,Public,Positive,2,No,High School,Near,Male,67.0
21.0,88,High,Low,No,6,58,Medium,Yes,3,High,Medium,Private,Neutral,4,No,College,Near,Male,70.0
27.0,89,Medium,Medium,No,5,62,Medium,Yes,0,Low,Medium,Public,Neutral,3,No,High School,Near,Male,69.0
34.0,87,Medium,Low,No,6,69,High,Yes,3,Low,Medium,Private,Neutral,2,No,College,Moderate,Male,72.0
25.0,73,Medium,Low,Yes,7,73,Medium,Yes,1,Medium,Medium,Public,Positive,2,No,High School,Near,Male,66.0
26.0,67,Medium,Medium,No,9,75,Medium,Yes,2,Medium,Medium,Public,Positive,3,No,High School,Near,Male,67.0
21.0,83,Medium,Medium,No,6,95,High,Yes,4,High,High,Public,Neutral,2,No,High School,Far,Female,70.0
19.0,79,Medium,High,Yes,8,55,Medium,Yes,3,Medium,Medium,Private,Neutral,4,Yes,Postgraduate,Near,Male,68.0
17.0,89,Low,Medium,Yes,5,62,High,Yes,2,Medium,Medium,Private,Positive,2,No,College,Near,Female,68.0
15.0,78,Medium,High,No,4,57,High,Yes,2,Medium,High,Public,Negative,2,No,High School,Near,Female,65.0
16.0,74,Medium,Low,Yes,7,87,Medium,Yes,0,Low,Low,Public,Positive,3,No,College,Near,Female,63.0
12.0,72,Low,Low,Yes,6,99,High,Yes,0,Low,Medium,Public,Positive,4,No,College,Far,Female,62.0
20.0,68,Medium,High,Yes,6,95,Medium,Yes,0,Low,Medium,Public,Positive,4,No,High School,Near,Female,66.0
10.0,71,Medium,High,Yes,6,86,Medium,Yes,1,Medium,Low,Public,Negative,2,Yes,Postgraduate,Near,Male,62.0
21.0,64,Low,High,Yes,6,51,Low,Yes,0,High,Low,Public,Negative,3,No,College,Moderate,Female,61.0
20.0,74,Low,Medium,Yes,6,67,High,Yes,0,Medium,Medium,Private,Negative,4,Yes,College,Moderate,Female,63.0
21.0,61,Medium,Medium,Yes,6,93,Low,Yes,3,Medium,High,Private,Neutral,3,No,High School,Near,Female,65.0
17.0,67,High,Low,No,5,83,High,Yes,3,Low,Medium,Public,Positive,3,No,High School,Moderate,Male,64.0
20.0,90,High,Medium,Yes,4,60,Low,Yes,2,Low,Medium,Public,Neutral,4,No,College,Moderate,Male,74.0
28.0,73,Low,Medium,Yes,4,73,Medium,Yes,2,High,High,Public,Positive,2,No,Postgraduate,Near,Female,70.0
13.0,87,Low,Medium,No,10,54,Low,Yes,2,Low,Medium,Public,Positive,2,No,High School,Moderate,Female,63.0
21.0,89,Low,Medium,No,7,76,Medium,Yes,3,High,Medium,Public,Positive,2,No,High School,Far,Female,68.0
16.0,83,Medium,High,Yes,9,95,Medium,Yes,2,Low,High,Public,Neutral,2,No,College,Near,Male,69.0
14.0,98,Medium,High,Yes,7,52,High,Yes,1,Medium,High,Private,Negative,4,No,High School,Moderate,Male,70.0
12.0,61,Medium,Medium,Yes,7,81,Medium,Yes,2,High,Medium,Public,Neutral,3,No,College,Far,Male,62.0
23.0,90,High,Medium,Yes,7,62,Medium,Yes,3,Medium,Low,Private,Positive,2,No,Postgraduate,Moderate,Male,71.0
16.0,98,Medium,Low,No,8,100,Low,Yes,2,Low,Medium,Public,Neutral,1,No,High School,Near,Male,69.0
26.0,94,High,Low,Yes,5,53,Low,Yes,0,Low,High,Public,Neutral,2,No,High School,Near,Male,69.0
26.0,67,Low,High,Yes,6,81,High,Yes,4,Low,High,Public,Neutral,3,Yes,College,Near,Male,68.0
28.0,73,Low,Medium,Yes,7,63,Low,Yes,0,Low,Medium,Public,Positive,2,No,High School,Near,Male,65.0
15.0,67,Medium,High,Yes,4,94,High,Yes,1,Medium,Medium,Private,Positive,5,No,High School,Far,Male,65.0
23.0,84,Low,Low,Yes,9,56,Low,No,1,Medium,High,Public,Positive,4,No,High School,Near,Female,65.0
24.0,88,High,High,No,9,71,Medium,Yes,2,High,High,Public,Negative,3,No,High School,Near,Female,72.0
17.0,73,Medium,Low,No,4,59,High,Yes,2,Low,High,Private,Negative,4,No,High School,Moderate,Female,63.0
15.0,82,Medium,High,Yes,6,90,High,No,2,High,Medium,Public,Positive,2,No,High School,Near,Male,68.0
30.0,88,Medium,Medium,Yes,7,68,Low,Yes,1,Medium,High,Public,Positive,3,No,College,Near,Female,72.0
21.0,77,Medium,Low,Yes,8,59,Medium,Yes,3,Low,Medium,Private,Positive,2,No,High School,Near,Male,66.0
24.0,94,Low,Medium,No,9,86,High,Yes,2,Low,Medium,Public,Neutral,3,No,College,Near,Female,71.0
15.0,91,Medium,Low,Yes,6,91,Low,Yes,0,Medium,Medium,Public,Positive,3,No,College,Moderate,Female,67.0
13.0,63,Medium,Medium,No,10,73,Low,Yes,2,Low,High,Public,Negative,3,No,Postgraduate,Moderate,Male,61.0
17.0,85,High,High,Yes,7,69,Medium,Yes,4,Low,High,Private,Neutral,2,No,High School,Near,Female,70.0
19.0,69,Medium,Medium,Yes,7,82,Low,No,2,Low,Medium,Public,Neutral,3,No,College,Near,Male,64.0
14.0,82,Medium,Medium,Yes,8,83,Medium,Yes,0,Medium,Medium,Public,Negative,2,No,High School,Moderate,Male,64.0
20.0,98,Low,High,Yes,7,83,Medium,No,0,Low,Medium,Public,Neutral,3,No,High School,Far,Female,68.0
10.0,95,High,Medium,No,7,64,High,Yes,4,Low,Medium,Private,Positive,3,No,Postgraduate,Near,Male,70.0
13.0,76,Low,Medium,Yes,10,97,High,Yes,4,Low,Low,Public,Neutral,3,No,College,Moderate,Male,65.0
24.0,72,High,High,No,7,61,Medium,Yes,3,Low,Medium,Private,Neutral,2,No,High School,Near,Female,67.0
24.0,69,Medium,Low,Yes,6,69,Medium,Yes,0,Low,High,Private,Neutral,4,No,College,Near,Male,65.0
18.0,81,Low,Medium,Yes,6,64,Medium,Yes,1,Medium,Medium,Public,Positive,4,No,High School,Moderate,Female,65.0
14.0,65,Medium,High,Yes,9,97,Low,Yes,3,Low,High,Public,Positive,4,No,High School,Near,Female,65.0
14.0,82,High,Low,Yes,8,91,High,Yes,1,Low,Medium,Public,Negative,2,No,High School,Near,Male,66.0
18.0,60,Medium,High,No,5,91,Low,Yes,2,Low,Medium,Public,Negative,4,Yes,High School,Near,Male,62.0
24.0,73,Medium,Medium,Yes,5,50,Low,Yes,1,Low,Medium,Public,Negative,2,No,High School,Near,Male,63.0
26.0,69,Low,Low,Yes,7,84,Medium,Yes,0,Medium,Medium,Private,Neutral,3,Yes,High School,Moderate,Male,63.0
17.0,99,Medium,Medium,Yes,8,62,Medium,Yes,3,Medium,Medium,Private,Neutral,3,No,High School,Near,Male,70.0
13.0,89,Low,High,Yes,6,98,Medium,Yes,0,Medium,Medium,Private,Negative,4,No,High School,Near,Male,67.0
22.0,74,High,High,No,4,77,Low,Yes,0,High,Medium,Private,Negative,3,Yes,High School,Near,Male,66.0
15.0,64,High,Medium,No,5,78,Medium,Yes,2,Low,Medium,Public,Positive,2,No,High School,Moderate,Male,63.0
17.0,81,High,Low,Yes,9,68,High,Yes,1,Low,Low,Private,Positive,3,No,College,Near,Female,66.0
28.0,69,Low,Medium,No,8,77,Medium,Yes,3,Medium,Medium,Public,Neutral,4,No,College,Moderate,Female,67.0
25.0,81,Medium,Medium,No,9,87,Low,Yes,1,Low,High,Private,Negative,1,No,Postgraduate,Moderate,Female,68.0
21.0,93,Low,High,Yes,9,78,Low,Yes,1,Medium,Low,Public,Neutral,2,Yes,High School,Far,Male,67.0
12.0,85,Medium,High,Yes,6,82,Medium,Yes,1,High,Medium,Public,Neutral,2,No,High School,Far,Male,66.0
21.0,85,High,High,Yes,6,74,Medium,Yes,2,Medium,Medium,Public,Neutral,4,No,High School,Near,Female,71.0
26.0,82,Medium,Medium,Yes,7,86,Medium,Yes,0,Low,High,Public,Neutral,2,Yes,Postgraduate,Near,Male,69.0
18.0,97,High,Low,Yes,8,95,High,Yes,1,Medium,Medium,Public,Positive,2,No,Postgraduate,Moderate,Male,72.0
28.0,97,High,Low,Yes,9,53,Low,Yes,0,Low,Medium,Private,Negative,3,No,College,Moderate,Female,70.0
28.0,81,Medium,Medium,Yes,10,55,Medium,Yes,2,Medium,Low,Private,Neutral,3,No,High School,Near,Male,68.0
30.0,72,Medium,Medium,No,8,84,Medium,Yes,1,Low,High,Private,Positive,1,No,High School,Near,Male,68.0
22.0,78,Low,High,Yes,8,69,High,Yes,2,Low,Medium,Public,Negative,2,No,High School,Near,Female,67.0
24.0,67,Medium,Medium,No,10,64,Low,Yes,1,Low,Medium,Public,Positive,2,Yes,College,Far,Female,62.0
28.0,85,Medium,Low,No,7,59,Low,Yes,1,Low,Medium,Public,Neutral,3,No,Postgraduate,Far,Male,67.0
23.0,80,High,Medium,No,9,79,Medium,Yes,1,Medium,High,Public,Negative,2,No,Postgraduate,Near,Male,69.0
17.0,64,Medium,High,Yes,8,67,Medium,Yes,3,Low,Medium,Public,Negative,3,No,College,Near,Male,64.0
17.0,68,Medium,High,Yes,8,75,Medium,Yes,2,Low,High,Private,Positive,3,No,College,Near,Female,66.0
21.0,79,High,Low,Yes,7,98,High,Yes,2,Low,Medium,Public,Positive,1,No,High School,Near,Male,69.0
12.0,96,High,High,No,5,88,High,Yes,0,Medium,Medium,Private,Positive,2,No,College,Moderate,Female,70.0
19.0,83,High,Medium,No,8,90,Low,Yes,3,Low,Medium,Public,Positive,3,No,College,Moderate,Female,69.0
27.0,87,Medium,Medium,Yes,8,56,Medium,Yes,3,Medium,High,Public,Neutral,3,No,Postgraduate,Near,Male,72.0
7.0,74,Medium,Medium,Yes,6,66,Low,Yes,1,Low,High,Private,Positive,2,No,High School,Near,Female,61.0
29.0,83,Medium,Medium,No,7,55,High,Yes,2,Low,Low,Private,Negative,4,No,High School,Near,Female,68.0
27.0,78,Medium,Medium,No,6,98,Low,Yes,1,Medium,Medium,Public,Positive,3,No,High School,Far,Male,68.0
17.0,86,Low,Medium,No,6,84,High,Yes,0,Medium,Medium,Private,Neutral,3,No,High School,Near,Female,66.0
23.0,62,Medium,Medium,No,6,51,Medium,Yes,5,High,Medium,Public,Negative,2,No,College,Near,Male,65.0
20.0,80,High,Low,Yes,5,74,Medium,Yes,2,Low,Low,Public,Negative,4,No,College,Moderate,Female,66.0
27.0,72,Medium,Medium,No,6,63,Medium,Yes,1,High,Medium,Private,Negative,5,No,College,Moderate,Female,67.0
26.0,73,Medium,High,No,8,77,Medium,Yes,0,Medium,High,Private,Positive,2,No,College,Far,Male,68.0
12.0,98,Low,Medium,No,9,59,Low,Yes,1,High,Medium,Public,Neutral,2,No,Postgraduate,Near,Female,67.0
24.0,67,Low,Medium,Yes,10,53,Medium,Yes,0,Medium,Medium,Public,Positive,3,Yes,College,Near,Female,63.0
19.0,72,Medium,Low,No,6,66,Medium,Yes,0,Medium,High,Private,Neutral,2,No,Postgraduate,Near,Male,64.0
20.0,80,Medium,Low,No,9,65,High,Yes,1,Medium,Medium,Private,Positive,3,No,College,Far,Male,66.0
16.0,95,High,Medium,Yes,8,86,Medium,Yes,0,Low,Low,Public,Positive,4,No,High School,Moderate,Male,69.0
30.0,77,Medium,Low,Yes,7,74,Medium,Yes,3,High,Medium,Private,Neutral,3,No,Postgraduate,Moderate,Male,70.0
26.0,90,Medium,Medium,No,8,65,High,Yes,3,Medium,High,Private,Positive,2,No,High School,Near,Female,72.0
16.0,94,Medium,High,No,9,79,High,Yes,2,High,Medium,Public,Positive,5,No,High School,Moderate,Female,71.0
12.0,72,Medium,Medium,Yes,6,54,Low,Yes,3,Low,Medium,Public,Positive,2,No,Postgraduate,Near,Male,63.0
18.0,76,High,High,No,6,83,Medium,Yes,1,High,Medium,Public,Neutral,4,No,High School,Near,Male,68.0
23.0,74,Medium,High,Yes,6,57,Low,No,1,High,High,Private,Neutral,3,No,College,Near,Male,67.0
21.0,93,Medium,Low,No,6,64,Medium,Yes,2,Low,Medium,Public,Positive,4,No,Postgraduate,Moderate,Male,69.0
28.0,62,Medium,Medium,No,9,64,High,Yes,1,Low,Medium,Private,Negative,2,No,Postgraduate,Near,Male,65.0
25.0,72,High,Low,Yes,6,73,High,Yes,4,Medium,High,Public,Neutral,4,No,College,Moderate,Male,69.0
26.0,87,Medium,Medium,No,6,98,High,Yes,0,Medium,High,Public,Negative,4,No,College,Moderate,Male,71.0
22.0,83,Medium,Low,Yes,7,66,Medium,Yes,2,Medium,Medium,Private,Neutral,3,No,High School,Near,Female,67.0
12.0,77,Low,Medium,No,7,64,Low,Yes,2,High,High,Public,Positive,4,No,College,Moderate,Female,64.0
19.0,82,High,Medium,Yes,6,58,Low,Yes,2,Medium,High,Private,Positive,3,No,College,Near,Female,68.0
26.0,68,High,Low,Yes,10,70,Medium,Yes,1,Low,Medium,Public,Positive,3,No,College,Near,Male,67.0
20.0,77,Low,Low,No,6,59,Low,Yes,1,High,Medium,Public,Negative,2,No,High School,Moderate,Female,62.0
23.0,80,High,Medium,No,7,57,Low,Yes,2,Medium,High,Public,Negative,2,No,Postgraduate,Moderate,Female,68.0
18.0,96,Medium,Medium,Yes,4,93,Medium,Yes,0,Medium,High,Public,Positive,4,No,College,Near,Female,72.0
14.0,70,Medium,High,Yes,7,53,Low,Yes,0,Medium,Medium,Public,Negative,3,No,High School,Moderate,Male,61.0
19.0,95,Low,Low,Yes,5,86,Medium,Yes,0,High,Medium,Public,Negative,4,No,High School,Moderate,Male,67.0
22.0,86,High,Medium,No,6,60,High,Yes,0,High,High,Public,Neutral,3,No,Postgraduate,Near,Male,70.0
16.0,61,Low,Medium,Yes,4,51,Low,Yes,1,Low,Medium,Public,Neutral,3,No,High School,Near,Male,59.0
19.0,89,High,Medium,Yes,6,90,High,Yes,0,Low,High,Private,Negative,4,No,College,Moderate,Female,70.0
14.0,61,Low,Medium,No,7,85,High,Yes,1,Low,Medium,Public,Neutral,1,No,High School,Near,Female,60.0
27.0,100,High,Medium,No,7,67,Medium,Yes,1,High,High,Public,Neutral,3,No,College,Moderate,Male,74.0
18.0,95,Low,High,Yes,6,54,High,Yes,0,Medium,High,Private,Negative,3,No,College,Moderate,Male,68.0
29.0,72,Medium,Medium,No,7,68,Low,Yes,0,Low,Medium,Public,Positive,3,No,College,Near,Female,67.0
29.0,70,Medium,Low,No,6,59,High,Yes,2,Medium,Medium,Private,Neutral,4,No,Postgraduate,Far,Male,67.0
20.0,75,Low,Medium,Yes,7,97,High,Yes,0,Medium,Medium,Public,Neutral,2,No,College,Near,Female,66.0
14.0,74,Medium,Medium,No,7,76,High,Yes,1,Low,High,Public,Neutral,2,No,High School,Far,Female,63.0
7.0,75,Medium,Medium,No,7,98,Low,No,1,Low,High,Public,Positive,3,No,College,Near,Male,62.0
11.0,73,High,Low,Yes,7,68,High,Yes,3,Low,High,Private,Neutral,3,No,College,Moderate,Female,64.0
12.0,85,Medium,Medium,Yes,6,78,High,Yes,3,Medium,Medium,Public,Neutral,4,No,College,Near,Male,68.0
28.0,67,Medium,Medium,No,8,60,High,Yes,0,Medium,Medium,Public,Positive,3,No,High School,Moderate,Female,65.0
21.0,94,Medium,Low,Yes,8,90,Low,Yes,1,Medium,Medium,Public,Positive,4,No,Postgraduate,Near,Female,71.0
22.0,92,Medium,Medium,Yes,7,52,Low,No,1,Medium,Medium,Private,Negative,3,No,Postgraduate,Near,Female,68.0
7.0,79,Low,High,Yes,9,85,Medium,Yes,0,Medium,Medium,Public,Negative,2,No,High School,Near,Male,62.0
13.0,94,High,High,Yes,7,70,Medium,Yes,1,Medium,Medium,Private,Negative,3,No,High School,Moderate,Male,68.0
25.0,70,Medium,Medium,Yes,7,79,Low,Yes,3,High,Medium,Public,Neutral,3,No,High School,Near,Male,68.0
22.0,61,High,Medium,Yes,7,80,High,Yes,3,Medium,High,Public,Neutral,3,No,Postgraduate,Moderate,Male,67.0
19.0,85,Medium,Medium,Yes,7,86,Medium,Yes,0,Low,Medium,Public,Positive,2,No,College,Moderate,Female,67.0
23.0,78,High,High,Yes,6,60,Medium,Yes,2,High,High,Public,Positive,4,No,High School,Far,Male,70.0
30.0,83,Low,Medium,Yes,4,77,Medium,Yes,0,Low,Medium,Public,Neutral,4,No,High School,Near,Female,69.0
19.0,96,Low,Medium,No,7,71,Medium,Yes,2,Low,High,Private,Positive,3,No,Postgraduate,Moderate,Male,70.0
20.0,99,Medium,Low,No,8,64,Low,Yes,1,High,Medium,Public,Positive,2,No,High School,Near,Male,69.0
21.0,85,High,Medium,Yes,5,75,Low,Yes,1,High,High,Public,Positive,2,No,High School,Moderate,Female,70.0
34.0,91,Medium,Low,No,9,98,Medium,Yes,0,Medium,Medium,Public,Neutral,4,No,High School,Moderate,Male,72.0
7.0,63,Low,Medium,No,5,97,Medium,Yes,1,Low,Medium,Public,Neutral,2,No,High School,Near,Female,59.0
24.0,66,Medium,Medium,No,6,64,Medium,No,0,Medium,High,Public,Neutral,4,No,High School,Near,Male,64.0
19.0,89,High,High,Yes,10,94,Medium,Yes,0,High,Medium,Private,Neutral,1,No,College,Near,Female,72.0
23.0,77,Low,High,Yes,8,94,Medium,Yes,0,High,Medium,Private,Positive,3,No,Postgraduate,Near,Male,70.0
16.0,78,Low,High,No,7,62,Medium,Yes,0,High,High,Public,Negative,1,No,High School,Far,Female,63.0
20.0,72,High,Medium,Yes,7,80,Medium,Yes,1,Low,High,Private,Negative,3,No,College,Near,Male,66.0
24.0,84,High,High,No,9,93,Medium,Yes,3,High,Medium,Public,Neutral,4,No,High School,Far,Male,72.0
20.0,67,High,High,Yes,5,76,Medium,No,2,Medium,Medium,Private,Negative,4,No,High School,Near,Female,71.0
25.0,85,High,High,No,9,68,Medium,Yes,1,High,Medium,Public,Negative,3,No,Postgraduate,Far,Female,71.0
15.0,67,Low,Medium,Yes,6,83,Low,Yes,3,Medium,Low,Public,Positive,3,No,High School,Moderate,Male,62.0
17.0,63,Medium,Medium,Yes,8,59,Medium,Yes,1,Low,High,Public,Positive,1,No,Postgraduate,Moderate,Male,62.0
17.0,73,Medium,Low,No,6,58,Medium,Yes,4,Medium,Medium,Public,Positive,1,No,College,Near,Male,64.0
9.0,69,High,High,Yes,10,92,Medium,Yes,2,Low,Medium,Private,Neutral,3,No,Postgraduate,Near,Male,65.0
18.0,96,High,Low,Yes,7,52,Low,Yes,1,Low,Medium,Private,Neutral,4,No,College,Near,Female,68.0
24.0,62,High,Medium,Yes,5,90,Low,Yes,0,High,Medium,Private,Positive,3,No,College,Near,Male,67.0
12.0,67,Medium,Medium,Yes,8,65,Low,Yes,1,High,Medium,Public,Neutral,3,No,High School,Moderate,Male,61.0
26.0,82,Low,Low,Yes,9,74,High,Yes,2,Medium,Medium,Public,Negative,5,No,High School,Moderate,Female,68.0
23.0,79,Medium,High,No,9,77,Medium,Yes,1,Low,High,Public,Neutral,3,No,High School,Near,Male,68.0
16.0,62,Medium,Medium,No,7,88,Medium,Yes,1,Low,High,Public,Neutral,1,No,High School,Near,Female,62.0
19.0,60,Medium,Low,No,8,94,High,Yes,1,Low,Low,Private,Neutral,3,No,High School,Near,Female,62.0
30.0,100,High,High,Yes,6,90,Low,Yes,0,Medium,Low,Public,Positive,2,Yes,High School,Near,Male,74.0
24.0,86,Medium,Medium,Yes,8,79,Medium,No,0,Low,Medium,Public,Neutral,4,No,High School,Near,Female,68.0
20.0,75,Low,High,No,8,67,Medium,Yes,1,High,Low,Public,Positive,4,No,College,Moderate,Male,66.0
19.0,79,Medium,Medium,No,4,76,High,Yes,1,Medium,Medium,Private,Neutral,3,No,High School,Near,Male,67.0
20.0,71,High,Medium,No,5,52,High,Yes,1,Medium,High,Public,Neutral,3,No,High School,Moderate,Male,65.0
17.0,74,Medium,Medium,Yes,7,62,Medium,Yes,2,High,Medium,Public,Positive,4,No,High School,Near,Male,66.0
7.0,86,High,Medium,No,7,68,Medium,Yes,5,Low,Medium,Public,Positive,4,No,Postgraduate,Moderate,Male,67.0
32.0,95,Medium,Medium,Yes,7,66,High,Yes,5,High,Medium,Private,Negative,3,No,College,Near,Male,76.0
21.0,67,Low,High,Yes,7,55,High,Yes,2,High,High,Private,Positive,3,No,High School,Moderate,Female,66.0
22.0,94,Low,Low,No,9,53,High,Yes,1,Medium,High,Public,Neutral,3,No,College,Near,Female,68.0
20.0,65,High,Medium,Yes,8,71,Low,Yes,2,Low,Medium,Private,Neutral,3,Yes,College,Near,Female,63.0
16.0,69,Medium,High,Yes,4,54,Medium,Yes,4,Low,Low,Public,Positive,4,No,College,Near,Female,65.0
19.0,61,High,Medium,No,10,64,Medium,Yes,3,Low,Medium,Public,Positive,3,No,High School,Moderate,Male,63.0
10.0,66,Medium,Medium,No,4,74,Low,Yes,2,Low,Medium,Public,Negative,2,No,High School,Moderate,Male,59.0
34.0,97,Medium,Medium,No,8,60,Medium,Yes,2,Medium,Medium,Private,Neutral,4,No,High School,Near,Male,74.0
13.0,78,Medium,Low,Yes,5,54,Low,Yes,2,Low,High,Public,Positive,3,Yes,College,Near,Male,62.0
14.0,63,Low,Low,Yes,9,72,Medium,Yes,3,Low,Low,Public,Positive,4,Yes,High School,Near,Female,59.0
17.0,98,Medium,High,Yes,7,72,High,Yes,0,Low,Medium,Public,Positive,3,No,High School,Near,Male,71.0
28.0,95,Medium,Medium,No,8,96,Medium,Yes,1,Medium,Medium,Public,Neutral,3,No,Postgraduate,Moderate,Male,73.0
20.0,90,High,Medium,Yes,4,56,Medium,Yes,0,Low,High,Private,Positive,1,No,High School,Moderate,Male,68.0
13.0,97,Medium,Medium,Yes,8,81,Medium,Yes,3,Low,Medium,Public,Neutral,1,No,High School,Far,Male,68.0
28.0,69,Medium,Medium,Yes,8,66,Medium,Yes,0,Low,Medium,Public,Positive,6,No,College,Far,Male,66.0
24.0,93,Low,High,Yes,8,56,Medium,Yes,1,Low,Medium,Public,Neutral,3,No,College,Moderate,Male,69.0
23.0,88,Medium,Medium,No,8,70,Medium,Yes,2,Medium,High,Public,Neutral,4,No,High School,Near,Female,70.0
24.0,95,Medium,High,Yes,7,71,High,Yes,1,Medium,High,Public,Positive,3,No,High School,Near,Male,74.0
34.0,92,High,Medium,No,7,68,Low,Yes,0,Medium,High,Public,Positive,5,No,College,Near,Female,75.0
33.0,74,Medium,Medium,Yes,6,88,Medium,Yes,2,Medium,Medium,Private,Neutral,3,No,College,Near,Male,71.0
16.0,91,High,High,Yes,6,92,Low,Yes,2,Low,High,Private,Positive,3,No,High School,Moderate,Male,71.0
30.0,70,Medium,Medium,No,9,57,Medium,Yes,1,Low,Medium,Public,Negative,4,No,College,Far,Female,65.0
22.0,73,Low,Medium,No,6,58,High,Yes,1,Medium,Medium,Private,Positive,3,No,Postgraduate,Moderate,Male,65.0
23.0,64,Medium,High,No,4,71,Low,Yes,2,Medium,Medium,Public,Negative,1,No,Postgraduate,Near,Male,65.0
10.0,97,Medium,Medium,No,6,66,Medium,Yes,2,Low,Medium,Public,Neutral,2,No,Postgraduate,Near,Female,67.0
19.0,72,Medium,Medium,Yes,8,91,High,Yes,1,Low,Medium,Private,Positive,4,No,High School,Moderate,Male,67.0
15.0,81,Medium,Medium,Yes,7,100,Medium,Yes,1,Low,Medium,Public,Neutral,3,No,Postgraduate,Moderate,Male,67.0
25.0,76,High,High,Yes,8,59,Medium,Yes,4,Medium,Medium,Private,Neutral,4,No,College,Near,Female,71.0
26.0,98,High,Low,No,4,88,Low,Yes,1,Medium,High,Public,Neutral,1,No,College,Moderate,Female,72.0
8.0,73,Medium,High,Yes,4,80,Low,Yes,0,Low,High,Public,Neutral,4,No,College,Moderate,Male,62.0
20.0,91,High,Low,Yes,7,82,Medium,Yes,0,Medium,Medium,Public,Neutral,4,No,College,Near,Male,70.0
27.0,94,Medium,High,No,9,63,High,Yes,0,Low,Medium,Public,Neutral,4,No,College,Near,Female,72.0
19.0,77,Low,Medium,Yes,4,55,Medium,Yes,0,Medium,Low,Public,Positive,4,No,College,Moderate,Male,64.0
24.0,75,High,Low,Yes,8,77,High,Yes,1,Low,Medium,Private,Negative,1,No,College,Moderate,Male,66.0
22.0,90,Low,Medium,Yes,9,81,Medium,Yes,0,Medium,Medium,Public,Neutral,4,No,High School,Near,Male,69.0
22.0,97,High,Medium,No,7,98,High,Yes,0,Medium,Medium,Public,Negative,0,No,College,Moderate,Female,71.0
18.0,90,Medium,Low,No,8,84,High,Yes,2,Low,High,Private,Positive,3,No,High School,Moderate,Male,68.0
13.0,69,Medium,Medium,Yes,7,72,Low,Yes,2,High,Medium,Public,Positive,2,No,High School,Moderate,Female,63.0
13.0,96,Medium,High,Yes,7,100,Medium,No,4,Medium,High,Public,Negative,3,No,High School,Near,Male,71.0
24.0,76,High,Low,Yes,8,69,Low,Yes,3,Low,Medium,Private,Negative,1,No,High School,Near,Male,65.0
20.0,83,Low,High,Yes,10,58,Medium,Yes,0,Low,High,Public,Neutral,1,No,High School,Near,Female,66.0
19.0,93,Low,Low,Yes,6,81,Medium,Yes,2,High,Medium,Private,Positive,3,Yes,College,Moderate,Female,68.0
17.0,68,Medium,Medium,Yes,7,63,Medium,No,0,Low,Medium,Public,Neutral,3,No,High School,Moderate,Male,61.0
18.0,91,Low,High,No,6,96,Medium,Yes,2,Low,Medium,Private,Positive,3,No,Postgraduate,Near,Male,71.0
26.0,84,Medium,High,Yes,7,71,Medium,Yes,0,Medium,Medium,Public,Neutral,2,No,High School,Near,Female,70.0
18.0,96,High,Low,No,7,57,Low,Yes,1,Low,Medium,Public,Negative,3,No,High School,Moderate,Female,66.0
12.0,67,High,Medium,Yes,9,57,Low,Yes,0,Low,Medium,Private,Positive,2,No,College,Moderate,Male,61.0
24.0,77,High,Low,Yes,9,82,Low,Yes,1,Medium,Medium,Private,Neutral,2,No,High School,Near,Male,67.0
19.0,93,High,Medium,Yes,8,68,Medium,Yes,1,High,High,Public,Positive,3,No,Postgraduate,Near,Female,72.0
20.0,61,High,High,No,9,68,Medium,Yes,1,High,Low,Private,Positive,3,No,High School,Near,Female,65.0
30.0,64,High,Medium,No,6,81,Low,Yes,3,Medium,Medium,Public,Negative,2,No,College,Near,Female,68.0
20.0,100,Low,Medium,Yes,6,61,High,No,3,Medium,Medium,Public,Positive,4,No,College,Far,Male,70.0
22.0,71,Medium,Low,Yes,8,57,Medium,Yes,1,Low,High,Public,Negative,4,No,High School,Moderate,Male,63.0
13.0,99,High,Low,No,7,83,Medium,Yes,1,Medium,Medium,Public,Neutral,4,No,Postgraduate,Far,Female,69.0
19.0,67,Medium,Low,No,10,50,Medium,Yes,0,High,Medium,Public,Positive,3,No,High School,Near,Male,62.0
24.0,74,High,High,No,4,95,High,Yes,1,High,Medium,Public,Neutral,4,No,Postgraduate,Moderate,Female,71.0
11.0,90,Low,Low,Yes,8,59,Low,Yes,1,Low,High,Public,Positive,4,No,High School,Near,Male,64.0
21.0,86,High,Medium,No,8,72,Medium,Yes,0,High,High,Public,Positive,3,No,High School,Moderate,Male,69.0
21.0,83,Medium,High,Yes,6,61,High,Yes,2,Low,High,Public,Positive,3,No,Postgraduate,Near,Male,71.0
20.0,81,Low,Medium,Yes,6,61,Low,No,0,Low,Medium,Public,Positive,4,Yes,High School,Near,Female,63.0
26.0,94,Low,High,Yes,6,92,Low,Yes,1,Low,High,Public,Neutral,3,No,High School,Near,Female,72.0
22.0,69,Medium,Medium,Yes,5,79,Medium,Yes,1,Low,Low,Public,Positive,3,No,College,Near,Male,66.0
29.0,78,High,Medium,Yes,9,66,Medium,Yes,2,Low,Medium,Public,Neutral,4,No,High School,Moderate,Male,69.0
14.0,66,Medium,Medium,Yes,10,63,Low,Yes,0,Low,Medium,Public,Positive,3,No,High School,Moderate,Male,60.0
21.0,84,High,High,Yes,6,61,Low,Yes,1,Medium,High,Private,Negative,4,No,High School,Moderate,Female,68.0
21.0,70,Medium,High,No,6,78,Medium,Yes,3,Medium,Low,Public,Neutral,2,No,College,Far,Male,65.0
14.0,73,High,Medium,No,5,87,High,Yes,2,Medium,Medium,Public,Positive,4,No,College,Near,Female,67.0
26.0,79,Medium,Low,Yes,5,63,Medium,Yes,0,Low,Medium,Public,Positive,2,No,High School,Near,Male,66.0
34.0,61,Medium,Medium,Yes,6,67,High,Yes,1,High,Medium,Private,Neutral,2,No,Postgraduate,Moderate,Male,68.0
20.0,64,Low,Medium,Yes,9,86,Medium,Yes,0,Low,High,Private,Negative,4,No,High School,Near,Female,63.0
23.0,87,High,High,Yes,10,87,Medium,Yes,1,Medium,Medium,Private,Positive,3,No,College,Near,Male,73.0
21.0,77,Medium,Medium,Yes,6,60,Medium,Yes,1,Medium,Medium,Private,Neutral,3,No,College,Moderate,Male,66.0
16.0,95,Low,Medium,Yes,6,69,Low,Yes,2,Low,High,Public,Neutral,3,Yes,College,Near,Male,67.0
9.0,88,Low,Medium,Yes,5,93,Low,Yes,2,Medium,Medium,Public,Neutral,4,No,Postgraduate,Near,Male,66.0
16.0,60,Medium,Low,No,8,87,Low,Yes,0,Low,Low,Public,Positive,5,No,High School,Near,Male,60.0
12.0,85,High,High,No,8,58,Low,Yes,1,Low,High,Public,Positive,3,No,Postgraduate,Near,Male,67.0
30.0,64,Medium,Medium,No,7,69,Medium,Yes,3,High,Low,Public,Negative,4,No,High School,Near,Female,67.0
19.0,91,Medium,Medium,Yes,6,99,High,Yes,0,Medium,Medium,Public,Neutral,2,No,High School,Near,Female,70.0
18.0,100,High,Low,No,9,76,Low,Yes,1,Low,Medium,Public,Positive,2,No,High School,Near,Female,69.0
25.0,81,Medium,Low,Yes,8,86,Medium,Yes,1,Low,Medium,Public,Negative,3,No,Postgraduate,Near,Male,68.0
13.0,87,High,Low,Yes,8,55,High,Yes,1,High,High,Private,Positive,3,No,High School,Near,Female,67.0
15.0,69,Medium,High,No,8,92,Low,Yes,0,Low,Medium,Public,Neutral,1,No,College,Moderate,Male,63.0
20.0,78,High,Medium,No,7,80,High,Yes,2,High,Medium,Public,Positive,3,No,College,Near,Male,70.0
26.0,94,Low,Medium,No,6,59,High,Yes,4,Low,Medium,Public,Neutral,3,No,High School,Near,Female,71.0
23.0,67,High,High,Yes,8,69,Low,Yes,1,High,Medium,Public,Neutral,2,No,High School,Near,Female,67.0
21.0,71,Medium,Medium,No,8,54,High,Yes,1,Medium,Medium,Private,Neutral,3,No,High School,Near,Male,64.0
20.0,78,Low,Medium,No,8,89,High,No,0,Medium,Medium,Private,Neutral,4,No,College,Near,Female,66.0
22.0,88,Medium,Medium,Yes,5,87,Low,Yes,1,Low,High,Public,Neutral,3,No,Postgraduate,Near,Male,70.0
21.0,75,Medium,Low,Yes,8,75,High,Yes,1,Medium,Medium,Private,Negative,2,No,High School,Moderate,Male,65.0
14.0,97,Low,Medium,Yes,7,73,Medium,Yes,2,Medium,Low,Public,Positive,3,No,College,Moderate,Male,68.0
20.0,64,Medium,Low,Yes,6,73,High,Yes,3,Medium,High,Public,Negative,5,No,Postgraduate,Far,Female,65.0
14.0,75,High,Medium,No,8,52,Medium,Yes,3,Medium,Medium,Public,Neutral,1,No,Postgraduate,Near,Male,65.0
20.0,88,Medium,Medium,Yes,7,68,Medium,Yes,0,Low,High,Public,Positive,4,No,College,Near,Female,69.0
17.0,69,Medium,Medium,No,10,56,Medium,Yes,1,Medium,Medium,Public,Neutral,4,No,High School,Near,Female,63.0
35.0,86,Low,Medium,No,8,59,Medium,Yes,2,Low,Low,Public,Positive,2,No,College,Moderate,Female,70.0
20.0,67,Low,Low,Yes,7,98,Medium,Yes,1,Medium,Medium,Public,Neutral,4,No,College,Near,Male,64.0
12.0,62,Medium,High,Yes,7,63,High,Yes,1,High,Medium,Public,Neutral,4,No,High School,Near,Female,62.0
19.0,65,High,High,Yes,5,74,Medium,Yes,1,Low,Medium,Private,Positive,3,No,High School,Near,Female,66.0
23.0,97,High,Low,Yes,9,94,High,Yes,2,Low,Medium,Public,Positive,3,No,High School,Moderate,Male,73.0
30.0,82,Medium,High,Yes,7,71,Medium,Yes,3,Low,High,Public,Neutral,3,No,Postgraduate,Far,Female,72.0
16.0,92,Medium,Medium,Yes,7,76,High,No,0,High,Medium,Private,Neutral,2,No,Postgraduate,Far,Male,68.0
11.0,73,Medium,High,No,5,58,Medium,No,0,Medium,Medium,Private,Positive,4,No,College,Near,Male,62.0
25.0,84,Medium,Low,No,8,64,Medium,Yes,2,Low,Medium,Private,Neutral,4,No,High School,Near,Male,67.0
12.0,80,Medium,Low,No,6,75,Medium,Yes,1,Low,High,Public,Negative,4,No,High School,Moderate,Male,62.0
17.0,98,High,High,No,6,68,Medium,Yes,2,Medium,Medium,Public,Positive,3,No,High School,Near,Male,72.0
18.0,90,Low,High,No,7,52,High,Yes,2,Medium,High,Public,Negative,2,No,High School,Near,Male,67.0
20.0,89,High,Medium,Yes,6,70,Low,Yes,1,Low,Medium,Private,Positive,3,No,High School,Moderate,Female,68.0
24.0,62,Low,High,Yes,6,91,Medium,Yes,2,Medium,Medium,Public,Neutral,3,No,High School,Moderate,Female,65.0
16.0,82,Medium,Medium,No,7,56,Low,Yes,0,High,High,Private,Negative,1,Yes,High School,Far,Female,79.0
18.0,79,High,Low,No,9,51,High,Yes,2,Medium,Medium,Private,Positive,3,No,High School,Near,Male,66.0
20.0,97,Medium,Medium,Yes,8,56,Low,Yes,1,Low,Medium,Private,Neutral,2,No,High School,Near,Female,68.0
21.0,70,Low,Low,Yes,8,84,Medium,Yes,1,High,High,Public,Positive,3,Yes,Postgraduate,Near,Male,65.0
21.0,71,Medium,High,Yes,8,90,Medium,Yes,3,Low,Medium,Public,Neutral,4,No,High School,Moderate,Female,67.0
23.0,76,Medium,High,Yes,6,52,Low,Yes,3,Medium,Medium,Public,Neutral,4,No,College,Moderate,Male,67.0
25.0,70,Low,Medium,Yes,9,94,Medium,Yes,1,Medium,Medium,Public,Neutral,4,No,High School,Moderate,Male,67.0
22.0,65,Medium,Medium,Yes,4,81,High,Yes,5,Medium,Medium,Public,Positive,4,No,College,Far,Female,68.0
23.0,94,Medium,High,No,8,76,Low,Yes,3,Medium,Medium,Public,Positive,3,No,High School,Moderate,Male,72.0
11.0,82,High,Medium,No,8,63,High,Yes,1,Medium,Medium,Public,Neutral,5,No,High School,Near,Male,65.0
20.0,94,Low,Medium,No,7,69,Low,Yes,0,Low,Medium,Public,Positive,3,Yes,High School,Moderate,Female,65.0
23.0,93,Medium,Medium,Yes,6,97,Low,No,1,Medium,Medium,Public,Positive,2,No,College,Moderate,Male,70.0
24.0,71,Medium,Medium,Yes,7,96,Medium,Yes,2,Low,Medium,Public,Negative,2,No,High School,Near,Male,67.0
16.0,82,Medium,High,Yes,6,81,Medium,Yes,1,Medium,Medium,Private,Neutral,4,No,College,Near,Male,68.0
16.0,63,Medium,Medium,No,8,79,Medium,Yes,2,Low,High,Public,Positive,3,No,College,Moderate,Male,63.0
17.0,97,Medium,Medium,Yes,8,61,Low,Yes,2,Low,Medium,Public,Neutral,2,No,High School,Near,Male,68.0
23.0,76,Medium,High,Yes,8,98,Medium,Yes,0,Medium,Low,Public,Neutral,2,No,Postgraduate,Moderate,Female,69.0
26.0,76,Low,Low,Yes,8,88,Low,Yes,2,Low,Low,Public,Positive,4,No,High School,Near,Male,66.0
18.0,72,High,Medium,Yes,8,69,High,No,2,High,Medium,Public,Neutral,4,Yes,High School,Far,Female,64.0
25.0,78,High,Low,Yes,8,91,Medium,Yes,3,Low,Medium,Public,Negative,4,No,High School,Near,Male,69.0
21.0,70,Low,Medium,No,6,61,Medium,Yes,1,Low,Medium,Public,Neutral,3,No,High School,Near,Male,62.0
19.0,75,Medium,High,Yes,5,61,High,Yes,0,Medium,Medium,Public,Negative,3,No,High School,Near,Female,65.0
19.0,92,Medium,Medium,Yes,7,90,Medium,Yes,1,Low,High,Public,Positive,2,No,High School,Near,Female,70.0
24.0,93,Low,High,Yes,8,78,Medium,Yes,1,High,Medium,Public,Neutral,4,No,High School,Near,Female,72.0
22.0,72,Medium,Medium,No,5,78,High,Yes,1,Low,High,Public,Positive,3,No,High School,Near,Female,66.0
34.0,79,High,Low,Yes,7,79,Low,Yes,3,Medium,High,Private,Negative,2,Yes,High School,Moderate,Male,70.0
15.0,95,Medium,Medium,No,9,56,Medium,No,3,Low,High,Public,Positive,1,No,High School,Near,Male,67.0
23.0,62,High,High,Yes,7,67,Low,Yes,1,Low,Medium,Public,Negative,4,No,Postgraduate,Moderate,Female,65.0
17.0,96,Medium,Low,Yes,9,79,Low,No,3,Medium,Medium,Private,Neutral,2,No,Postgraduate,Moderate,Male,68.0
15.0,69,Low,Medium,Yes,9,62,Low,Yes,2,Medium,High,Public,Neutral,3,No,High School,Moderate,Male,62.0
20.0,87,Low,Medium,Yes,7,75,High,Yes,1,Low,Medium,Public,Negative,3,No,Postgraduate,Near,Male,68.0
21.0,83,High,Medium,No,6,78,Medium,Yes,2,High,High,Public,Positive,3,Yes,High School,Near,Female,69.0
20.0,82,Medium,Low,No,6,97,Low,Yes,2,Low,Medium,Private,Negative,3,No,College,Near,Male,72.0
19.0,94,Low,Medium,No,7,62,Medium,Yes,0,Medium,Medium,Public,Negative,3,Yes,High School,Moderate,Male,65.0
13.0,64,Medium,High,Yes,5,72,Medium,Yes,2,Medium,Medium,Private,Neutral,2,No,Postgraduate,Moderate,Male,63.0
22.0,74,High,High,Yes,5,99,Medium,Yes,0,Low,Medium,Public,Neutral,2,No,College,Near,Female,68.0
8.0,82,High,Low,No,4,59,Medium,Yes,1,Medium,Medium,Public,Neutral,2,No,College,Near,Male,62.0
19.0,92,Medium,Medium,Yes,7,89,Medium,No,0,Low,High,Private,Neutral,2,No,Postgraduate,Near,Male,69.0
20.0,69,Medium,Low,No,10,59,Medium,Yes,2,High,High,Public,Positive,4,No,High School,Near,Female,65.0
25.0,92,High,Medium,No,4,93,High,Yes,3,High,Medium,Public,Neutral,2,No,High School,Near,Female,74.0
26.0,76,High,Low,Yes,7,74,Medium,Yes,4,Medium,High,Public,Positive,3,No,High School,Moderate,Female,70.0
17.0,68,Medium,Low,Yes,7,99,High,Yes,2,Medium,Medium,Public,Positive,3,No,High School,Near,Female,65.0
19.0,90,High,High,No,7,59,Low,Yes,3,High,Medium,Public,Neutral,3,No,College,Moderate,Male,70.0
15.0,64,Low,Low,Yes,9,84,Low,Yes,0,Medium,Medium,Public,Neutral,3,No,College,Far,Male,59.0
13.0,81,Low,Medium,Yes,6,85,Low,Yes,1,Low,Medium,Private,Neutral,3,No,High School,Moderate,Male,63.0
22.0,63,Low,High,Yes,4,86,Low,Yes,0,Low,High,Public,Neutral,4,No,College,Near,Female,64.0
12.0,74,Low,High,Yes,6,55,High,Yes,0,Medium,Low,Public,Positive,3,No,Postgraduate,Near,Male,63.0
18.0,84,High,Low,No,6,64,Medium,Yes,2,Low,High,Public,Positive,2,No,High School,Near,Female,67.0
14.0,82,Medium,Medium,Yes,4,67,Medium,Yes,1,High,Medium,Public,Neutral,4,No,High School,Moderate,Female,65.0
23.0,76,Medium,Medium,No,7,66,Medium,Yes,2,Medium,Medium,Public,Neutral,3,No,College,Near,Male,67.0
31.0,77,High,Medium,No,5,84,Medium,Yes,2,High,High,Public,Positive,5,No,High School,Near,Male,73.0
12.0,69,High,High,Yes,7,53,Low,Yes,2,Low,High,Public,Neutral,3,No,College,Near,Male,64.0
9.0,78,Low,High,No,6,87,Medium,Yes,0,Medium,High,Private,Positive,3,No,Postgraduate,Near,Male,65.0
19.0,98,Medium,High,Yes,5,76,Medium,Yes,2,Medium,Medium,Private,Positive,3,No,High School,Moderate,Male,72.0
20.0,94,High,Medium,No,8,59,High,Yes,3,Medium,Medium,Public,Positive,4,No,High School,Near,Female,72.0
21.0,66,High,Medium,No,7,61,Medium,Yes,2,High,High,Public,Neutral,2,No,College,Near,Male,66.0
17.0,61,High,Medium,Yes,7,55,High,Yes,1,Medium,Medium,Private,Negative,2,Yes,College,Near,Male,62.0
19.0,97,Low,Medium,No,8,73,Medium,Yes,2,Medium,Medium,Private,Negative,1,No,College,Near,Male,68.0
22.0,81,Medium,Low,Yes,7,80,Low,Yes,1,Medium,Medium,Public,Positive,3,No,College,Moderate,Female,67.0
26.0,82,High,Low,No,7,79,Medium,Yes,1,Medium,Medium,Public,Positive,2,Yes,Postgraduate,Near,Female,69.0
8.0,91,High,Low,No,6,98,Medium,Yes,1,Medium,Medium,Private,Positive,3,No,High School,Near,Female,67.0
18.0,73,Medium,Medium,No,5,65,Medium,Yes,1,Low,High,Public,Negative,3,No,College,Moderate,Female,63.0
21.0,79,Low,Medium,Yes,7,88,Low,Yes,0,Low,Medium,Private,Negative,4,No,High School,Moderate,Male,65.0
14.0,99,High,Medium,No,6,86,Low,Yes,2,High,High,Private,Negative,4,No,College,Near,Male,71.0
30.0,87,Medium,Medium,No,8,53,Low,Yes,1,Low,High,Private,Neutral,1,No,Postgraduate,Near,Male,70.0
16.0,66,Medium,Medium,Yes,7,97,Medium,Yes,5,Low,High,Public,Positive,3,No,Postgraduate,Near,Male,68.0
20.0,65,Medium,Medium,Yes,8,97,High,Yes,0,Low,Medium,Public,Negative,3,No,College,Near,Female,65.0
23.0,68,Medium,High,Yes,6,70,Medium,Yes,4,Medium,Medium,Public,Positive,2,No,High School,Near,Male,68.0
16.0,91,Medium,Medium,Yes,5,71,Medium,Yes,2,High,Medium,Public,Negative,3,No,College,Near,Male,69.0
9.0,72,Medium,High,Yes,10,91,Medium,No,1,High,Medium,Public,Neutral,2,No,High School,Far,Female,62.0
17.0,61,Low,High,Yes,7,75,Medium,No,2,Medium,High,Public,Negative,4,No,College,Near,Female,62.0
26.0,98,High,Low,No,8,90,Low,Yes,1,High,Low,Public,Positive,2,Yes,Postgraduate,Moderate,Female,72.0
18.0,67,High,Medium,No,5,52,High,Yes,0,Medium,Medium,Private,Neutral,4,No,Postgraduate,Moderate,Male,64.0
15.0,60,High,Medium,No,7,63,Low,Yes,0,Low,High,Public,Positive,1,Yes,High School,Far,Female,58.0
26.0,69,High,Medium,No,9,55,Low,Yes,1,Low,Medium,Public,Neutral,3,No,College,Near,Male,66.0
18.0,69,Medium,Low,Yes,5,73,Low,Yes,1,Low,High,Public,Positive,4,No,Postgraduate,Moderate,Male,64.0
17.0,77,Medium,High,Yes,10,93,Low,Yes,3,High,High,Private,Positive,1,No,College,Far,Female,68.0
21.0,97,Low,Low,No,7,78,Medium,Yes,0,High,Medium,Public,Neutral,3,No,Postgraduate,Near,Female,69.0
25.0,95,Low,High,No,6,76,Medium,Yes,1,Low,Medium,Public,Positive,5,No,High School,Near,Male,71.0
34.0,78,Medium,High,Yes,8,68,Medium,Yes,1,Medium,Medium,Public,Negative,2,No,College,Near,Male,71.0
25.0,76,Medium,Medium,Yes,9,53,Medium,Yes,0,High,High,Private,Positive,3,No,High School,Moderate,Male,67.0
27.0,82,High,Low,Yes,6,88,Medium,Yes,2,High,High,Private,Neutral,3,No,High School,Near,Male,71.0
17.0,70,Medium,Medium,Yes,6,79,Low,Yes,2,Medium,Medium,Public,Positive,3,No,High School,Near,Female,64.0
14.0,62,Medium,Medium,Yes,7,97,High,Yes,0,Medium,Medium,Public,Positive,1,No,High School,Moderate,Male,62.0
20.0,98,Medium,Medium,No,8,72,Medium,Yes,1,High,Medium,Public,Negative,4,No,High School,Near,Female,70.0
21.0,67,Low,High,No,7,70,Low,Yes,2,Low,Medium,Private,Negative,2,No,Postgraduate,Moderate,Female,63.0
14.0,68,High,Medium,Yes,8,99,High,Yes,0,High,Medium,Public,Positive,3,No,High School,Near,Female,66.0
19.0,79,Medium,Medium,Yes,8,57,Low,Yes,2,Low,Low,Public,Positive,3,No,High School,Moderate,Male,65.0
22.0,80,Medium,High,No,7,63,Medium,Yes,1,High,Medium,Public,Positive,3,No,College,Near,Male,69.0
22.0,61,High,Low,Yes,6,74,Medium,Yes,1,Low,Medium,Public,Negative,3,No,High School,Near,Male,63.0
23.0,66,Medium,Medium,No,7,76,Low,Yes,1,High,Medium,Public,Neutral,2,No,College,Moderate,Male,64.0
22.0,75,Medium,Medium,Yes,10,77,High,Yes,2,Low,Low,Public,Neutral,2,No,High School,Near,Male,66.0
17.0,87,Medium,Medium,Yes,7,61,Medium,Yes,4,High,Medium,Public,Negative,3,Yes,High School,Near,Female,67.0
17.0,69,High,High,Yes,9,96,Medium,Yes,2,Low,Medium,Public,Negative,3,No,College,Far,Male,66.0
13.0,77,Low,High,No,6,85,Low,Yes,2,Low,Medium,Public,Neutral,4,No,Postgraduate,Near,Female,65.0
31.0,82,High,Medium,Yes,7,63,Medium,No,2,High,Medium,Private,Positive,2,No,Postgraduate,Moderate,Male,72.0
20.0,96,High,Medium,Yes,8,65,High,Yes,0,Medium,Low,Public,Neutral,2,No,High School,Near,Female,70.0
19.0,73,Medium,Medium,Yes,9,94,Medium,Yes,1,High,Low,Public,Positive,1,No,College,Near,Female,67.0
14.0,65,Medium,High,No,9,69,Low,Yes,4,Medium,Medium,Public,Neutral,3,No,College,Near,Male,64.0
20.0,80,High,Medium,No,5,78,Medium,Yes,1,Low,Medium,Public,Positive,4,No,College,Far,Female,72.0
14.0,90,Medium,Medium,Yes,9,56,Medium,Yes,0,Low,Medium,Public,Neutral,4,No,High School,Near,Female,65.0
17.0,64,High,Low,Yes,10,63,Medium,Yes,0,High,Medium,Public,Positive,3,No,High School,Moderate,Female,62.0
22.0,77,Medium,High,No,6,71,High,Yes,3,Low,Medium,Public,Negative,4,No,High School,Far,Female,67.0
24.0,61,Medium,Medium,No,6,83,High,Yes,0,Medium,Medium,Public,Positive,3,Yes,High School,Near,Male,64.0
26.0,61,Medium,Medium,No,7,64,Low,Yes,0,Medium,Medium,Private,Negative,3,No,Postgraduate,Near,Male,63.0
31.0,79,Medium,High,No,7,98,Medium,Yes,1,Medium,High,Public,Neutral,2,No,College,Moderate,Male,72.0
23.0,72,Low,Medium,No,6,61,High,Yes,1,High,Medium,Public,Positive,5,No,High School,Near,Male,66.0
14.0,94,High,Medium,Yes,5,89,Medium,Yes,0,Medium,Medium,Public,Positive,1,No,Postgraduate,Near,Female,70.0
18.0,84,Medium,Low,Yes,9,68,Low,Yes,0,Medium,High,Private,Negative,2,No,Postgraduate,Near,Female,66.0
22.0,78,High,High,No,6,92,Low,Yes,1,High,High,Public,Positive,3,No,High School,Moderate,Male,70.0
32.0,76,Low,Low,Yes,6,96,Low,Yes,0,Low,High,Public,Neutral,2,No,High School,Moderate,Female,67.0
12.0,80,Medium,Medium,Yes,7,59,High,Yes,1,Low,High,Public,Positive,2,No,High School,Near,Female,64.0
27.0,62,High,Medium,No,5,75,Medium,Yes,2,Medium,High,Public,Positive,2,No,High School,Near,Male,67.0
21.0,96,High,High,Yes,5,58,Medium,Yes,0,High,High,Public,Neutral,4,No,College,Far,Male,72.0
25.0,100,High,Low,No,6,85,Low,Yes,1,Medium,Medium,Public,Positive,3,No,High School,Near,Male,72.0
19.0,67,High,Medium,Yes,8,92,Low,Yes,2,High,Medium,Public,Neutral,5,No,Postgraduate,Moderate,Female,68.0
15.0,65,Medium,Medium,Yes,7,69,Medium,Yes,1,High,Medium,Public,Neutral,3,No,Postgraduate,Near,Female,64.0
25.0,66,High,Medium,Yes,4,70,Medium,No,1,High,Medium,Public,Positive,3,No,High School,Moderate,Male,66.0
24.0,86,Low,High,No,9,60,Medium,Yes,0,Low,High,Private,Positive,3,No,College,Far,Male,68.0
26.0,86,Low,Low,No,8,65,Low,Yes,0,Low,High,Public,Neutral,4,No,High School,Near,Female,66.0
20.0,94,Low,High,Yes,7,66,High,Yes,1,Low,High,Private,Positive,1,No,High School,Near,Female,70.0
16.0,90,High,High,Yes,7,58,High,Yes,1,Low,Medium,Public,Neutral,4,No,Postgraduate,Near,Female,70.0
11.0,78,Low,High,Yes,8,65,Medium,Yes,0,Medium,Medium,Private,Neutral,2,No,High School,Near,Female,62.0
25.0,85,Low,Medium,Yes,10,95,Medium,Yes,0,Medium,Low,Public,Positive,1,No,College,Near,Male,69.0
23.0,88,Medium,Medium,Yes,8,66,Low,Yes,2,Medium,High,Private,Positive,2,No,College,Moderate,Male,69.0
14.0,81,Medium,Medium,Yes,7,64,Medium,Yes,2,Medium,Medium,Public,Positive,4,Yes,College,Near,Male,66.0
17.0,79,High,High,No,5,69,Medium,Yes,4,Low,Medium,Public,Negative,3,No,Postgraduate,Near,Female,68.0
17.0,86,Medium,High,No,7,98,Medium,Yes,2,Low,High,Public,Positive,5,No,Postgraduate,Moderate,Male,71.0
11.0,82,Medium,Medium,Yes,8,88,Medium,No,1,Low,Medium,Private,Negative,2,No,Postgraduate,Moderate,Female,64.0
15.0,86,Low,High,No,7,60,Medium,Yes,2,Medium,Medium,Public,Positive,3,No,College,Near,Male,67.0
13.0,85,Medium,High,Yes,6,88,Medium,Yes,2,Medium,High,Public,Positive,3,No,High School,Moderate,Female,68.0
18.0,89,Low,High,Yes,8,88,Low,Yes,0,High,Medium,Public,Negative,1,No,High School,Moderate,Male,67.0
16.0,86,Medium,Medium,No,6,98,High,Yes,1,Low,Medium,Public,Neutral,3,No,Postgraduate,Near,Male,68.0
10.0,81,Medium,High,Yes,8,95,Medium,Yes,5,Low,High,Public,Positive,3,No,High School,Near,Female,69.0
32.0,87,Medium,High,Yes,6,55,Medium,Yes,0,Low,High,Public,Neutral,3,No,High School,Near,Male,71.0
28.0,78,High,Low,Yes,4,73,Low,No,3,Low,Medium,Private,Positive,4,No,High School,Moderate,Female,68.0
15.0,70,High,High,No,6,85,High,Yes,0,Low,Medium,Private,Positive,2,No,College,Moderate,Male,65.0
22.0,60,Low,Medium,No,7,99,Medium,Yes,1,Low,High,Public,Neutral,3,No,College,Moderate,Male,63.0
23.0,82,Low,Medium,Yes,8,54,Medium,Yes,0,Medium,High,Public,Negative,1,No,High School,Near,Female,65.0
27.0,84,High,High,No,8,68,Low,Yes,3,Low,High,Private,Positive,2,Yes,Postgraduate,Near,Female,72.0
15.0,99,Low,Medium,Yes,5,75,Low,Yes,2,Medium,Low,Public,Neutral,1,No,College,Moderate,Male,67.0
27.0,74,Medium,High,No,7,71,Medium,Yes,1,Medium,Medium,Public,Positive,3,No,High School,Near,Female,69.0
17.0,76,Medium,Medium,No,6,73,Medium,Yes,3,Low,High,Private,Neutral,3,No,Postgraduate,Near,Male,67.0
12.0,68,High,Medium,Yes,6,68,Low,Yes,2,Medium,Medium,Public,Positive,4,No,College,Near,Male,64.0
24.0,63,Medium,Low,No,6,99,Low,No,0,Low,Medium,Public,Positive,3,No,High School,Moderate,Female,62.0
28.0,91,Low,Medium,No,7,90,Medium,Yes,2,High,Low,Private,Neutral,3,No,High School,Near,Male,71.0
36.0,70,Low,High,No,10,87,Medium,Yes,2,Low,Medium,Public,Positive,3,No,High School,Near,Male,70.0
13.0,84,Low,Medium,No,10,71,Low,Yes,1,Medium,High,Public,Neutral,3,No,College,Moderate,Male,64.0
24.0,88,Medium,Medium,Yes,6,94,Medium,Yes,0,Low,Medium,Private,Negative,2,No,Postgraduate,Moderate,Male,69.0
18.0,79,Medium,Medium,Yes,7,55,Medium,Yes,1,Low,High,Public,Positive,3,No,High School,Moderate,Female,65.0
25.0,95,High,High,Yes,7,57,Medium,Yes,2,High,Medium,Private,Negative,2,No,College,Moderate,Female,73.0
11.0,78,Medium,Low,Yes,7,98,Low,Yes,2,Medium,Medium,Public,Neutral,3,No,High School,Near,Female,64.0
12.0,71,Medium,High,Yes,8,78,Low,Yes,2,Medium,Medium,Public,Negative,2,No,Postgraduate,Near,Female,64.0
15.0,96,Medium,Medium,Yes,7,58,Medium,Yes,3,Medium,Medium,Public,Neutral,4,No,Postgraduate,Moderate,Male,70.0
20.0,94,Low,Low,Yes,6,97,Low,Yes,2,Medium,Medium,Public,Positive,5,No,College,Near,Male,70.0
16.0,67,High,High,No,9,99,Medium,Yes,2,Medium,Medium,Public,Neutral,2,Yes,High School,Moderate,Male,64.0
24.0,61,Low,Medium,No,5,94,Medium,Yes,3,Medium,High,Private,Neutral,2,Yes,College,Moderate,Female,64.0
26.0,64,Medium,Medium,Yes,7,62,High,Yes,3,Medium,High,Private,Negative,2,No,High School,Near,Male,66.0
24.0,71,Low,High,Yes,5,64,Medium,Yes,1,Medium,Medium,Public,Neutral,3,No,College,Near,Male,66.0
30.0,99,Medium,Medium,Yes,5,70,Low,Yes,2,Medium,Medium,Public,Neutral,4,No,High School,Near,Female,74.0
22.0,82,High,High,No,8,79,Medium,No,2,Medium,Medium,Public,Negative,1,No,College,Near,Female,69.0
13.0,75,Low,High,Yes,6,100,High,Yes,1,Medium,Medium,Public,Positive,3,No,Postgraduate,Near,Male,67.0
28.0,96,Medium,Medium,No,4,98,High,Yes,5,Low,Medium,Public,Neutral,5,Yes,High School,Far,Male,73.0
16.0,78,Low,Medium,No,6,96,High,Yes,0,Medium,Medium,Public,Positive,1,No,Postgraduate,Near,Female,66.0
25.0,73,High,Medium,No,6,54,High,Yes,2,Medium,Medium,Public,Neutral,4,No,High School,Moderate,Female,67.0
29.0,98,Medium,High,Yes,5,88,Low,Yes,3,Low,Medium,Public,Neutral,2,No,College,Near,Male,75.0
23.0,94,Medium,High,Yes,8,94,Low,Yes,2,Medium,High,Public,Positive,2,No,High School,Near,Male,73.0
11.0,94,Medium,Medium,No,5,67,Medium,Yes,2,High,Medium,Public,Neutral,5,No,High School,Near,Female,67.0
14.0,80,High,Low,Yes,6,61,Medium,Yes,0,Medium,High,Public,Neutral,4,No,College,Moderate,Female,65.0
28.0,92,Medium,Medium,Yes,7,87,Low,Yes,1,Low,Low,Public,Positive,1,No,High School,Near,Female,71.0
19.0,67,Medium,Medium,Yes,6,55,Low,Yes,1,Medium,Medium,Public,Neutral,4,No,High School,Near,Male,63.0
20.0,83,Medium,Low,Yes,6,97,High,Yes,2,Low,High,Public,Neutral,4,No,High School,Moderate,Female,68.0
25.0,99,Medium,High,No,6,58,High,Yes,0,Medium,Medium,Private,Positive,4,No,High School,Near,Male,72.0
24.0,72,Low,High,Yes,5,73,Low,Yes,2,Medium,High,Public,Positive,2,No,High School,Near,Male,67.0
22.0,92,Medium,High,No,6,99,Low,Yes,1,Medium,Medium,Public,Negative,4,No,College,Near,Female,71.0
19.0,80,Low,Low,No,8,99,High,Yes,1,Low,Medium,Public,Positive,4,No,Postgraduate,Near,Male,67.0
18.0,62,Medium,High,Yes,6,89,Medium,Yes,0,High,High,Private,Positive,3,No,Postgraduate,Near,Female,66.0
25.0,91,Medium,High,No,7,92,Medium,Yes,3,Low,Medium,Public,Negative,5,No,High School,Near,Male,72.0
23.0,67,Low,Low,No,9,98,Medium,Yes,2,Low,High,Public,Negative,0,No,College,Near,Female,64.0
18.0,85,Medium,Medium,No,8,96,Medium,Yes,0,High,High,Public,Negative,3,No,College,Moderate,Male,68.0
26.0,63,High,High,No,5,81,Medium,Yes,0,Low,Medium,Public,Negative,2,No,High School,Moderate,Female,65.0
19.0,98,Medium,High,Yes,8,87,High,Yes,1,Medium,Medium,Private,Positive,4,No,Postgraduate,Moderate,Male,74.0
15.0,72,Medium,Low,Yes,9,80,Medium,Yes,4,Medium,High,Private,Neutral,4,No,College,Moderate,Female,65.0
15.0,69,High,Low,Yes,6,75,Medium,No,2,Low,High,Public,Positive,2,No,High School,Near,Female,63.0
14.0,65,Medium,Medium,Yes,5,94,Medium,Yes,5,Low,Medium,Private,Negative,3,No,Postgraduate,Moderate,Male,65.0
18.0,98,Low,High,Yes,6,87,Medium,Yes,0,Medium,Medium,Public,Neutral,1,No,High School,Near,Male,70.0
27.0,88,Medium,High,Yes,7,93,Medium,Yes,0,Low,Medium,Public,Neutral,4,No,High School,Moderate,Male,71.0
15.0,90,Medium,Medium,Yes,8,55,Medium,Yes,1,Low,Medium,Public,Neutral,1,No,College,Near,Female,66.0
21.0,80,Medium,Medium,Yes,6,79,Low,Yes,2,Medium,High,Public,Positive,3,No,College,Near,Male,69.0
16.0,79,Medium,High,Yes,4,66,High,Yes,2,Medium,Medium,Public,Neutral,2,No,College,Moderate,Male,67.0
18.0,64,Medium,High,Yes,5,76,Low,Yes,1,Low,Medium,Public,Positive,4,No,High School,Moderate,Male,64.0
11.0,82,High,High,No,8,81,High,Yes,2,Low,High,Public,Positive,2,No,High School,Moderate,Female,67.0
19.0,70,Medium,High,Yes,10,92,Medium,Yes,1,Low,High,Public,Positive,4,No,High School,Near,Male,67.0
19.0,99,High,Medium,No,7,52,Medium,Yes,1,Medium,Medium,Public,Neutral,4,No,High School,Near,Male,70.0
23.0,92,High,High,No,9,58,Medium,Yes,2,Low,Medium,Private,Neutral,1,No,Postgraduate,Near,Female,71.0
21.0,77,Medium,Low,Yes,5,96,High,Yes,2,Low,High,Private,Neutral,5,No,High School,Near,Female,68.0
13.0,66,High,High,No,6,98,Low,Yes,1,High,High,Public,Positive,2,No,High School,Near,Male,65.0
27.0,91,Medium,Medium,No,4,53,Medium,Yes,1,Low,Medium,Private,Positive,3,No,Postgraduate,Near,Female,70.0
21.0,65,Medium,High,Yes,8,67,Low,No,1,Low,Medium,Public,Positive,4,No,High School,Near,Female,64.0
21.0,68,High,High,Yes,6,50,High,Yes,3,Medium,Low,Private,Neutral,4,No,High School,Near,Male,67.0
20.0,68,Low,Low,No,8,88,Medium,Yes,5,Low,Low,Private,Neutral,3,No,High School,Moderate,Male,63.0
17.0,82,Medium,Low,Yes,6,84,High,Yes,2,Low,Low,Public,Negative,3,No,High School,Moderate,Female,65.0
21.0,91,Medium,Medium,Yes,10,78,High,Yes,2,Low,High,Public,Negative,2,No,High School,Near,Male,70.0
23.0,73,Medium,High,No,10,85,Medium,Yes,1,Low,Medium,Public,Neutral,3,No,College,Near,Male,67.0
10.0,63,Medium,High,No,4,77,Low,No,3,Low,Medium,Private,Neutral,3,No,High School,Near,Male,60.0
17.0,79,Low,High,No,8,62,Low,Yes,1,Low,Medium,Public,Neutral,3,No,High School,Near,Female,64.0
18.0,90,Low,Medium,No,6,88,Low,Yes,1,Medium,Medium,Private,Negative,1,No,High School,Moderate,Female,65.0
22.0,69,Medium,Medium,No,8,89,Low,No,0,Low,High,Public,Positive,5,No,High School,Moderate,Female,64.0
27.0,69,Medium,Low,Yes,5,93,Medium,Yes,1,Medium,Medium,Public,Positive,4,No,College,Moderate,Male,67.0
15.0,98,Medium,Medium,Yes,9,98,High,Yes,0,Medium,Medium,Private,Positive,3,No,High School,Near,Female,71.0
17.0,98,Medium,Medium,No,9,87,Low,Yes,0,High,Medium,Private,Positive,3,No,High School,Moderate,Female,69.0
17.0,100,Medium,High,Yes,5,53,Low,Yes,1,Medium,High,Public,Positive,4,No,High School,Near,Male,70.0
15.0,92,Medium,Medium,Yes,7,51,Medium,Yes,1,High,High,Public,Positive,3,No,College,Near,Female,69.0
18.0,68,High,High,Yes,7,87,High,Yes,3,Medium,Medium,Public,Positive,4,No,High School,Near,Male,69.0
25.0,68,Low,Medium,Yes,8,53,Low,Yes,2,Medium,Medium,Public,Neutral,3,No,College,Moderate,Female,64.0
14.0,74,Low,Medium,Yes,7,66,Medium,Yes,0,Medium,High,Private,Negative,3,No,Postgraduate,Near,Male,63.0
23.0,73,High,Medium,No,8,57,Medium,Yes,3,Medium,Medium,Public,Positive,2,No,College,Near,Male,67.0
10.0,98,Medium,Medium,No,7,98,Low,No,0,Medium,Medium,Public,Neutral,3,No,College,Moderate,Female,66.0
17.0,92,Medium,High,Yes,8,66,Medium,Yes,2,Low,Medium,Public,Positive,3,No,High School,Near,Female,69.0
18.0,89,Medium,Medium,No,5,53,Medium,Yes,5,Low,High,Private,Neutral,4,No,College,Near,Male,69.0
30.0,67,Medium,Medium,No,7,97,High,Yes,2,High,Medium,Public,Neutral,3,Yes,High School,Near,Male,69.0
18.0,96,Medium,High,Yes,9,80,High,Yes,1,Low,Medium,Public,Positive,3,No,College,Near,Male,72.0
7.0,93,High,High,Yes,9,52,High,Yes,1,Medium,Low,Private,Negative,3,No,High School,Moderate,Female,65.0
8.0,67,Medium,Medium,Yes,7,92,Medium,Yes,0,High,High,Private,Positive,2,No,College,Near,Male,63.0
20.0,95,Medium,Medium,No,7,58,Low,Yes,1,Low,High,Public,Neutral,4,No,College,Near,Male,69.0
24.0,71,High,Medium,Yes,9,90,Low,Yes,3,Medium,High,Private,Neutral,3,No,College,Near,Male,69.0
22.0,63,Medium,Low,Yes,7,80,Medium,Yes,2,High,High,Private,Negative,2,No,College,Moderate,Female,64.0
21.0,86,Medium,Low,Yes,9,59,High,Yes,2,Medium,High,Private,Positive,3,No,College,Near,Male,69.0
27.0,86,Medium,High,No,7,88,Medium,Yes,1,Medium,Medium,Private,Neutral,3,No,Postgraduate,Moderate,Male,72.0
17.0,64,Medium,Low,No,7,73,High,Yes,1,Low,Medium,Public,Neutral,4,No,College,Near,Male,62.0
25.0,73,High,Medium,Yes,5,82,Low,No,1,Medium,Medium,Private,Positive,3,Yes,High School,Near,Male,66.0
10.0,100,Low,Medium,No,5,93,Low,Yes,2,Medium,Low,Public,Neutral,1,No,High School,Far,Female,65.0
15.0,87,High,High,Yes,8,63,Medium,Yes,0,High,Medium,Public,Neutral,3,No,College,Near,Female,69.0
9.0,89,Medium,Low,No,10,68,High,Yes,1,High,High,Public,Negative,3,No,High School,Near,Female,65.0
18.0,69,High,Medium,Yes,7,100,Medium,Yes,3,Medium,High,Public,Negative,2,No,High School,Near,Male,67.0
20.0,63,Low,Medium,Yes,7,75,Low,Yes,2,Medium,High,Public,Neutral,2,No,High School,Near,Female,63.0
21.0,71,High,Medium,No,9,78,Low,Yes,2,Medium,Medium,Public,Neutral,4,No,High School,Near,Male,66.0
20.0,70,Low,Medium,No,8,64,Low,Yes,0,Low,Low,Private,Positive,3,No,High School,Far,Male,61.0
14.0,69,High,Medium,Yes,4,71,Medium,Yes,1,Medium,Medium,Public,Positive,4,No,High School,Near,Female,64.0
19.0,68,Medium,Low,Yes,8,75,Low,Yes,1,Medium,Medium,Private,Neutral,4,No,Postgraduate,Near,Male,64.0
11.0,83,Medium,Medium,Yes,5,63,Medium,Yes,2,Low,Medium,Public,Neutral,3,No,College,Near,Male,65.0
28.0,73,Medium,Low,No,7,62,Medium,Yes,3,High,Medium,Public,Neutral,3,No,Postgraduate,Moderate,Female,68.0
18.0,93,Low,High,Yes,6,80,Medium,Yes,1,Medium,Medium,Private,Negative,3,No,High School,Near,Male,69.0
17.0,67,Medium,Medium,No,6,59,Medium,Yes,0,Medium,Medium,Public,Negative,3,No,High School,Near,Female,61.0
30.0,79,Medium,High,No,7,78,Medium,No,3,High,High,Private,Positive,2,No,Postgraduate,Moderate,Female,72.0
13.0,61,Medium,Low,Yes,8,85,Medium,Yes,4,Low,Medium,Private,Neutral,3,No,College,Moderate,Male,61.0
13.0,79,High,High,No,7,60,Medium,Yes,1,Low,High,Private,Neutral,4,No,College,Moderate,Male,66.0
13.0,62,Low,Medium,Yes,9,87,Medium,Yes,1,Low,Medium,Public,Negative,1,No,College,Moderate,Male,60.0
20.0,99,Medium,Low,No,9,68,Low,Yes,1,Low,High,Public,Positive,3,No,Postgraduate,Far,Male,69.0
23.0,92,Medium,High,No,9,100,Medium,Yes,1,High,High,Public,Neutral,2,Yes,College,Near,Male,72.0
24.0,80,Medium,High,Yes,7,99,Low,Yes,2,Medium,Medium,Public,Negative,2,No,High School,Moderate,Female,69.0
35.0,63,High,High,Yes,6,90,Low,Yes,0,Medium,Medium,Public,Positive,3,No,College,Near,Male,71.0
7.0,84,Medium,High,No,7,67,Medium,Yes,1,Medium,Medium,Private,Neutral,3,No,College,Near,Male,64.0
24.0,90,Low,Low,Yes,9,97,High,Yes,3,Low,Medium,Public,Positive,4,No,High School,Near,Male,71.0
17.0,68,Low,Medium,Yes,9,100,High,Yes,1,Medium,High,Public,Negative,3,No,High School,Moderate,Male,64.0
16.0,83,Medium,Medium,Yes,4,73,High,Yes,3,Low,Low,Public,Negative,3,No,College,Near,Female,67.0
16.0,93,Medium,Low,Yes,7,81,Medium,Yes,2,Low,Medium,Private,Negative,3,Yes,Postgraduate,Moderate,Male,67.0
15.0,91,Low,High,Yes,4,50,High,Yes,1,Medium,Medium,Public,Neutral,3,No,High School,Moderate,Female,66.0
30.0,92,Low,Medium,Yes,7,52,Medium,Yes,3,High,Medium,Private,Positive,4,No,College,Near,Male,73.0
25.0,95,Medium,High,Yes,6,75,Medium,Yes,1,Medium,Medium,Private,Positive,4,No,High School,Moderate,Male,73.0
20.0,98,Medium,Medium,No,6,80,Medium,Yes,0,Medium,Medium,Public,Positive,2,No,College,Moderate,Male,70.0
28.0,76,Low,Medium,Yes,8,66,Medium,Yes,5,High,Low,Public,Positive,4,No,College,Moderate,Male,70.0
11.0,83,Medium,Low,Yes,6,55,Low,Yes,0,Low,Medium,Public,Positive,4,Yes,Postgraduate,Near,Female,62.0
12.0,92,High,Low,Yes,7,89,Medium,Yes,1,Medium,High,Private,Neutral,2,No,Postgraduate,Moderate,Male,68.0
7.0,88,High,High,Yes,6,71,Medium,Yes,0,Low,Medium,Public,Positive,3,No,High School,Moderate,Female,65.0
16.0,100,High,High,Yes,7,82,Medium,Yes,2,High,Medium,Public,Positive,2,No,High School,Near,Male,73.0
21.0,61,High,Medium,Yes,8,83,High,No,1,Low,Medium,Private,Neutral,3,No,College,Near,Female,65.0
21.0,74,Medium,High,Yes,6,77,High,No,0,Medium,Medium,Public,Neutral,3,No,College,Near,Male,66.0
21.0,71,Low,Medium,Yes,8,59,Medium,Yes,3,Low,Medium,Public,Neutral,3,No,College,Moderate,Male,64.0
12.0,70,Medium,High,No,7,81,High,Yes,0,Low,Medium,Public,Positive,3,No,High School,Near,Male,63.0
25.0,69,Medium,Medium,No,7,66,Medium,No,0,Low,Low,Public,Neutral,3,Yes,College,Near,Male,62.0
21.0,88,High,Medium,Yes,6,91,Low,Yes,0,Low,Medium,Private,Neutral,4,No,Postgraduate,Moderate,Female,70.0
24.0,63,Medium,Medium,No,8,60,Medium,Yes,3,High,Medium,Public,Neutral,3,No,High School,Near,Male,65.0
9.0,90,Medium,Medium,Yes,8,65,Medium,Yes,0,Medium,Medium,Private,Neutral,5,No,High School,Far,Male,64.0
22.0,88,Medium,Medium,No,7,72,Low,Yes,4,High,Medium,Public,Negative,2,No,Postgraduate,Near,Male,70.0
13.0,70,Medium,Medium,No,7,87,Medium,Yes,1,Low,Low,Public,Neutral,5,No,High School,Near,Male,62.0
18.0,70,Medium,Medium,No,8,86,Medium,Yes,5,High,Medium,Public,Positive,2,No,High School,Near,Female,67.0
23.0,85,Medium,Low,No,8,67,Low,Yes,1,Medium,Medium,Private,Neutral,3,No,Postgraduate,Far,Female,66.0
21.0,90,High,High,Yes,7,76,High,Yes,2,High,High,Public,Positive,3,No,College,Moderate,Female,74.0
15.0,95,Medium,High,Yes,9,62,Medium,Yes,2,Medium,Medium,Public,Positive,3,No,High School,Far,Male,69.0
20.0,94,Medium,High,Yes,8,89,Low,Yes,0,Medium,Medium,Public,Positive,4,Yes,High School,Moderate,Female,70.0
11.0,99,Medium,Medium,No,10,60,Medium,Yes,1,High,Medium,Public,Positive,1,No,College,Near,Female,68.0
27.0,83,Medium,Low,No,5,91,Medium,Yes,3,Low,Medium,Public,Neutral,2,No,Postgraduate,Near,Male,70.0
19.0,96,Medium,Medium,Yes,8,97,Medium,Yes,3,Medium,Medium,Public,Negative,2,No,High School,Near,Male,71.0
27.0,92,Medium,Low,Yes,9,100,High,Yes,2,Medium,High,Public,Positive,0,No,Postgraduate,Moderate,Female,73.0
17.0,96,Medium,Medium,No,9,93,Low,Yes,3,Medium,Medium,Private,Neutral,2,No,High School,Far,Male,69.0
17.0,60,Low,Low,Yes,7,61,Medium,Yes,1,Low,Medium,Public,Positive,4,No,Postgraduate,Near,Female,61.0
15.0,99,Medium,Medium,Yes,5,71,Medium,Yes,0,Medium,Medium,Public,Neutral,2,No,College,Moderate,Male,68.0
25.0,79,Medium,Low,Yes,9,54,Medium,Yes,1,Low,Medium,Private,Positive,2,No,Postgraduate,Far,Male,66.0
16.0,92,High,Low,Yes,6,58,Low,Yes,0,High,Medium,Private,Positive,4,No,High School,Near,Female,67.0
24.0,65,Low,High,Yes,7,52,Medium,Yes,1,High,Medium,Public,Neutral,1,No,Postgraduate,Moderate,Female,64.0
18.0,76,Low,High,Yes,10,82,High,Yes,1,Medium,Medium,Private,Negative,4,No,College,Near,Male,67.0
8.0,71,High,Medium,Yes,5,77,Medium,No,0,High,Medium,Public,Neutral,4,No,High School,Moderate,Female,61.0
17.0,72,Low,Medium,No,8,96,High,Yes,2,Low,High,Public,Neutral,3,No,High School,Near,Male,65.0
13.0,65,Low,High,Yes,6,73,Medium,Yes,0,Low,Medium,Private,Positive,3,No,Postgraduate,Near,Female,62.0
20.0,92,Low,High,No,6,82,Medium,Yes,0,Medium,Medium,Public,Neutral,5,No,High School,Near,Female,69.0
13.0,60,High,High,No,7,70,Medium,Yes,1,Medium,Medium,Public,Negative,3,No,College,Far,Female,61.0
26.0,73,High,Medium,No,8,91,Medium,Yes,4,Low,Low,Public,Neutral,5,No,High School,Moderate,Male,69.0
19.0,67,Medium,Low,No,8,96,High,No,1,High,Low,Public,Positive,3,No,College,Near,Male,64.0
19.0,84,Medium,Low,No,9,72,High,Yes,1,Low,Medium,Public,Positive,3,No,High School,Far,Female,65.0
24.0,70,Medium,High,No,6,54,Low,Yes,1,High,Medium,Public,Neutral,1,No,High School,Moderate,Female,64.0
26.0,70,High,High,Yes,5,58,Medium,Yes,1,Low,Low,Private,Positive,3,No,Postgraduate,Moderate,Male,68.0
20.0,80,Low,Medium,Yes,6,86,High,Yes,1,Low,Medium,Private,Positive,3,No,High School,Near,Female,67.0
15.0,86,High,Medium,Yes,8,66,Low,Yes,0,Medium,High,Private,Positive,5,No,College,Near,Male,68.0
9.0,65,Low,Medium,Yes,7,89,Medium,Yes,2,Low,Medium,Public,Positive,4,No,High School,Moderate,Male,61.0
16.0,67,Medium,High,Yes,4,87,High,Yes,5,High,High,Public,Positive,4,No,College,Near,Male,69.0
16.0,70,Low,High,Yes,4,85,High,Yes,0,Medium,Medium,Private,Neutral,3,No,High School,Near,Male,64.0
21.0,99,High,Medium,Yes,7,91,Medium,No,3,Medium,Medium,Public,Positive,4,No,College,Near,Male,74.0
18.0,76,Medium,Medium,No,8,88,Low,Yes,1,Medium,Medium,Public,Neutral,4,No,College,Near,Female,66.0
24.0,84,Medium,Medium,No,6,82,Medium,Yes,1,Medium,Medium,Public,Negative,2,No,High School,Near,Male,68.0
16.0,70,Medium,High,Yes,8,50,High,Yes,3,High,Medium,Private,Neutral,3,No,Postgraduate,Far,Male,65.0
20.0,80,Medium,High,Yes,5,76,Medium,No,0,Low,Medium,Private,Negative,3,No,College,Near,Female,66.0
27.0,63,High,Low,No,7,80,Medium,No,2,Medium,High,Public,Positive,2,No,High School,Near,Female,66.0
22.0,61,Medium,Low,No,7,98,High,Yes,3,High,Low,Private,Neutral,2,No,College,Near,Female,65.0
20.0,79,Medium,Medium,No,8,83,Medium,Yes,3,Low,Medium,Private,Neutral,4,No,College,Moderate,Male,67.0
16.0,76,Low,Medium,Yes,5,79,Medium,Yes,0,Low,High,Public,Positive,4,No,Postgraduate,Moderate,Female,65.0
16.0,65,Medium,Medium,No,5,77,Medium,Yes,1,High,High,Public,Positive,3,No,High School,Moderate,Male,63.0
15.0,88,High,Medium,No,8,55,Medium,Yes,1,High,High,Private,Neutral,2,No,High School,Near,Male,67.0
17.0,100,Medium,High,Yes,5,71,Low,Yes,2,Low,Medium,Public,Neutral,4,No,High School,Near,Male,70.0
25.0,76,High,High,Yes,6,57,Low,No,0,Medium,Medium,Public,Positive,3,No,Postgraduate,Moderate,Male,68.0
19.0,85,Medium,Medium,Yes,9,53,High,Yes,1,Medium,Medium,Public,Neutral,3,No,College,Far,Male,66.0
12.0,99,Medium,Medium,Yes,7,66,Low,Yes,3,Medium,Low,Private,Negative,1,No,Postgraduate,Moderate,Female,67.0
31.0,93,Medium,Low,No,8,82,Low,Yes,2,High,High,Private,Neutral,1,No,High School,Near,Male,72.0
22.0,79,High,High,Yes,8,93,Medium,Yes,0,Medium,Medium,Private,Negative,2,Yes,High School,Near,Female,68.0
12.0,89,Medium,High,No,8,91,Medium,No,1,Low,High,Public,Neutral,2,No,High School,Near,Male,66.0
17.0,65,Medium,Medium,No,7,65,Medium,Yes,0,High,Medium,Private,Neutral,4,No,High School,Moderate,Male,62.0
21.0,80,High,Low,Yes,6,52,Medium,Yes,1,Low,Medium,Public,Negative,4,No,High School,Near,Male,65.0
30.0,71,High,Low,No,10,70,Low,Yes,3,Medium,Medium,Public,Neutral,4,Yes,High School,Near,Female,67.0
13.0,66,Medium,Medium,Yes,7,66,Low,Yes,3,Medium,Medium,Public,Negative,2,No,College,Near,Female,62.0
26.0,77,Medium,Low,Yes,7,69,Low,Yes,1,High,Medium,Public,Neutral,3,Yes,High School,Near,Female,66.0
28.0,65,Medium,Medium,No,8,78,High,No,1,High,Medium,Private,Positive,3,No,College,Near,Female,67.0
16.0,88,Medium,Medium,Yes,6,52,Medium,Yes,2,High,High,Public,Positive,3,No,High School,Near,Female,68.0
18.0,78,Medium,Medium,Yes,6,69,Medium,Yes,1,Medium,Medium,Public,Negative,4,No,Postgraduate,Moderate,Female,66.0
14.0,81,High,High,No,9,78,Medium,Yes,0,Medium,Medium,Private,Positive,4,No,College,Near,Female,68.0
19.0,66,Low,Medium,No,6,72,Medium,Yes,2,Low,Medium,Public,Negative,5,No,High School,Near,Male,62.0
20.0,66,Medium,High,No,8,83,Medium,Yes,1,Low,Medium,Public,Neutral,2,Yes,College,Near,Male,64.0
24.0,83,High,Low,No,8,59,Medium,Yes,1,Low,Medium,Public,Positive,3,No,High School,Near,Male,68.0
27.0,99,Low,Low,Yes,7,58,Low,Yes,2,Medium,Medium,Private,Positive,2,No,Postgraduate,Moderate,Male,71.0
16.0,64,Medium,Medium,No,7,65,Medium,Yes,2,Medium,High,Public,Neutral,4,No,High School,Near,Male,63.0
8.0,71,High,Medium,No,8,55,High,Yes,1,Low,High,Public,Positive,2,No,College,Moderate,Male,62.0
20.0,95,High,Low,Yes,7,62,Low,Yes,1,Low,Low,Private,Positive,3,No,College,Near,Male,69.0
22.0,63,Medium,Medium,Yes,4,54,Medium,Yes,0,Medium,Medium,Private,Positive,3,No,High School,Moderate,Male,62.0
21.0,95,Low,Medium,Yes,9,70,Medium,Yes,3,High,Medium,Public,Positive,3,No,High School,Near,Female,71.0
18.0,81,Low,High,Yes,6,86,Medium,Yes,3,Low,Medium,Public,Positive,4,No,College,Near,Male,69.0
21.0,76,Medium,Medium,Yes,7,64,Low,Yes,1,Medium,High,Private,Positive,2,No,High School,Moderate,Male,66.0
29.0,72,Low,Medium,No,5,50,Low,Yes,0,Low,Medium,Public,Neutral,4,No,High School,Near,Female,64.0
22.0,72,Low,High,No,6,78,Low,No,1,Low,High,Public,Neutral,3,No,Postgraduate,Near,Male,65.0
18.0,72,High,High,No,6,85,High,Yes,1,High,High,Private,Positive,1,No,High School,Moderate,Male,68.0
17.0,95,High,Medium,No,7,70,High,Yes,1,Low,Medium,Public,Neutral,3,No,High School,Near,Male,69.0
19.0,89,High,Medium,Yes,6,65,Low,Yes,2,Low,Medium,Public,Neutral,3,Yes,Postgraduate,Near,Male,68.0
30.0,87,Low,Medium,Yes,10,75,Low,Yes,3,Low,Low,Public,Neutral,4,No,College,Near,Male,71.0
19.0,92,Low,Medium,No,7,55,Medium,Yes,1,Medium,Medium,Public,Neutral,5,No,High School,Far,Male,66.0
20.0,70,High,Low,No,8,82,Medium,Yes,2,Low,High,Private,Positive,3,No,High School,Moderate,Male,65.0
17.0,85,High,Medium,Yes,7,87,Medium,Yes,1,Low,Medium,Private,Neutral,1,No,High School,Near,Female,68.0
27.0,78,High,High,No,8,85,Medium,Yes,0,High,Medium,Public,Positive,3,No,College,Near,Male,72.0
32.0,91,High,Medium,Yes,4,66,Medium,Yes,3,Low,High,Public,Neutral,2,No,Postgraduate,Near,Female,75.0
23.0,72,High,Low,Yes,6,92,Low,Yes,2,High,Medium,Public,Negative,3,No,College,Near,Male,67.0
20.0,86,Medium,Medium,No,6,97,Low,Yes,1,Low,Medium,Private,Neutral,2,No,High School,Moderate,Male,67.0
20.0,95,Medium,Medium,No,6,65,High,Yes,2,Low,Medium,Public,Neutral,3,No,College,Near,Female,70.0
6.0,76,Medium,Medium,Yes,8,63,Medium,Yes,5,Medium,Medium,Public,Neutral,3,No,College,Near,Male,64.0
24.0,63,Medium,Medium,Yes,8,85,High,Yes,1,Low,Medium,Private,Positive,3,No,High School,Far,Female,65.0
21.0,81,Medium,Medium,Yes,7,85,Medium,Yes,1,Low,High,Public,Negative,3,No,Postgraduate,Moderate,Male,68.0
23.0,74,High,High,No,7,76,Medium,Yes,1,Medium,Low,Public,Neutral,2,No,College,Moderate,Female,67.0
16.0,87,Low,Medium,Yes,10,96,Medium,No,1,Low,High,Public,Positive,1,No,College,Moderate,Male,66.0
18.0,98,High,Medium,No,7,57,Low,Yes,0,High,Medium,Private,Neutral,1,No,Postgraduate,Moderate,Male,69.0
18.0,79,Low,High,No,4,74,Low,Yes,2,Low,Medium,Public,Negative,1,No,High School,Near,Female,64.0
26.0,79,Medium,High,Yes,8,52,High,Yes,1,Medium,Medium,Public,Negative,3,Yes,Postgraduate,Near,Female,68.0
18.0,86,High,Medium,No,8,53,Low,Yes,5,Low,High,Private,Negative,3,No,High School,Near,Male,68.0
32.0,64,Low,High,Yes,9,53,Low,No,1,Low,Medium,Private,Positive,3,No,College,Near,Female,65.0
23.0,70,Medium,Medium,Yes,8,75,Medium,Yes,0,High,Medium,Public,Positive,2,No,High School,Moderate,Male,65.0
12.0,97,Low,Medium,Yes,6,79,Medium,No,1,Medium,Medium,Public,Negative,2,No,High School,Near,Male,65.0
19.0,87,High,Medium,No,8,50,Low,Yes,0,High,High,Public,Neutral,2,No,High School,Near,Female,67.0
16.0,61,High,Medium,Yes,7,82,Medium,Yes,2,Low,Medium,Public,Negative,3,No,High School,Near,Female,63.0
7.0,68,High,Medium,No,9,74,Medium,Yes,1,Low,High,Public,Positive,3,No,High School,Near,Female,62.0
30.0,87,High,Medium,Yes,9,61,High,Yes,2,Medium,High,Private,Neutral,4,No,High School,Moderate,Male,73.0
24.0,91,High,High,Yes,7,51,High,Yes,2,Medium,Medium,Public,Neutral,3,No,High School,Moderate,Male,72.0
23.0,94,Low,Medium,No,8,58,High,Yes,5,Low,Low,Public,Neutral,6,No,High School,Near,Female,71.0
21.0,72,Medium,Medium,No,9,80,High,Yes,3,Low,Medium,Public,Neutral,4,No,High School,Near,Male,67.0
12.0,97,Medium,Low,Yes,7,83,Medium,Yes,0,Low,Medium,Public,Neutral,2,No,College,Moderate,Male,66.0
17.0,82,Medium,High,Yes,10,82,High,Yes,1,Medium,Medium,Private,Positive,2,No,High School,Moderate,Male,68.0
25.0,88,High,High,Yes,9,58,Low,Yes,0,Low,Medium,Public,Negative,4,No,Postgraduate,Near,Male,70.0
14.0,84,Medium,Medium,Yes,6,96,Medium,No,2,Low,Medium,Private,Neutral,2,No,Postgraduate,Far,Male,66.0
5.0,65,Low,High,No,7,71,Medium,Yes,0,Low,Medium,Private,Negative,2,No,College,Far,Male,56.0
19.0,99,Medium,High,Yes,8,88,High,No,1,Low,High,Public,Positive,3,No,High School,Far,Female,71.0
19.0,65,Low,High,No,10,58,Medium,Yes,2,Medium,High,Private,Positive,3,No,Postgraduate,Moderate,Female,64.0
21.0,70,Medium,Medium,No,8,74,Low,Yes,2,Medium,Medium,Public,Positive,3,No,Postgraduate,Far,Male,65.0
24.0,93,Medium,Medium,Yes,7,76,High,Yes,2,Low,Medium,Public,Neutral,1,Yes,High School,Near,Male,70.0
24.0,85,High,Low,Yes,9,89,Medium,Yes,1,Low,Medium,Public,Positive,2,No,Postgraduate,Moderate,Male,70.0
22.0,94,Low,High,Yes,7,81,Medium,Yes,2,Medium,High,Public,Neutral,4,No,High School,Far,Male,71.0
27.0,81,High,High,Yes,6,70,Medium,Yes,0,Low,Medium,Public,Positive,5,No,High School,Far,Female,70.0
11.0,75,Low,High,No,8,64,Medium,Yes,3,Low,Medium,Public,Neutral,3,Yes,College,Moderate,Female,62.0
23.0,97,Medium,Medium,Yes,6,99,Low,Yes,1,Low,Medium,Private,Positive,3,No,High School,Near,Female,72.0
24.0,61,Medium,Medium,No,10,64,Low,Yes,0,Low,Medium,Private,Positive,3,No,High School,Near,Female,62.0
13.0,94,Low,Medium,Yes,7,56,High,Yes,2,Low,High,Public,Neutral,4,No,College,Near,Male,67.0
11.0,69,Low,Medium,Yes,8,65,Low,Yes,0,Low,Medium,Public,Negative,2,No,College,Moderate,Male,58.0
16.0,94,Low,Medium,Yes,6,66,Medium,Yes,3,Medium,High,Public,Negative,4,No,College,Near,Female,69.0
16.0,66,Medium,Low,No,9,56,Medium,Yes,0,Low,High,Private,Positive,4,Yes,College,Near,Female,60.0
25.0,83,High,High,Yes,7,85,High,Yes,2,Low,Medium,Public,Negative,4,No,College,Near,Male,72.0
16.0,96,Medium,Medium,No,7,81,Medium,Yes,0,Low,Low,Public,Negative,3,No,High School,Moderate,Male,66.0
15.0,79,Medium,High,Yes,7,66,Medium,Yes,2,Low,Medium,Public,Positive,3,No,College,Far,Female,66.0
16.0,90,Medium,High,Yes,5,100,Low,Yes,1,High,Medium,Private,Negative,4,No,High School,Moderate,Male,69.0
27.0,92,Low,Medium,Yes,7,83,Low,Yes,2,Low,Medium,Public,Positive,4,Yes,College,Moderate,Female,70.0
20.0,89,Low,Medium,Yes,8,85,Medium,Yes,2,Medium,High,Public,Positive,1,No,Postgraduate,Near,Female,70.0
19.0,97,High,High,No,5,78,Low,Yes,0,Medium,Low,Private,Negative,3,No,College,Moderate,Male,70.0
19.0,78,Low,High,Yes,9,78,Medium,Yes,2,Low,High,Public,Negative,2,No,College,Near,Female,67.0
28.0,67,High,Medium,Yes,7,51,Medium,Yes,2,Medium,Medium,Public,Neutral,3,No,High School,Near,Female,67.0
16.0,62,Low,Low,No,7,89,High,Yes,0,Medium,Medium,Public,Neutral,3,No,High School,Far,Female,59.0
28.0,70,Medium,Medium,Yes,4,96,Low,Yes,1,Medium,Medium,Private,Positive,2,No,High School,Moderate,Male,67.0
21.0,66,High,Medium,Yes,7,56,Medium,Yes,1,Low,Medium,Private,Neutral,4,No,Postgraduate,Moderate,Male,65.0
19.0,82,Medium,Medium,No,5,90,Medium,Yes,1,High,Medium,Public,Negative,3,No,College,Near,Male,68.0
35.0,67,High,High,Yes,6,77,Low,Yes,1,Low,Medium,Public,Positive,3,No,College,Near,Male,71.0
14.0,62,Medium,Medium,No,5,64,Medium,Yes,2,Low,Medium,Public,Neutral,3,No,College,Near,Male,61.0
18.0,61,Medium,Medium,Yes,6,96,Medium,Yes,0,Medium,Medium,Public,Negative,3,No,High School,Near,Male,63.0
13.0,93,Medium,High,Yes,7,51,Low,Yes,1,Low,High,Private,Neutral,3,No,High School,Near,Female,67.0
26.0,84,High,Medium,No,7,64,Medium,No,1,Medium,High,Public,Neutral,4,No,College,Near,Male,69.0
30.0,74,Medium,High,No,8,94,Low,Yes,0,Medium,Medium,Public,Positive,3,No,High School,Near,Male,70.0
30.0,96,Medium,Low,Yes,4,74,High,No,0,Low,Low,Public,Negative,3,No,High School,Moderate,Male,69.0
27.0,63,High,Medium,Yes,7,80,Medium,Yes,1,Low,High,Public,Neutral,4,No,High School,Far,Female,66.0
19.0,99,Medium,Low,Yes,7,87,Low,Yes,1,Medium,Medium,Public,Positive,4,No,High School,Moderate,Female,70.0
18.0,85,Medium,Medium,Yes,6,57,Low,Yes,2,Medium,High,Public,Neutral,2,No,Postgraduate,Moderate,Male,67.0
10.0,67,High,High,No,6,61,Medium,Yes,0,Low,High,Private,Neutral,2,No,High School,Near,Female,61.0
32.0,87,Medium,High,Yes,9,100,Medium,Yes,2,Medium,Low,Private,Neutral,2,No,Postgraduate,Moderate,Male,74.0
23.0,91,Medium,High,Yes,10,62,Low,Yes,1,Medium,High,Private,Negative,3,No,College,Near,Male,70.0
17.0,77,High,Medium,Yes,4,77,Low,Yes,0,Medium,Medium,Private,Positive,4,No,High School,Near,Female,66.0
28.0,94,Medium,High,Yes,6,65,High,Yes,1,Low,High,Public,Positive,1,No,High School,Near,Female,73.0
14.0,66,Medium,Medium,Yes,5,93,Medium,Yes,1,Medium,Medium,Private,Negative,2,No,High School,Near,Male,62.0
22.0,71,Medium,Low,Yes,7,98,Low,Yes,2,Low,High,Public,Neutral,2,No,High School,Moderate,Female,65.0
19.0,64,High,Medium,No,9,57,Low,Yes,0,Medium,High,Private,Neutral,3,No,High School,Near,Female,62.0
24.0,68,Low,Medium,Yes,8,80,Medium,No,1,Low,Low,Public,Positive,4,No,Postgraduate,Moderate,Male,64.0
20.0,70,Medium,Medium,Yes,7,91,Medium,Yes,1,Low,Medium,Public,Negative,2,No,High School,Far,Male,63.0
11.0,97,Medium,Medium,No,7,91,Medium,Yes,1,Medium,Medium,Public,Positive,4,No,High School,Near,Male,69.0
20.0,63,Medium,Medium,No,7,72,Low,Yes,3,Low,High,Public,Negative,5,Yes,Postgraduate,Near,Male,63.0
26.0,77,Medium,Medium,Yes,8,61,Medium,Yes,1,Low,Medium,Public,Neutral,4,No,College,Moderate,Male,67.0
20.0,81,Medium,Low,No,8,69,Medium,Yes,1,Medium,Medium,Private,Neutral,2,No,High School,Near,Female,65.0
25.0,96,Medium,High,No,8,88,Medium,Yes,0,Low,Medium,Private,Neutral,1,No,High School,Near,Male,71.0
14.0,100,Medium,Medium,Yes,4,100,Medium,Yes,3,Low,Medium,Public,Neutral,3,No,Postgraduate,Moderate,Female,71.0
20.0,90,Medium,Medium,No,7,78,High,Yes,0,Medium,High,Public,Positive,4,Yes,Postgraduate,Far,Male,69.0
16.0,99,Medium,High,Yes,7,60,Medium,Yes,2,Low,High,Private,Neutral,3,No,Postgraduate,Moderate,Male,71.0
24.0,91,Low,Medium,Yes,8,52,Medium,Yes,1,Low,Medium,Public,Neutral,5,No,High School,Near,Male,68.0
20.0,99,Low,Medium,Yes,7,97,Medium,Yes,2,Low,Medium,Public,Neutral,0,No,High School,Near,Male,70.0
24.0,88,Medium,High,Yes,8,74,Medium,Yes,0,Low,High,Private,Neutral,3,No,Postgraduate,Near,Male,71.0
27.0,63,Medium,Medium,Yes,6,86,Medium,Yes,1,Medium,Medium,Public,Positive,4,No,Postgraduate,Near,Female,68.0
24.0,76,Low,High,No,8,83,Medium,Yes,1,High,Medium,Private,Positive,4,No,High School,Near,Female,69.0
22.0,86,Medium,Medium,Yes,9,95,Medium,Yes,4,Medium,Low,Private,Positive,2,No,College,Near,Male,71.0
14.0,74,High,Medium,No,5,63,Low,No,2,Low,High,Private,Positive,3,No,College,Far,Female,63.0
20.0,71,Low,Medium,No,5,72,Medium,Yes,4,Medium,Medium,Public,Positive,4,No,Postgraduate,Moderate,Male,66.0
17.0,83,Medium,Medium,No,8,96,Medium,Yes,1,Low,Medium,Public,Positive,3,No,College,Moderate,Male,67.0
18.0,97,High,Low,Yes,7,79,Medium,Yes,3,High,Medium,Private,Positive,3,No,High School,Far,Male,71.0
18.0,61,Low,Low,No,9,54,Medium,Yes,0,Medium,Medium,Public,Neutral,2,No,College,Near,Female,59.0
14.0,91,High,Medium,Yes,7,60,Medium,Yes,0,High,Medium,Public,Neutral,2,No,High School,Near,Male,67.0
8.0,89,High,High,No,8,62,Medium,Yes,2,Medium,Medium,Public,Positive,4,Yes,High School,Moderate,Male,66.0
16.0,99,Low,High,Yes,6,100,High,Yes,1,High,High,Public,Positive,3,No,High School,Far,Female,72.0
21.0,97,High,High,No,8,61,Low,Yes,0,Low,High,Public,Neutral,3,Yes,Postgraduate,Near,Female,70.0
12.0,90,Medium,Medium,Yes,8,93,Low,Yes,3,High,Medium,Public,Neutral,3,No,High School,Near,Female,68.0
20.0,81,Low,Medium,No,6,54,Low,Yes,0,Low,Low,Public,Positive,2,No,College,Moderate,Female,63.0
31.0,68,Medium,Medium,No,9,59,Medium,Yes,3,High,High,Public,Neutral,2,No,Postgraduate,Near,Female,69.0
26.0,82,Low,Medium,No,4,94,Low,Yes,0,Low,Low,Private,Positive,3,No,High School,Near,Male,67.0
30.0,91,Medium,High,Yes,7,95,Low,Yes,1,Medium,High,Public,Positive,3,No,College,Near,Female,75.0
22.0,96,Low,Low,Yes,5,59,Medium,Yes,0,Medium,High,Private,Positive,2,No,High School,Far,Female,67.0
27.0,92,High,High,Yes,5,61,Medium,Yes,0,Medium,High,Private,Positive,3,No,Postgraduate,Near,Male,74.0
16.0,68,Medium,High,Yes,8,77,Medium,Yes,1,Medium,High,Public,Positive,4,No,Postgraduate,Moderate,Male,66.0
16.0,84,Medium,High,Yes,5,53,Medium,No,2,Low,Medium,Public,Neutral,1,No,High School,Near,Male,65.0
4.0,73,Low,Medium,Yes,5,97,High,Yes,1,Low,High,Public,Negative,1,No,High School,Near,Male,60.0
27.0,60,Medium,High,No,8,68,High,Yes,1,Medium,Medium,Private,Negative,4,Yes,High School,Far,Female,63.0
29.0,68,Low,High,Yes,5,74,Low,Yes,3,High,High,Public,Neutral,2,Yes,Postgraduate,Near,Male,69.0
17.0,65,High,High,No,9,55,Medium,Yes,1,Medium,Medium,Public,Positive,2,No,High School,Near,Male,64.0
18.0,94,Low,Medium,Yes,8,52,Medium,Yes,1,Medium,Medium,Private,Positive,4,No,College,Near,Female,68.0
15.0,70,Medium,Medium,No,6,73,Low,Yes,2,Medium,Low,Public,Positive,4,No,High School,Moderate,Male,63.0
22.0,71,Medium,Medium,Yes,8,56,Low,Yes,0,Medium,High,Public,Neutral,2,No,Postgraduate,Near,Male,65.0
27.0,98,Medium,High,No,4,82,Medium,Yes,0,High,Medium,Public,Positive,3,No,High School,Near,Female,74.0
10.0,75,Medium,High,Yes,8,90,Medium,Yes,2,Low,Medium,Public,Positive,2,No,Postgraduate,Moderate,Male,65.0
22.0,60,Medium,Medium,Yes,5,52,Medium,Yes,0,Low,Medium,Public,Negative,2,No,High School,Near,Female,61.0
18.0,71,Medium,High,Yes,6,81,Medium,Yes,1,Low,High,Public,Positive,3,No,High School,Near,Male,66.0
21.0,65,Medium,High,Yes,6,91,High,Yes,1,Medium,High,Public,Positive,3,No,High School,Moderate,Male,67.0
23.0,64,High,Medium,Yes,9,72,Medium,Yes,0,Low,High,Public,Positive,3,No,College,Near,Male,66.0
19.0,63,High,Medium,No,6,98,High,Yes,4,High,Medium,Private,Positive,2,No,Postgraduate,Near,Male,69.0
19.0,84,Medium,Medium,Yes,7,56,Low,Yes,2,Low,Medium,Public,Neutral,3,No,High School,Moderate,Female,65.0
19.0,68,High,High,No,6,66,Medium,Yes,2,Medium,Medium,Public,Neutral,3,No,High School,Far,Female,65.0
26.0,74,High,Medium,No,6,62,Medium,Yes,0,Low,Medium,Private,Neutral,3,No,High School,Near,Female,66.0
23.0,94,Medium,High,No,5,100,Low,Yes,2,Medium,High,Public,Neutral,2,No,Postgraduate,Near,Male,73.0
21.0,77,Low,Medium,Yes,7,65,Medium,Yes,2,Low,High,Public,Negative,2,No,High School,Moderate,Female,64.0
12.0,97,Medium,Low,Yes,7,69,Low,Yes,0,Low,High,Public,Positive,5,No,High School,Near,Female,67.0
18.0,80,Medium,Low,Yes,8,92,High,Yes,0,Medium,High,Private,Positive,1,No,College,Near,Male,67.0
25.0,76,Medium,Low,Yes,7,96,Medium,Yes,3,Medium,Medium,Public,Positive,4,Yes,High School,Near,Female,68.0
20.0,90,Medium,Low,Yes,7,97,Medium,Yes,2,High,High,Public,Positive,3,No,College,Moderate,Male,71.0
24.0,63,Medium,Medium,Yes,8,78,Medium,Yes,0,Low,High,Private,Negative,3,No,High School,Near,Male,64.0
31.0,64,Medium,Medium,Yes,6,83,Medium,Yes,1,Medium,Medium,Public,Positive,2,No,High School,Moderate,Female,67.0
26.0,86,Medium,Low,No,5,67,Medium,Yes,2,Low,High,Private,Positive,1,No,High School,Moderate,Female,68.0
21.0,79,Low,Medium,Yes,8,80,High,Yes,1,Low,High,Private,Negative,3,No,College,Near,Male,67.0
17.0,92,Low,Medium,Yes,6,65,High,Yes,3,Medium,High,Public,Positive,2,No,College,Near,Male,70.0
5.0,97,Medium,Low,Yes,7,87,Medium,Yes,2,Medium,Medium,Private,Neutral,3,Yes,High School,Far,Female,64.0
19.0,76,Medium,Medium,Yes,6,65,Medium,Yes,0,Low,Medium,Public,Neutral,4,Yes,High School,Near,Female,63.0
18.0,84,High,High,No,6,94,Medium,Yes,3,High,Medium,Public,Neutral,4,No,High School,Near,Male,71.0
22.0,80,Low,Low,No,4,57,Low,Yes,1,Low,Medium,Public,Neutral,3,No,Postgraduate,Moderate,Male,64.0
19.0,99,Low,Low,No,8,79,High,Yes,3,Medium,Medium,Private,Positive,4,No,High School,Near,Male,70.0
18.0,93,Medium,High,No,4,76,High,Yes,3,Low,Medium,Public,Negative,3,No,College,Near,Female,70.0
9.0,96,Medium,High,Yes,9,63,Medium,Yes,1,High,Medium,Private,Neutral,1,No,High School,Near,Male,67.0
14.0,70,Medium,Medium,Yes,9,51,Low,Yes,1,Low,High,Public,Negative,4,No,College,Near,Male,62.0
23.0,91,Medium,Medium,No,6,57,Low,Yes,2,Low,High,Private,Positive,2,No,High School,Near,Male,69.0
30.0,71,Low,High,No,9,98,Low,Yes,2,High,Medium,Public,Positive,1,No,High School,Moderate,Female,69.0
19.0,68,Low,High,No,10,97,Low,No,0,Low,Medium,Public,Positive,3,No,College,Far,Female,62.0
22.0,98,Low,Medium,No,7,56,High,Yes,1,High,Medium,Private,Neutral,1,No,College,Near,Female,70.0
26.0,61,Medium,Medium,Yes,8,69,High,Yes,2,Medium,High,Public,Positive,3,No,High School,Near,Male,66.0
15.0,99,High,Medium,No,7,73,Low,Yes,1,Low,Medium,Public,Positive,3,No,High School,Near,Male,69.0
22.0,66,Medium,Low,Yes,9,74,Medium,Yes,3,Low,High,Public,Negative,3,No,Postgraduate,Near,Female,65.0
16.0,93,Low,High,Yes,5,65,Low,Yes,0,Medium,Medium,Public,Negative,3,No,High School,Near,Female,66.0
25.0,71,High,Medium,Yes,7,96,Low,Yes,2,Low,Medium,Public,Positive,3,No,High School,Near,Female,69.0
21.0,74,High,Medium,Yes,8,95,Low,Yes,1,Medium,Medium,Private,Positive,5,Yes,High School,Far,Female,66.0
22.0,69,Low,High,Yes,8,51,Medium,Yes,1,Low,High,Public,Positive,3,No,High School,Near,Female,65.0
15.0,83,Medium,Low,Yes,7,83,Low,Yes,1,High,Medium,Public,Neutral,2,No,Postgraduate,Near,Female,66.0
24.0,74,Low,Low,Yes,9,54,Medium,Yes,1,Low,Medium,Public,Neutral,3,No,High School,Near,Female,63.0
33.0,86,Low,Medium,Yes,7,80,Medium,Yes,0,Low,High,Public,Neutral,3,No,Postgraduate,Near,Female,72.0
14.0,61,Medium,Medium,Yes,7,93,Low,Yes,3,Medium,High,Public,Negative,2,No,High School,Moderate,Male,62.0
18.0,63,High,High,No,8,82,Medium,Yes,1,High,Medium,Private,Negative,1,No,High School,Near,Male,64.0
21.0,64,Medium,Low,No,7,73,High,Yes,2,Low,Medium,Public,Negative,2,Yes,College,Far,Female,61.0
25.0,77,High,Medium,Yes,7,98,Low,Yes,0,High,Medium,Public,Positive,2,No,High School,Near,Male,70.0
17.0,93,Medium,Medium,No,6,87,Medium,Yes,1,Low,High,Private,Negative,2,No,High School,Moderate,Female,67.0
20.0,96,High,High,Yes,10,62,Medium,Yes,3,Low,Medium,Private,Neutral,4,No,High School,Far,Male,66.0
28.0,70,Medium,Medium,Yes,6,69,Medium,Yes,2,Low,Low,Public,Positive,4,Yes,High School,Near,Male,66.0
25.0,83,Low,Medium,Yes,8,88,Low,Yes,1,Medium,High,Public,Neutral,3,Yes,College,Near,Male,68.0
10.0,91,High,High,Yes,10,51,Medium,Yes,0,Low,Medium,Public,Positive,3,No,Postgraduate,Moderate,Male,67.0
16.0,72,Medium,High,No,5,53,Medium,Yes,1,High,High,Public,Positive,3,No,College,Near,Male,65.0
29.0,76,Medium,High,Yes,8,93,Low,No,0,Medium,High,Public,Positive,4,No,College,Moderate,Male,70.0
29.0,81,Medium,Medium,Yes,7,52,Medium,No,1,High,Medium,Public,Neutral,4,No,College,Near,Female,69.0
26.0,65,Medium,Medium,Yes,10,84,Medium,Yes,1,Low,High,Public,Positive,4,No,Postgraduate,Near,Male,68.0
19.0,61,Medium,Medium,No,6,66,Medium,Yes,0,High,Medium,Public,Neutral,1,No,High School,Near,Male,61.0
20.0,66,Medium,High,Yes,6,91,Low,Yes,0,Medium,High,Public,Negative,5,No,High School,Far,Male,65.0
19.0,85,High,High,No,7,92,Medium,Yes,3,Medium,Medium,Public,Neutral,2,No,College,Near,Female,71.0
27.0,63,Medium,High,No,6,98,Low,Yes,0,Medium,Medium,Private,Negative,3,No,High School,Near,Female,66.0
15.0,68,Medium,High,No,6,55,Medium,No,0,High,Medium,Private,Positive,3,No,High School,Near,Female,62.0
15.0,74,Low,Low,No,10,71,Medium,Yes,0,Low,High,Public,Negative,2,No,Postgraduate,Near,Male,61.0
26.0,63,High,High,Yes,7,79,Medium,Yes,1,Low,High,Public,Negative,2,No,High School,Near,Male,67.0
20.0,68,Medium,High,Yes,6,96,Medium,Yes,0,Low,High,Public,Neutral,3,No,High School,Near,Female,66.0
28.0,96,Low,High,No,6,63,High,No,1,High,Medium,Public,Positive,2,No,High School,Moderate,Female,71.0
16.0,61,Medium,High,Yes,8,54,High,Yes,0,Low,High,Private,Positive,3,No,College,Moderate,Male,62.0
20.0,86,Medium,Medium,Yes,8,60,Low,Yes,1,High,Medium,Public,Neutral,3,Yes,Postgraduate,Near,Male,67.0
14.0,75,Medium,Medium,Yes,6,75,Medium,Yes,0,Low,High,Public,Neutral,2,No,High School,Near,Male,64.0
20.0,87,Medium,Low,No,5,84,Medium,Yes,2,Medium,Medium,Private,Neutral,3,No,High School,Near,Male,68.0
11.0,84,Medium,Medium,Yes,7,85,High,Yes,3,Medium,Medium,Public,Neutral,4,No,College,Moderate,Female,67.0
17.0,69,Medium,Medium,Yes,7,54,High,Yes,1,High,Low,Public,Neutral,2,No,High School,Near,Male,63.0
11.0,94,High,High,No,6,88,Medium,Yes,2,Medium,Medium,Public,Positive,4,No,High School,Near,Male,70.0
24.0,80,Low,High,Yes,9,83,Medium,Yes,1,Low,Low,Public,Negative,1,No,High School,Near,Male,67.0
24.0,93,Medium,High,Yes,8,70,Low,Yes,1,Medium,High,Private,Neutral,3,No,High School,Moderate,Female,71.0
10.0,76,Medium,Low,Yes,7,79,Low,Yes,3,Medium,Medium,Private,Neutral,4,No,High School,Far,Female,62.0
28.0,99,Medium,Medium,Yes,6,88,Medium,Yes,3,Low,Medium,Public,Positive,4,No,High School,Near,Female,75.0
35.0,91,Low,Medium,Yes,10,63,Low,Yes,1,Medium,Medium,Public,Neutral,5,No,High School,Near,Male,72.0
20.0,99,Medium,Low,Yes,5,97,Low,Yes,4,High,Medium,Public,Neutral,3,No,College,Near,Female,73.0
16.0,81,Low,Medium,No,6,57,High,Yes,3,Low,Low,Private,Positive,3,No,High School,Near,Male,64.0
20.0,79,Medium,High,No,6,95,High,Yes,1,High,Medium,Public,Negative,1,No,High School,Near,Male,73.0
12.0,90,Medium,Low,Yes,7,87,Low,Yes,2,Low,High,Public,Neutral,2,No,Postgraduate,Far,Male,66.0
20.0,95,Low,Low,No,8,83,High,Yes,1,Medium,Medium,Private,Positive,3,No,High School,Near,Female,69.0
21.0,99,Medium,Medium,Yes,5,54,High,Yes,1,Low,Medium,Public,Neutral,4,No,College,Moderate,Male,70.0
28.0,73,Medium,High,Yes,6,96,Medium,Yes,1,Medium,Medium,Public,Negative,0,No,Postgraduate,Near,Female,70.0
22.0,92,High,High,No,8,65,Medium,Yes,0,Medium,High,Private,Positive,2,No,High School,Moderate,Male,71.0
17.0,68,Low,High,Yes,6,87,High,Yes,0,Low,Medium,Private,Positive,4,Yes,College,Near,Male,64.0
14.0,82,Medium,High,No,6,94,Low,Yes,7,Medium,High,Private,Negative,4,No,Postgraduate,Near,Male,71.0
18.0,67,High,Medium,Yes,7,62,High,Yes,1,Low,Low,Private,Positive,2,No,High School,Far,Male,63.0
14.0,74,High,High,Yes,6,96,Low,Yes,2,Low,High,Public,Neutral,4,No,College,Near,Male,68.0
20.0,97,Medium,Medium,No,7,81,Medium,Yes,3,Medium,High,Public,Neutral,3,Yes,College,Near,Male,71.0
17.0,66,Medium,Medium,Yes,8,83,Medium,Yes,4,Medium,High,Private,Negative,5,No,High School,Moderate,Male,65.0
11.0,85,High,Medium,Yes,7,96,Medium,No,1,Low,Medium,Public,Neutral,3,No,High School,Near,Male,66.0
28.0,84,High,High,Yes,9,76,High,Yes,0,High,Medium,Private,Negative,3,No,High School,Near,Male,72.0
17.0,65,High,High,Yes,8,72,Low,Yes,1,Low,Medium,Public,Positive,4,No,College,Moderate,Male,65.0
12.0,73,Low,Medium,No,7,82,Medium,No,1,Low,Medium,Public,Positive,3,No,High School,Far,Male,60.0
19.0,83,Low,Medium,No,7,78,High,No,2,Low,High,Public,Positive,4,No,Postgraduate,Moderate,Male,67.0
20.0,67,Medium,High,No,10,53,High,Yes,1,Low,Medium,Private,Positive,2,No,Postgraduate,Near,Male,65.0
10.0,92,High,Low,Yes,6,59,High,Yes,0,Low,Medium,Public,Negative,2,No,High School,Moderate,Female,64.0
22.0,99,High,High,Yes,7,51,Medium,Yes,2,High,High,Public,Negative,4,Yes,High School,Moderate,Male,72.0
14.0,69,High,Medium,No,6,55,Medium,Yes,3,Low,Low,Private,Positive,2,No,High School,Moderate,Male,62.0
30.0,67,Medium,Medium,Yes,8,86,Medium,Yes,0,Low,Medium,Public,Neutral,4,No,High School,Moderate,Female,67.0
23.0,78,Medium,Medium,Yes,10,50,Medium,Yes,1,Medium,Medium,Private,Positive,3,Yes,Postgraduate,Near,Female,67.0
18.0,90,Medium,Medium,No,7,65,Low,Yes,4,Medium,Medium,Public,Positive,3,No,College,Near,Female,69.0
16.0,71,High,High,Yes,7,72,Low,Yes,1,Medium,Low,Private,Neutral,4,No,College,Moderate,Female,65.0
19.0,61,Medium,High,No,7,97,Low,Yes,0,Medium,High,Public,Negative,3,Yes,College,Far,Male,62.0
24.0,82,High,Medium,Yes,5,66,Medium,Yes,0,Medium,Medium,Private,Neutral,3,No,Postgraduate,Near,Male,69.0
20.0,98,Medium,High,No,7,89,Medium,Yes,1,High,Medium,Public,Positive,3,No,College,Far,Female,72.0
19.0,76,Low,High,Yes,10,70,Low,Yes,1,Low,Medium,Public,Negative,3,No,College,Far,Female,63.0
20.0,77,High,Medium,No,8,55,Low,Yes,1,Medium,Medium,Public,Negative,3,No,College,Far,Female,64.0
16.0,99,Low,Medium,Yes,9,55,Medium,Yes,1,High,Medium,Public,Neutral,3,Yes,College,Far,Female,67.0
18.0,88,Medium,Medium,No,9,72,High,Yes,2,High,High,Public,Neutral,4,No,Postgraduate,Moderate,Male,70.0
7.0,89,High,Low,Yes,6,53,Medium,Yes,3,Low,High,Private,Neutral,2,No,High School,Moderate,Male,64.0
26.0,83,Medium,Medium,No,10,79,Medium,Yes,1,High,Medium,Public,Neutral,2,No,High School,Moderate,Female,69.0
22.0,99,High,High,No,4,75,Low,Yes,2,Medium,Medium,Private,Negative,4,No,High School,Near,Female,72.0
15.0,88,Medium,Medium,Yes,7,85,Medium,Yes,4,Medium,Medium,Private,Negative,2,No,Postgraduate,Near,Female,69.0
31.0,96,High,Medium,Yes,4,59,Medium,Yes,3,Low,Medium,Private,Neutral,5,No,High School,Near,Female,75.0
21.0,88,Low,Medium,No,4,80,Low,Yes,1,Medium,Medium,Public,Positive,2,Yes,Postgraduate,Near,Male,67.0
14.0,89,Medium,Medium,Yes,8,59,High,Yes,1,Low,Medium,Private,Neutral,3,No,College,Near,Male,67.0
25.0,72,Medium,Medium,No,6,86,High,Yes,0,Medium,Medium,Public,Neutral,2,No,High School,Far,Female,66.0
22.0,72,Medium,Low,Yes,9,65,High,Yes,0,Medium,Medium,Public,Neutral,3,No,High School,Moderate,Male,64.0
22.0,91,Medium,Low,No,4,81,Medium,Yes,2,Low,High,Private,Negative,3,No,High School,Near,Male,68.0
17.0,72,High,Medium,Yes,7,94,High,Yes,1,Low,Medium,Public,Neutral,5,No,High School,Moderate,Male,66.0
23.0,83,High,Medium,No,5,74,Medium,Yes,3,Low,Medium,Public,Negative,2,No,Postgraduate,Near,Male,69.0
18.0,70,High,Low,Yes,7,60,Medium,Yes,1,Medium,High,Public,Positive,3,No,College,Near,Male,65.0
23.0,93,Medium,Low,Yes,9,94,High,Yes,2,Medium,Low,Private,Negative,3,No,High School,Moderate,Female,70.0
9.0,64,Medium,Low,Yes,10,68,Low,Yes,0,Medium,Medium,Private,Negative,3,No,High School,Near,Male,57.0
17.0,93,Medium,Medium,No,8,87,Low,Yes,2,High,High,Private,Negative,3,No,College,Moderate,Male,69.0
30.0,84,High,Low,Yes,5,66,Low,Yes,0,Medium,Low,Public,Positive,2,No,Postgraduate,Near,Female,70.0
15.0,67,Low,Medium,Yes,5,65,Medium,Yes,4,Medium,Medium,Private,Negative,2,No,College,Near,Male,63.0
16.0,82,Medium,Medium,No,7,82,Medium,Yes,1,Medium,Low,Public,Neutral,3,No,Postgraduate,Moderate,Female,66.0
17.0,71,Medium,Medium,Yes,6,58,Medium,Yes,3,Medium,Medium,Private,Positive,3,Yes,High School,Near,Male,64.0
13.0,73,Medium,High,No,8,93,Medium,Yes,0,High,High,Public,Neutral,3,No,Postgraduate,Near,Female,65.0
7.0,74,High,Medium,No,10,69,High,Yes,1,High,Medium,Public,Positive,4,No,High School,Near,Male,64.0
19.0,63,Medium,Low,Yes,6,51,High,Yes,2,Medium,Medium,Public,Neutral,4,No,High School,Near,Male,62.0
21.0,99,High,Medium,Yes,6,65,Low,Yes,1,Medium,Medium,Private,Positive,2,No,College,Far,Female,71.0
20.0,61,Medium,High,No,5,89,Medium,Yes,1,Medium,Medium,Public,Neutral,2,No,Postgraduate,Far,Female,64.0
19.0,86,High,High,Yes,7,93,High,Yes,1,Medium,High,Public,Neutral,2,No,High School,Near,Male,72.0
20.0,75,Medium,Medium,No,7,78,Medium,Yes,0,Low,Medium,Public,Negative,2,No,College,Near,Female,64.0
26.0,86,Medium,Low,Yes,7,65,Medium,Yes,2,High,High,Private,Neutral,4,No,Postgraduate,Moderate,Male,71.0
19.0,74,Medium,Medium,Yes,8,76,High,Yes,5,Medium,High,Public,Neutral,4,Yes,College,Near,Female,68.0
17.0,87,Medium,Medium,Yes,8,92,Medium,No,3,High,Low,Public,Negative,2,No,College,Near,Male,68.0
18.0,89,Medium,Medium,No,7,66,Medium,Yes,2,Medium,Medium,Public,Positive,3,No,College,Moderate,Male,68.0
23.0,88,Medium,Medium,No,7,69,Medium,Yes,3,Low,High,Public,Negative,3,No,High School,Near,Male,69.0
28.0,65,Low,Medium,Yes,7,77,High,Yes,1,Low,High,Public,Positive,3,No,College,Near,Male,67.0
16.0,86,Medium,Low,No,7,94,Low,Yes,0,Low,Medium,Private,Positive,4,No,High School,Near,Male,66.0
21.0,71,Medium,Medium,Yes,6,79,Medium,Yes,1,Low,Medium,Private,Neutral,4,No,Postgraduate,Far,Male,65.0
22.0,61,Medium,High,No,5,60,High,Yes,0,High,Low,Private,Neutral,2,No,High School,Moderate,Male,63.0
14.0,77,High,Low,No,7,54,Medium,Yes,1,Medium,High,Public,Negative,2,No,High School,Moderate,Male,62.0
20.0,77,High,High,No,6,55,Medium,Yes,1,High,Low,Private,Neutral,1,No,College,Near,Male,67.0
11.0,79,Medium,Medium,Yes,8,98,Medium,Yes,2,Low,Medium,Public,Neutral,4,No,High School,Near,Female,65.0
9.0,88,Medium,Medium,Yes,7,91,Medium,Yes,1,Low,Medium,Public,Negative,3,No,College,Near,Female,66.0
22.0,72,Low,High,No,7,88,Medium,No,2,Medium,Medium,Public,Positive,4,No,High School,Near,Female,66.0
18.0,73,Medium,Medium,Yes,8,75,Medium,Yes,0,High,Medium,Public,Neutral,1,Yes,College,Near,Female,64.0
21.0,62,High,Medium,Yes,5,84,Medium,Yes,5,Low,Medium,Public,Positive,4,No,High School,Near,Female,67.0
20.0,87,Medium,Medium,No,10,56,Medium,Yes,2,Medium,Medium,Public,Neutral,2,No,College,Moderate,Female,67.0
14.0,83,Low,Low,No,4,81,Low,Yes,1,Low,Medium,Public,Negative,4,Yes,High School,Moderate,Male,61.0
20.0,74,Medium,Medium,Yes,9,91,Medium,Yes,1,Low,Medium,Public,Neutral,5,No,High School,Near,Male,66.0
13.0,88,High,Medium,Yes,7,53,Medium,Yes,2,Medium,Medium,Private,Negative,4,No,College,Moderate,Male,66.0
28.0,81,Medium,Low,Yes,6,65,Medium,Yes,1,Low,Medium,Public,Positive,2,No,High School,Moderate,Male,67.0
12.0,79,High,Medium,No,5,56,High,Yes,1,Low,Low,Public,Positive,5,No,High School,Near,Female,64.0
19.0,80,High,Low,No,6,63,Low,Yes,1,Low,Medium,Public,Neutral,3,No,High School,Near,Male,64.0
14.0,85,Low,Medium,No,7,89,Medium,Yes,2,Medium,High,Public,Positive,2,No,College,Moderate,Male,67.0
23.0,86,Low,High,No,7,67,Low,Yes,2,Medium,High,Private,Neutral,3,Yes,College,Near,Female,68.0
18.0,72,Medium,Low,No,9,84,Medium,Yes,2,Medium,Medium,Public,Neutral,4,No,High School,Near,Male,64.0
17.0,66,Medium,Medium,Yes,7,89,Medium,Yes,0,Medium,Medium,Private,Negative,3,No,College,Near,Male,63.0
25.0,66,Medium,High,Yes,7,91,Medium,Yes,2,Low,High,Public,Neutral,3,No,College,Near,Male,68.0
20.0,86,Low,Low,No,8,94,Low,Yes,2,Low,Medium,Private,Negative,2,No,High School,Far,Female,64.0
23.0,95,Low,Medium,Yes,7,80,High,Yes,2,Low,Medium,Public,Neutral,4,No,High School,Moderate,Female,70.0
14.0,76,Low,Medium,No,7,64,Medium,Yes,3,Medium,Medium,Private,Positive,3,No,College,Near,Male,64.0
12.0,67,High,Medium,No,7,58,Medium,Yes,0,High,Medium,Public,Neutral,2,Yes,High School,Far,Male,59.0
21.0,90,High,Medium,Yes,8,75,Medium,Yes,4,Low,High,Public,Neutral,2,No,High School,Moderate,Male,71.0
18.0,93,Low,Medium,Yes,6,55,Medium,Yes,3,Low,Medium,Public,Negative,5,No,High School,Moderate,Male,67.0
24.0,95,Medium,Low,Yes,6,96,High,Yes,3,Low,Medium,Private,Neutral,3,No,Postgraduate,Near,Female,73.0
20.0,84,Low,Low,No,8,72,Medium,Yes,3,High,Medium,Public,Neutral,3,No,High School,Near,Male,66.0
21.0,94,High,High,No,5,94,Medium,Yes,2,Low,High,Private,Neutral,2,No,College,Near,Male,73.0
10.0,61,High,Medium,Yes,7,85,High,Yes,1,Medium,Medium,Public,Neutral,4,No,High School,Near,Female,62.0
31.0,64,Medium,High,No,6,93,Medium,Yes,1,Low,High,Public,Neutral,3,No,High School,Near,Female,69.0
19.0,64,Medium,High,No,8,94,Medium,Yes,3,Medium,High,Private,Neutral,3,Yes,Postgraduate,Near,Female,66.0
24.0,89,Medium,Low,Yes,9,53,Medium,Yes,1,Low,High,Private,Neutral,3,No,High School,Near,Male,68.0
15.0,63,Medium,Medium,Yes,6,86,Low,Yes,4,High,Medium,Public,Positive,5,No,High School,Near,Male,65.0
22.0,80,Medium,Medium,Yes,8,61,High,Yes,1,Low,Medium,Public,Positive,2,No,College,Moderate,Male,67.0
12.0,79,Medium,Medium,Yes,7,99,Low,Yes,2,Medium,Medium,Public,Negative,2,Yes,High School,Near,Female,64.0
23.0,72,High,High,Yes,6,89,Medium,No,0,Medium,High,Private,Negative,3,No,High School,Moderate,Male,67.0
18.0,95,Low,Low,Yes,7,50,Low,Yes,3,Medium,Medium,Private,Neutral,3,No,High School,Moderate,Female,66.0
20.0,67,High,Medium,No,9,96,High,Yes,1,High,High,Public,Positive,3,No,High School,Near,Female,68.0
24.0,74,Medium,Medium,Yes,7,65,Low,Yes,3,Medium,High,Public,Neutral,2,No,College,Near,Male,68.0
13.0,91,Medium,Low,Yes,9,71,Low,Yes,1,Low,Medium,Public,Positive,2,No,College,Far,Male,64.0
16.0,61,High,Medium,Yes,7,81,Low,Yes,2,Medium,Medium,Public,Neutral,1,No,High School,Near,Female,63.0
23.0,87,High,Medium,No,5,96,Medium,Yes,2,Medium,Medium,Public,Positive,3,No,College,Moderate,Female,72.0
33.0,93,High,Medium,No,7,96,Medium,Yes,1,Low,High,Public,Positive,1,No,Postgraduate,Moderate,Female,75.0
19.0,97,High,Medium,No,5,78,Low,Yes,2,Low,Medium,Public,Positive,3,No,High School,Near,Male,71.0
24.0,95,High,Medium,No,7,66,Low,Yes,2,High,High,Public,Negative,3,No,High School,Near,Male,71.0
19.0,73,Medium,Medium,Yes,6,64,Low,Yes,4,Medium,Medium,Public,Positive,5,Yes,College,Near,Female,66.0
32.0,83,High,Medium,Yes,10,68,Medium,No,3,Low,Medium,Private,Positive,4,No,High School,Moderate,Female,71.0
10.0,63,High,Medium,No,9,59,Low,Yes,0,Medium,High,Public,Positive,5,No,Postgraduate,Moderate,Male,61.0
21.0,70,Medium,Medium,Yes,7,83,Medium,Yes,1,Medium,Medium,Public,Neutral,3,No,High School,Far,Male,65.0
10.0,64,Medium,Low,No,9,76,Low,Yes,1,Low,Medium,Private,Positive,1,No,High School,Near,Female,58.0
5.0,73,High,Low,Yes,6,89,High,Yes,1,Medium,Medium,Public,Neutral,2,No,High School,Near,Male,62.0
22.0,95,High,Low,No,5,55,Medium,Yes,2,High,High,Public,Neutral,0,Yes,College,Near,Female,69.0
21.0,74,Medium,Low,Yes,8,70,Medium,Yes,1,Medium,Medium,Public,Neutral,3,No,Postgraduate,Far,Male,65.0
18.0,82,High,Medium,Yes,8,62,High,Yes,3,Low,Medium,Private,Neutral,4,No,High School,Near,Female,69.0
19.0,77,High,Medium,Yes,6,77,High,Yes,1,Low,High,Private,Neutral,3,No,College,Near,Female,68.0
20.0,78,Medium,Medium,No,6,73,Medium,Yes,0,Low,Medium,Public,Positive,2,No,College,Far,Male,70.0
18.0,99,High,Medium,Yes,8,72,Medium,Yes,4,Low,Medium,Public,Neutral,4,No,High School,Near,Female,72.0
23.0,72,Low,Medium,Yes,4,66,Low,No,3,Low,Medium,Private,Positive,4,No,Postgraduate,Near,Female,66.0
16.0,85,Low,High,Yes,8,86,Low,Yes,2,High,Medium,Private,Neutral,4,No,High School,Near,Female,68.0
22.0,77,Medium,Medium,Yes,7,74,High,Yes,2,Low,Low,Private,Negative,4,No,College,Near,Male,67.0
19.0,62,High,Low,Yes,8,60,Medium,Yes,1,Low,Medium,Public,Positive,2,No,College,Far,Female,61.0
18.0,80,Low,Low,Yes,8,77,Medium,Yes,1,Low,High,Public,Negative,2,No,College,Near,Female,64.0
31.0,93,High,Medium,No,6,80,Medium,Yes,3,Medium,Medium,Public,Neutral,2,No,High School,Near,Male,74.0
27.0,64,Medium,Medium,No,5,51,High,Yes,1,Low,High,Public,Negative,3,No,High School,Near,Female,64.0
21.0,63,High,Low,Yes,9,60,Medium,Yes,2,Medium,Medium,Public,Negative,2,No,Postgraduate,Near,Male,64.0
6.0,66,High,Medium,Yes,7,62,Low,Yes,2,Low,Medium,Public,Neutral,4,No,Postgraduate,Near,Male,61.0
18.0,91,High,High,Yes,7,62,Medium,Yes,3,Low,Medium,Private,Positive,3,No,High School,Near,Male,71.0
36.0,89,High,Low,Yes,8,62,Low,Yes,2,Low,High,Private,Negative,3,No,College,Moderate,Male,72.0
19.0,83,High,High,No,6,64,Medium,Yes,0,Medium,Medium,Private,Negative,5,No,Postgraduate,Near,Female,68.0
27.0,79,Low,High,Yes,8,63,High,Yes,2,Low,Medium,Public,Negative,5,No,College,Moderate,Female,69.0
29.0,96,Medium,High,No,8,94,High,No,2,Low,High,Public,Negative,4,No,High School,Near,Male,74.0
21.0,91,Medium,High,Yes,9,66,Low,Yes,3,Low,Medium,Public,Neutral,4,No,College,Moderate,Female,70.0
15.0,92,High,Low,Yes,9,67,Low,Yes,1,High,High,Public,Positive,2,No,Postgraduate,Near,Male,69.0
5.0,93,Low,Low,No,7,63,Medium,Yes,2,Medium,High,Public,Neutral,3,No,Postgraduate,Near,Male,64.0
24.0,86,Low,Low,Yes,8,98,Medium,Yes,2,High,Medium,Public,Positive,5,No,Postgraduate,Far,Male,71.0
15.0,78,High,Low,Yes,7,77,Low,Yes,0,High,Medium,Public,Neutral,3,No,College,Near,Male,65.0
21.0,95,High,Medium,Yes,7,81,Medium,Yes,0,Medium,Medium,Public,Neutral,3,No,High School,Near,Male,71.0
13.0,97,High,High,Yes,5,87,Low,Yes,1,Medium,High,Public,Neutral,2,No,Postgraduate,Near,Female,71.0
18.0,61,Low,Medium,Yes,7,67,Medium,Yes,5,High,High,Public,Positive,2,No,Postgraduate,Near,Male,66.0
20.0,62,Medium,Medium,No,4,98,High,Yes,1,High,Low,Public,Negative,4,No,High School,Near,Male,64.0
22.0,98,Medium,Medium,No,7,58,Medium,Yes,0,Medium,Medium,Private,Neutral,3,No,High School,Near,Male,70.0
13.0,71,Low,Low,No,9,73,Low,Yes,1,High,High,Private,Neutral,3,No,High School,Moderate,Male,61.0
27.0,95,Medium,Medium,Yes,8,57,High,Yes,1,Medium,Low,Private,Positive,3,No,High School,Moderate,Female,71.0
16.0,76,Medium,Medium,No,7,90,Medium,Yes,0,Low,Medium,Public,Neutral,3,No,Postgraduate,Moderate,Male,65.0
10.0,65,Low,High,No,7,55,Medium,Yes,0,Low,High,Public,Neutral,3,No,High School,Near,Female,59.0
19.0,63,Medium,Medium,Yes,6,78,Low,Yes,3,Medium,Medium,Public,Neutral,2,Yes,College,Near,Male,63.0
20.0,66,Medium,Medium,Yes,6,55,Low,Yes,1,High,High,Public,Negative,3,No,Postgraduate,Moderate,Female,64.0
21.0,70,Low,Low,No,8,73,Low,Yes,0,High,Medium,Public,Neutral,4,No,College,Near,Male,63.0
28.0,80,High,High,No,5,64,Medium,Yes,1,Low,Medium,Private,Neutral,2,No,Postgraduate,Moderate,Female,70.0
19.0,88,High,Medium,Yes,5,95,Medium,Yes,1,Medium,High,Public,Neutral,3,No,High School,Near,Male,70.0
19.0,99,High,High,Yes,8,53,Medium,Yes,1,Medium,Medium,Private,Neutral,4,No,College,Near,Male,72.0
13.0,78,Medium,High,No,7,82,High,Yes,0,Low,High,Public,Neutral,2,No,College,Moderate,Female,65.0
25.0,81,High,Medium,Yes,7,85,High,Yes,3,Medium,Medium,Public,Negative,1,No,Postgraduate,Moderate,Female,71.0
21.0,81,High,Medium,Yes,7,94,Medium,Yes,3,Medium,Medium,Public,Neutral,1,No,Postgraduate,Moderate,Male,70.0
17.0,82,Medium,Low,No,10,94,Medium,Yes,1,High,High,Private,Neutral,3,No,High School,Moderate,Female,66.0
9.0,81,Medium,Medium,Yes,7,99,Medium,Yes,2,Low,Medium,Public,Neutral,3,No,High School,Moderate,Female,64.0
29.0,60,Low,High,No,7,63,Medium,Yes,0,Low,Medium,Public,Negative,4,No,Postgraduate,Near,Male,64.0
13.0,60,High,Low,No,10,64,Low,Yes,1,Medium,Medium,Public,Neutral,4,No,College,Far,Male,59.0
16.0,64,Medium,High,Yes,7,70,Medium,Yes,5,Low,Low,Public,Positive,4,No,High School,Moderate,Male,65.0
22.0,64,High,Medium,Yes,10,77,Medium,Yes,1,Low,High,Public,Positive,3,No,High School,Moderate,Male,66.0
13.0,88,Medium,Medium,Yes,4,68,High,Yes,1,High,Medium,Public,Positive,2,No,High School,Near,Female,67.0
11.0,68,High,Medium,Yes,5,87,Medium,Yes,1,Low,Medium,Public,Positive,4,Yes,High School,Far,Male,62.0
7.0,96,High,Low,No,6,50,Medium,Yes,1,High,Medium,Private,Negative,3,No,College,Near,Male,65.0
24.0,97,High,Medium,Yes,8,51,Medium,Yes,3,Low,Medium,Public,Neutral,2,No,Postgraduate,Near,Female,73.0
17.0,99,Medium,Medium,No,10,86,Low,Yes,1,Medium,Medium,Private,Positive,2,No,College,Near,Male,70.0
20.0,98,Low,Medium,No,6,94,Medium,Yes,2,Low,Low,Public,Negative,4,No,Postgraduate,Near,Female,75.0
14.0,71,High,High,Yes,8,89,Medium,Yes,0,Medium,Medium,Public,Neutral,3,No,Postgraduate,Near,Female,66.0
14.0,80,High,Medium,No,10,56,Low,Yes,1,Low,Medium,Public,Positive,3,No,Postgraduate,Moderate,Female,65.0
17.0,67,Medium,Medium,No,9,97,Medium,Yes,1,Medium,Low,Public,Neutral,3,No,Postgraduate,Moderate,Female,64.0
21.0,92,High,Low,No,6,76,Low,Yes,2,Low,Medium,Public,Positive,5,No,College,Near,Male,70.0
17.0,96,Medium,High,Yes,8,87,Medium,Yes,0,Medium,Medium,Private,Positive,5,No,High School,Moderate,Male,71.0
24.0,94,Low,Medium,No,8,60,Low,Yes,0,Medium,Medium,Public,Neutral,3,No,High School,Near,Male,68.0
14.0,77,Medium,Medium,Yes,6,77,Low,Yes,1,Low,High,Private,Neutral,2,No,College,Near,Male,64.0
12.0,90,High,High,No,8,67,Low,Yes,2,Low,Low,Public,Neutral,3,No,High School,Near,Female,67.0
9.0,64,Medium,High,Yes,6,99,Medium,Yes,6,Low,High,Public,Positive,6,Yes,High School,Moderate,Male,65.0
7.0,62,High,Medium,Yes,7,74,Medium,Yes,3,Medium,Medium,Public,Neutral,3,No,Postgraduate,Near,Female,62.0
17.0,90,Low,High,Yes,5,88,Low,Yes,1,Medium,Medium,Public,Negative,1,No,College,Near,Female,68.0
18.0,77,High,Medium,Yes,4,80,Medium,Yes,1,Medium,Low,Private,Negative,2,No,College,Near,Male,66.0
16.0,100,High,High,Yes,7,55,High,Yes,1,Low,Medium,Public,Negative,2,Yes,College,Moderate,Male,69.0
27.0,64,Medium,Medium,Yes,7,77,High,Yes,3,High,Medium,Public,Neutral,4,No,High School,Moderate,Male,68.0
27.0,94,Medium,Low,No,5,77,Medium,Yes,0,Medium,High,Public,Positive,2,No,College,Near,Female,71.0
18.0,79,Medium,High,Yes,8,86,Medium,Yes,3,Low,Low,Public,Neutral,4,No,College,Near,Female,68.0
9.0,93,High,Low,Yes,7,66,Medium,Yes,0,Low,Low,Private,Neutral,2,No,College,Moderate,Male,64.0
17.0,93,Low,Medium,No,8,93,Low,Yes,0,Low,Medium,Public,Negative,3,No,College,Moderate,Male,66.0
16.0,97,Medium,Low,Yes,8,81,High,Yes,0,High,High,Private,Positive,2,No,High School,Near,Male,70.0
16.0,72,Low,Medium,No,9,52,Medium,Yes,1,Medium,High,Public,Negative,1,Yes,College,Moderate,Female,60.0
16.0,98,Medium,Medium,Yes,8,85,Low,Yes,0,Low,High,Public,Positive,2,No,College,Far,Male,69.0
16.0,66,Medium,Medium,Yes,7,95,Low,Yes,1,Medium,Medium,Public,Positive,4,No,College,Near,Male,65.0
18.0,63,High,High,Yes,7,84,Medium,Yes,1,Medium,High,Public,Neutral,2,No,High School,Near,Female,66.0
16.0,77,Medium,Low,No,10,69,Medium,Yes,1,Medium,Medium,Private,Neutral,3,No,High School,Near,Female,64.0
21.0,93,Medium,High,No,8,80,Medium,Yes,0,High,High,Public,Positive,1,No,College,Moderate,Female,71.0
22.0,79,High,Low,No,7,59,Medium,Yes,0,Medium,Medium,Public,Positive,3,No,College,Near,Male,66.0
15.0,93,Medium,Low,Yes,7,80,Low,Yes,0,Low,Medium,Public,Positive,3,No,High School,Near,Female,66.0
28.0,89,Medium,Medium,No,6,75,Medium,Yes,1,Low,Low,Private,Negative,3,No,High School,Moderate,Male,68.0
14.0,68,High,High,No,5,51,High,Yes,1,High,Medium,Public,Neutral,5,Yes,High School,Moderate,Male,63.0
10.0,98,Medium,Low,Yes,10,66,Low,Yes,1,Low,High,Public,Negative,2,No,College,Near,Female,66.0
22.0,62,Low,Medium,No,8,60,Low,No,0,Medium,High,Public,Positive,2,No,College,Near,Male,61.0
15.0,96,Medium,Low,No,5,70,High,Yes,4,Low,High,Private,Positive,3,No,College,Near,Male,70.0
22.0,72,Medium,High,Yes,7,62,Low,Yes,5,High,Medium,Private,Neutral,2,No,College,Moderate,Female,68.0
6.0,80,Medium,Medium,Yes,9,92,Low,Yes,5,Low,Medium,Public,Neutral,2,No,Postgraduate,Moderate,Male,65.0
28.0,77,High,Medium,No,6,85,High,Yes,0,Low,Medium,Public,Negative,1,No,Postgraduate,Near,Female,69.0
24.0,67,Medium,High,Yes,6,87,Low,Yes,0,Medium,Medium,Public,Positive,4,No,College,Near,Male,67.0
11.0,74,High,Medium,No,8,68,Low,Yes,0,Medium,Medium,Public,Positive,3,No,High School,Moderate,Male,62.0
11.0,68,Low,High,Yes,8,50,Low,Yes,2,Low,High,Private,Positive,4,No,High School,Near,Female,61.0
30.0,68,High,High,Yes,6,61,High,Yes,1,Medium,Medium,Public,Positive,3,No,Postgraduate,Near,Female,70.0
16.0,67,High,Medium,Yes,6,88,Medium,Yes,0,High,Low,Public,Neutral,3,No,College,Near,Male,65.0
15.0,80,High,Medium,No,8,80,Medium,Yes,1,Low,Medium,Public,Neutral,4,No,High School,Moderate,Female,65.0
6.0,92,Medium,Medium,Yes,5,77,Medium,Yes,1,Low,High,Public,Positive,4,No,High School,Near,Male,66.0
18.0,83,Medium,High,Yes,6,64,Low,No,1,Medium,High,Private,Negative,3,No,High School,Near,Female,66.0
19.0,96,Medium,Medium,Yes,7,54,High,Yes,1,Low,Medium,Public,Neutral,3,No,College,Near,Male,69.0
24.0,85,High,High,No,8,89,Medium,Yes,1,Low,Medium,Public,Neutral,3,No,High School,Moderate,Female,70.0
12.0,88,High,Medium,No,6,52,Low,No,1,Medium,High,Public,Negative,1,No,High School,Near,Male,63.0
11.0,87,Low,Medium,No,8,53,High,Yes,1,Medium,Medium,Public,Positive,3,No,High School,Near,Female,64.0
23.0,78,High,Low,No,9,65,High,Yes,1,Low,High,Public,Neutral,2,Yes,College,Far,Female,65.0
26.0,88,High,Medium,Yes,6,79,Medium,Yes,1,Low,High,Public,Neutral,4,No,High School,Far,Male,71.0
11.0,63,Medium,Medium,Yes,10,100,High,Yes,0,Medium,Medium,Public,Neutral,3,No,High School,Far,Female,61.0
26.0,94,Low,Low,Yes,9,55,Low,Yes,2,High,Medium,Public,Neutral,3,No,High School,Near,Male,69.0
20.0,91,High,Medium,No,7,74,Medium,Yes,1,Medium,Medium,Public,Neutral,4,No,High School,Moderate,Male,69.0
27.0,70,Medium,Medium,No,7,80,Low,Yes,1,Low,Medium,Public,Neutral,3,No,High School,Near,Female,66.0
20.0,91,High,Medium,No,6,91,Medium,Yes,3,High,High,Public,Neutral,2,No,High School,Near,Male,72.0
5.0,61,High,Medium,No,9,84,High,Yes,1,Medium,Medium,Public,Neutral,3,No,College,Near,Male,60.0
19.0,69,Low,Low,No,7,90,Medium,Yes,0,Low,Medium,Public,Neutral,1,No,College,Near,Male,62.0
26.0,63,Medium,Medium,Yes,5,76,Medium,Yes,3,Medium,High,Public,Neutral,5,Yes,High School,Near,Female,66.0
15.0,91,Medium,High,Yes,4,72,Low,Yes,1,High,High,Private,Neutral,2,No,High School,Near,Male,69.0
18.0,90,High,Medium,No,7,81,Medium,Yes,2,Medium,Low,Public,Negative,3,No,Postgraduate,Moderate,Male,69.0
19.0,93,Medium,High,No,7,95,Low,Yes,3,Medium,Medium,Private,Negative,3,No,High School,Near,Female,71.0
20.0,60,Medium,Low,Yes,6,78,Low,Yes,1,Low,Medium,Public,Positive,1,No,Postgraduate,Near,Female,57.0
30.0,80,High,High,No,5,80,Medium,Yes,0,Low,Medium,Private,Positive,4,No,Postgraduate,Near,Female,72.0
15.0,88,Low,Medium,Yes,4,67,Medium,Yes,1,Medium,High,Private,Positive,4,No,High School,Far,Female,66.0
23.0,66,Medium,Medium,Yes,6,80,Medium,Yes,1,Medium,Medium,Public,Positive,3,No,College,Near,Female,66.0
19.0,86,Medium,Medium,No,6,81,Medium,Yes,3,Medium,High,Public,Neutral,3,No,College,Near,Male,70.0
28.0,63,Medium,Medium,No,8,88,Medium,Yes,2,Low,High,Public,Positive,2,No,High School,Near,Male,67.0
22.0,67,Medium,Medium,Yes,7,79,Medium,Yes,1,Medium,Low,Private,Neutral,3,No,College,Moderate,Female,65.0
19.0,79,Medium,Medium,Yes,9,60,Low,Yes,1,Low,Medium,Public,Neutral,3,Yes,High School,Near,Female,63.0
15.0,86,High,Low,No,8,79,Medium,Yes,3,Low,Medium,Public,Positive,3,No,College,Near,Female,68.0
25.0,66,Low,Medium,Yes,8,65,Medium,Yes,0,Medium,Medium,Public,Positive,3,Yes,High School,Near,Male,63.0
9.0,67,Medium,High,Yes,8,54,Medium,Yes,3,Medium,High,Private,Positive,5,No,College,Moderate,Male,63.0
24.0,68,Medium,Medium,Yes,5,91,High,Yes,1,High,Medium,Public,Negative,4,No,College,Near,Female,68.0
13.0,70,Medium,Medium,Yes,6,53,Medium,Yes,2,Low,Medium,Public,Negative,0,Yes,College,Moderate,Female,60.0
28.0,69,Medium,Medium,No,10,82,High,Yes,0,Medium,Medium,Private,Neutral,2,No,High School,Near,Female,67.0
21.0,76,Low,Low,Yes,4,99,High,Yes,0,Low,Low,Public,Positive,3,No,College,Far,Male,65.0
24.0,86,High,Low,Yes,7,54,Medium,Yes,0,Low,High,Public,Neutral,2,No,College,Near,Male,68.0
20.0,78,Medium,Low,No,8,61,Medium,Yes,0,Medium,Medium,Public,Neutral,2,Yes,High School,Moderate,Female,62.0
9.0,91,Medium,Low,No,4,88,Low,Yes,2,Medium,Medium,Public,Neutral,4,Yes,Postgraduate,Near,Female,65.0
15.0,89,Medium,Medium,Yes,6,55,High,Yes,1,Low,Medium,Private,Positive,3,No,High School,Near,Male,66.0
24.0,65,Medium,Medium,Yes,10,92,Low,Yes,3,Medium,High,Public,Neutral,4,No,High School,Near,Male,67.0
21.0,62,Low,High,Yes,7,50,Low,No,1,High,Medium,Public,Negative,2,No,High School,Moderate,Female,60.0
27.0,95,Low,High,Yes,6,94,High,Yes,2,Medium,Medium,Public,Neutral,4,No,Postgraduate,Far,Female,74.0
22.0,63,Low,Low,Yes,7,53,Medium,Yes,1,High,Medium,Public,Neutral,4,No,High School,Near,Male,62.0
14.0,66,Low,Medium,Yes,6,96,Low,Yes,0,High,Medium,Public,Negative,3,No,College,Moderate,Male,61.0
15.0,61,Medium,Medium,No,10,93,High,Yes,0,Medium,High,Public,Neutral,4,No,High School,Near,Male,63.0
21.0,85,Medium,Low,No,6,77,Medium,Yes,2,Low,Medium,Public,Neutral,3,No,College,Far,Male,66.0
6.0,83,Medium,Medium,No,6,89,Medium,Yes,1,Low,Medium,Public,Positive,4,No,Postgraduate,Near,Female,65.0
30.0,99,Low,Medium,No,5,54,Medium,Yes,0,Medium,Medium,Private,Positive,3,No,Postgraduate,Near,Male,72.0
23.0,95,High,Medium,No,7,57,Medium,Yes,1,Low,Medium,Private,Neutral,2,No,High School,Near,Female,70.0
27.0,76,High,High,Yes,7,68,Medium,Yes,1,Medium,Medium,Public,Neutral,3,No,Postgraduate,Moderate,Female,71.0
11.0,75,High,High,Yes,9,77,Medium,No,1,High,High,Private,Neutral,2,Yes,College,Moderate,Male,64.0
27.0,72,Medium,High,No,5,93,Low,Yes,1,High,Medium,Public,Positive,2,No,College,Near,Male,70.0
33.0,66,Medium,Medium,No,8,77,Medium,Yes,2,Medium,Low,Public,Neutral,3,No,High School,Near,Male,68.0
12.0,66,Low,High,Yes,7,83,Medium,No,1,Medium,Medium,Public,Neutral,3,No,High School,Near,Male,61.0
25.0,65,High,Medium,Yes,4,84,High,Yes,1,High,Medium,Public,Positive,2,No,High School,Near,Male,68.0
20.0,65,Low,Medium,No,6,94,Medium,Yes,1,Low,High,Public,Positive,2,No,Postgraduate,Near,Female,64.0
11.0,70,Medium,High,Yes,6,89,Low,Yes,2,Medium,Medium,Public,Positive,4,No,High School,Near,Female,64.0
23.0,72,Medium,High,Yes,10,99,Medium,Yes,2,Medium,High,Private,Neutral,4,No,Postgraduate,Near,Female,71.0
25.0,98,Medium,High,Yes,8,51,Medium,Yes,0,Medium,Medium,Private,Positive,2,No,College,Moderate,Female,72.0
16.0,83,Medium,Medium,Yes,7,60,Medium,Yes,0,High,Medium,Public,Positive,1,No,College,Moderate,Female,66.0
27.0,100,Low,Medium,Yes,4,97,Low,Yes,4,Low,High,Public,Positive,3,No,High School,Near,Female,74.0
10.0,75,Medium,Medium,Yes,4,90,Medium,Yes,3,Medium,High,Public,Positive,3,Yes,Postgraduate,Moderate,Male,65.0
11.0,78,High,High,No,8,63,Low,Yes,1,Low,Medium,Public,Neutral,3,No,High School,Near,Female,64.0
21.0,73,High,Medium,Yes,8,99,Medium,Yes,1,Medium,High,Public,Positive,4,No,College,Moderate,Male,69.0
20.0,67,Medium,Medium,No,6,93,Low,No,1,Low,Medium,Public,Negative,3,Yes,College,Near,Male,62.0
16.0,66,Medium,Medium,Yes,7,53,High,Yes,2,Medium,Medium,Public,Negative,2,No,Postgraduate,Moderate,Male,62.0
25.0,98,Low,Low,Yes,7,91,Medium,Yes,2,Low,Low,Public,Positive,3,No,Postgraduate,Near,Female,72.0
23.0,99,Medium,High,No,7,89,High,Yes,1,Medium,Medium,Public,Neutral,3,No,High School,Near,Female,73.0
25.0,62,Medium,Low,No,6,61,High,Yes,1,Medium,Medium,Public,Positive,4,No,Postgraduate,Moderate,Female,64.0
19.0,66,Medium,Medium,No,8,83,Medium,Yes,2,Medium,High,Public,Neutral,3,No,High School,Near,Female,65.0
24.0,77,High,High,Yes,9,99,Medium,Yes,1,Low,Medium,Public,Positive,1,No,High School,Near,Male,70.0
17.0,67,Medium,Medium,Yes,6,84,High,Yes,1,High,High,Public,Neutral,3,No,Postgraduate,Moderate,Female,66.0
32.0,75,Low,High,No,5,91,Low,Yes,1,High,Medium,Public,Positive,2,No,College,Moderate,Female,70.0
15.0,65,Medium,High,Yes,6,55,Low,Yes,2,Medium,Medium,Private,Positive,3,No,High School,Near,Female,63.0
33.0,78,Low,Low,No,7,86,Medium,Yes,1,Low,High,Public,Positive,4,No,High School,Near,Male,69.0
20.0,71,High,Medium,Yes,8,60,Low,Yes,0,Medium,Medium,Public,Neutral,2,No,High School,Near,Male,64.0
12.0,74,Low,Medium,No,8,54,Medium,Yes,2,Medium,Medium,Private,Positive,5,No,Postgraduate,Moderate,Female,63.0
28.0,64,Medium,Medium,No,8,78,Low,Yes,2,Medium,Medium,Private,Negative,3,No,Postgraduate,Near,Male,66.0
21.0,77,Medium,Medium,Yes,8,88,Low,Yes,2,High,Medium,Private,Positive,1,No,College,Moderate,Female,68.0
25.0,99,Medium,Medium,Yes,7,77,Medium,Yes,0,High,High,Public,Neutral,3,No,High School,Near,Male,97.0
27.0,73,Low,Low,No,9,97,Medium,Yes,2,Medium,High,Public,Neutral,1,No,High School,Near,Female,67.0
22.0,95,Medium,Medium,No,7,85,Medium,Yes,0,Medium,Medium,Private,Positive,4,No,College,Near,Male,71.0
16.0,94,Low,Low,Yes,8,56,Low,Yes,2,Low,High,Public,Positive,2,No,College,Near,Female,66.0
26.0,98,Medium,Low,Yes,7,97,Medium,Yes,2,Low,Medium,Public,Neutral,2,Yes,Postgraduate,Moderate,Male,72.0
20.0,92,High,Medium,Yes,7,58,Low,Yes,2,Low,Low,Public,Neutral,4,No,Postgraduate,Near,Female,70.0
24.0,86,Medium,Medium,Yes,7,88,Medium,Yes,1,Low,Medium,Public,Neutral,3,No,High School,Far,Male,69.0
7.0,94,Medium,Low,Yes,9,57,High,Yes,2,Medium,Medium,Public,Negative,3,No,Postgraduate,Near,Female,66.0
23.0,63,High,High,No,7,100,Low,Yes,2,Medium,High,Private,Positive,3,No,Postgraduate,Near,Female,69.0
16.0,79,Medium,Medium,Yes,6,67,Low,No,2,Medium,High,Private,Positive,3,No,College,Near,Male,65.0
30.0,100,High,High,No,6,75,Medium,Yes,0,Low,Medium,Public,Neutral,4,No,College,Moderate,Female,75.0
24.0,91,Low,Medium,No,8,73,Medium,Yes,2,Low,High,Private,Positive,2,No,Postgraduate,Moderate,Male,70.0
21.0,98,High,Low,Yes,6,55,Low,Yes,1,Medium,Medium,Public,Positive,3,No,High School,Near,Male,70.0
23.0,91,Medium,High,Yes,7,75,Low,Yes,2,Low,High,Public,Negative,2,No,High School,Far,Male,69.0
14.0,95,High,Medium,No,7,57,Medium,Yes,2,Low,Low,Public,Neutral,2,No,College,Near,Female,68.0
30.0,88,Low,Medium,Yes,6,90,High,Yes,4,High,Medium,Private,Negative,2,No,College,Moderate,Male,73.0
32.0,90,Medium,Medium,Yes,5,98,High,Yes,0,Medium,High,Public,Neutral,3,No,College,Moderate,Male,74.0
22.0,81,Low,Low,No,5,90,Medium,Yes,0,High,Medium,Public,Positive,2,No,College,Moderate,Female,66.0
30.0,97,High,Medium,Yes,6,72,High,Yes,1,Low,High,Public,Positive,2,No,High School,Far,Female,74.0
17.0,93,Medium,Low,Yes,5,50,Low,Yes,3,High,Medium,Public,Positive,2,No,High School,Moderate,Male,67.0
15.0,94,High,Medium,Yes,8,52,Low,Yes,1,Medium,Medium,Private,Positive,2,No,College,Far,Female,67.0
20.0,87,Medium,High,No,10,75,Low,Yes,3,Medium,Medium,Private,Neutral,2,No,College,Near,Female,70.0
23.0,72,Low,High,Yes,6,84,Medium,Yes,1,High,High,Public,Neutral,2,No,High School,Near,Male,67.0
18.0,61,Medium,Low,Yes,6,91,High,Yes,3,Medium,High,Public,Positive,3,No,College,Moderate,Female,80.0
23.0,97,Medium,High,Yes,6,80,Low,Yes,1,Low,Low,Public,Negative,2,No,College,Moderate,Male,70.0
22.0,83,High,Medium,No,8,99,Low,Yes,4,High,High,Public,Negative,4,Yes,High School,Near,Female,71.0
14.0,72,Medium,Low,No,8,75,High,Yes,4,High,Medium,Private,Positive,2,Yes,College,Near,Male,64.0
23.0,66,High,High,Yes,7,80,Medium,Yes,1,Medium,Medium,Public,Positive,3,No,College,Moderate,Female,68.0
25.0,93,Medium,Medium,No,5,62,Medium,Yes,0,Low,Medium,Public,Neutral,3,No,High School,Far,Male,68.0
21.0,93,Medium,Medium,Yes,6,67,Medium,No,1,High,Medium,Public,Positive,3,No,High School,Near,Female,69.0
27.0,93,High,Low,Yes,7,84,Low,Yes,1,Medium,Medium,Private,Neutral,2,No,Postgraduate,Near,Male,72.0
13.0,86,Medium,Medium,No,7,80,Medium,Yes,0,Low,Medium,Private,Negative,5,No,College,Near,Male,65.0
23.0,75,Low,Low,Yes,7,68,Medium,Yes,1,High,Low,Private,Neutral,4,Yes,High School,Near,Male,64.0
13.0,72,Medium,High,No,8,56,Low,Yes,1,Low,High,Public,Positive,4,No,Postgraduate,Moderate,Female,64.0
13.0,60,Low,Medium,No,5,67,High,Yes,1,Low,Medium,Public,Positive,4,Yes,High School,Far,Male,58.0
16.0,93,High,Medium,Yes,7,52,Low,Yes,2,Medium,High,Public,Neutral,3,No,High School,Near,Male,69.0
14.0,63,High,Low,No,7,79,Medium,Yes,1,Low,Medium,Public,Neutral,3,No,High School,Near,Male,61.0
17.0,85,High,High,Yes,6,66,Medium,Yes,0,Medium,High,Public,Neutral,2,No,College,Moderate,Female,68.0
19.0,80,High,Medium,Yes,6,69,Low,Yes,1,Low,Low,Private,Neutral,4,Yes,College,Near,Male,66.0
25.0,81,Medium,Medium,No,8,79,Low,Yes,1,Medium,Medium,Public,Neutral,4,No,College,Near,Female,68.0
18.0,97,Low,High,No,5,79,Low,Yes,2,Low,High,Public,Positive,3,No,College,Moderate,Male,70.0
10.0,61,High,Low,Yes,10,79,Medium,Yes,4,High,High,Public,Positive,2,Yes,College,Moderate,Male,62.0
27.0,91,Medium,Medium,No,8,75,Low,Yes,2,Medium,High,Private,Neutral,3,No,High School,Near,Male,71.0
15.0,62,Medium,Medium,No,7,74,High,Yes,0,Low,High,Public,Negative,3,No,Postgraduate,Moderate,Female,61.0
20.0,62,High,Medium,Yes,7,91,Low,Yes,1,Medium,Low,Public,Negative,3,No,College,Near,Male,64.0
23.0,77,Medium,Low,No,8,73,Medium,Yes,1,Low,Low,Public,Positive,2,No,College,Near,Male,65.0
21.0,63,Low,Medium,Yes,6,77,Low,Yes,3,Medium,High,Public,Negative,1,No,High School,Near,Male,63.0
27.0,92,High,Medium,Yes,6,99,Low,Yes,4,Low,Low,Private,Positive,3,No,High School,Near,Female,74.0
23.0,81,Medium,High,No,9,59,Low,Yes,2,Medium,High,Public,Neutral,2,No,College,Near,Male,68.0
15.0,61,High,Medium,Yes,6,86,High,Yes,2,High,High,Public,Neutral,3,No,High School,Near,Female,65.0
33.0,62,Medium,Medium,No,7,74,Low,Yes,2,Medium,Medium,Public,Neutral,2,No,College,Moderate,Male,66.0
21.0,85,Medium,High,Yes,6,92,Medium,Yes,1,Medium,High,Public,Neutral,2,Yes,High School,Moderate,Male,69.0
19.0,92,Low,Medium,Yes,7,70,Low,Yes,2,High,Medium,Private,Positive,2,No,College,Near,Male,69.0
26.0,78,High,Medium,No,8,65,Medium,Yes,3,Medium,Medium,Public,Positive,3,No,College,Near,Female,70.0
21.0,82,Medium,Medium,Yes,10,60,High,Yes,3,High,High,Public,Positive,4,No,High School,Near,Female,70.0
22.0,92,Medium,Medium,Yes,6,94,Medium,Yes,1,Medium,Medium,Public,Positive,3,No,High School,Near,Male,71.0
35.0,84,Medium,Medium,No,5,86,Medium,Yes,1,Medium,Medium,Public,Neutral,3,No,High School,Near,Female,72.0
18.0,69,Medium,Low,No,7,54,Medium,Yes,1,Low,High,Public,Neutral,4,No,High School,Moderate,Male,61.0
18.0,85,Medium,High,Yes,6,86,High,No,1,Medium,Medium,Private,Neutral,3,No,High School,Near,Female,68.0
21.0,85,Medium,Low,Yes,7,52,Medium,Yes,3,Low,Medium,Private,Neutral,3,No,High School,Near,Male,66.0
26.0,89,Medium,Medium,Yes,8,59,Low,Yes,1,Low,High,Public,Neutral,4,No,High School,Near,Male,70.0
11.0,85,Medium,Low,No,10,80,Low,No,0,Low,High,Public,Positive,3,No,College,Near,Female,63.0
8.0,99,Medium,High,Yes,6,73,Medium,Yes,1,Medium,Medium,Public,Positive,3,No,High School,Far,Female,68.0
16.0,68,Low,Medium,Yes,4,92,Medium,No,1,Medium,Medium,Public,Negative,4,No,College,Near,Male,62.0
10.0,98,Medium,High,No,7,80,Low,Yes,3,Medium,Medium,Private,Neutral,3,No,College,Near,Male,69.0
17.0,82,Medium,Medium,Yes,8,98,Medium,Yes,3,Medium,High,Public,Positive,4,No,High School,Moderate,Male,69.0
23.0,87,Medium,Low,Yes,6,93,Medium,Yes,1,High,High,Private,Positive,4,No,Postgraduate,Near,Female,72.0
15.0,64,High,Medium,Yes,7,67,Medium,Yes,2,Low,High,Public,Positive,3,No,High School,Near,Male,64.0
11.0,75,Low,Medium,No,7,92,Medium,No,2,Low,High,Public,Positive,4,No,College,Moderate,Female,63.0
20.0,91,Medium,Medium,Yes,7,93,High,Yes,1,Low,Medium,Public,Negative,3,No,Postgraduate,Moderate,Male,70.0
25.0,88,Low,Medium,Yes,8,98,Low,No,1,Low,Low,Private,Neutral,4,No,Postgraduate,Near,Male,69.0
10.0,62,High,High,No,7,51,Medium,Yes,1,Medium,High,Private,Positive,2,No,High School,Near,Male,61.0
25.0,82,High,High,No,8,94,Low,Yes,2,Low,Medium,Public,Neutral,3,No,High School,Moderate,Male,70.0
25.0,64,Medium,Medium,Yes,4,53,Low,Yes,1,Medium,Medium,Public,Neutral,2,No,College,Near,Male,64.0
26.0,100,High,High,Yes,6,76,High,Yes,0,Medium,High,Public,Negative,4,No,Postgraduate,Near,Male,76.0
27.0,96,Medium,Medium,Yes,6,71,Medium,Yes,2,Medium,Medium,Public,Neutral,2,No,College,Near,Female,73.0
33.0,61,Low,Low,Yes,5,96,Medium,Yes,2,Medium,Medium,Public,Negative,3,No,High School,Near,Male,67.0
18.0,94,Medium,Medium,Yes,7,70,Medium,No,2,Medium,High,Public,Negative,3,No,College,Near,Female,69.0
21.0,97,Medium,Medium,Yes,6,80,Low,Yes,2,Medium,Medium,Private,Positive,4,No,College,Near,Male,72.0
18.0,74,Medium,Medium,No,6,85,Medium,Yes,4,Medium,Medium,Private,Negative,3,No,College,Moderate,Female,66.0
20.0,89,Medium,Medium,Yes,8,51,Medium,Yes,3,Medium,High,Public,Positive,3,No,Postgraduate,Near,Female,70.0
29.0,78,Medium,High,Yes,7,80,Medium,Yes,2,Medium,Medium,Public,Positive,4,No,Postgraduate,Near,Female,73.0
12.0,86,High,Medium,Yes,5,76,Low,No,2,High,Medium,Public,Positive,3,No,Postgraduate,Near,Female,68.0
15.0,74,Medium,High,No,6,80,Medium,Yes,2,High,Medium,Public,Negative,3,No,Postgraduate,Moderate,Male,66.0
28.0,73,Low,Medium,Yes,8,54,Medium,Yes,4,Medium,Medium,Private,Neutral,1,No,High School,Near,Female,67.0
26.0,77,Medium,Low,No,7,53,High,No,3,Medium,High,Private,Positive,3,No,High School,Near,Female,67.0
18.0,66,Medium,High,Yes,9,59,Medium,No,0,Low,Medium,Private,Positive,3,No,High School,Near,Male,62.0
25.0,93,Low,Medium,No,8,93,Medium,Yes,2,Medium,Medium,Public,Positive,3,No,College,Near,Male,72.0
22.0,74,Low,High,Yes,6,68,Medium,Yes,0,Medium,Low,Public,Positive,4,No,High School,Far,Male,65.0
29.0,76,Medium,Low,Yes,9,72,Medium,Yes,1,High,Medium,Public,Positive,3,No,High School,Near,Male,69.0
20.0,96,Medium,High,No,9,70,Medium,Yes,2,Low,Low,Public,Positive,2,Yes,High School,Near,Male,69.0
26.0,80,High,Medium,Yes,4,86,Medium,No,0,Low,Medium,Public,Positive,4,No,College,Moderate,Male,69.0
36.0,82,Low,Low,Yes,7,63,Medium,Yes,0,Medium,Medium,Private,Positive,3,No,High School,Near,Male,69.0
24.0,98,Low,Medium,Yes,6,53,Medium,Yes,1,Medium,Low,Public,Neutral,2,No,High School,Near,Female,69.0
20.0,95,Medium,High,Yes,7,69,Low,Yes,0,Medium,High,Public,Neutral,3,No,High School,Near,Male,70.0
24.0,67,High,Low,No,6,86,Medium,Yes,6,Low,Medium,Private,Positive,3,Yes,Postgraduate,Moderate,Female,67.0
18.0,79,Medium,High,Yes,6,96,Medium,Yes,3,Medium,Low,Public,Positive,3,Yes,Postgraduate,Near,Male,69.0
34.0,99,Medium,Medium,Yes,8,53,Medium,Yes,0,Medium,High,Public,Neutral,5,No,College,Near,Male,75.0
21.0,75,Low,Medium,Yes,5,91,Medium,Yes,2,Low,Low,Public,Neutral,3,No,High School,Near,Male,66.0
18.0,75,Medium,Low,Yes,7,53,Medium,Yes,0,High,High,Public,Neutral,2,No,High School,Near,Male,63.0
15.0,68,Medium,Medium,Yes,5,67,Medium,Yes,3,Medium,High,Private,Negative,4,No,Postgraduate,Moderate,Male,64.0
27.0,65,Medium,Medium,Yes,9,51,Medium,Yes,2,High,Medium,Private,Positive,2,No,Postgraduate,Moderate,Female,66.0
25.0,90,Medium,Medium,Yes,7,96,Medium,Yes,1,Medium,Medium,Public,Positive,4,No,College,Moderate,Male,72.0
17.0,91,Medium,High,No,8,85,High,Yes,3,Medium,High,Public,Neutral,4,No,College,Moderate,Female,71.0
23.0,99,Low,Medium,Yes,7,68,Medium,Yes,0,High,High,Private,Positive,2,No,High School,Far,Male,70.0
11.0,91,High,Medium,No,7,69,Medium,Yes,2,Low,Medium,Private,Positive,2,No,College,Near,Male,67.0
21.0,70,Medium,Low,No,7,82,High,Yes,0,High,High,Public,Positive,3,No,High School,Near,Female,65.0
23.0,62,High,High,Yes,9,54,Low,Yes,3,Low,Medium,Private,Neutral,4,No,High School,Near,Male,65.0
30.0,99,Medium,Medium,Yes,6,57,Medium,Yes,0,Low,Medium,Public,Neutral,4,No,Postgraduate,Near,Male,73.0
15.0,74,Medium,Medium,Yes,4,92,Low,Yes,1,Medium,Medium,Private,Positive,3,No,Postgraduate,Near,Male,66.0
12.0,72,Low,Medium,Yes,6,60,High,Yes,0,Low,Medium,Public,Neutral,4,No,Postgraduate,Near,Male,62.0
15.0,96,Medium,High,No,5,86,Medium,Yes,2,High,Medium,Private,Positive,2,No,High School,Near,Male,71.0
12.0,83,Medium,High,No,8,61,Medium,Yes,3,High,Medium,Public,Neutral,5,Yes,High School,Near,Male,66.0
28.0,69,High,High,Yes,7,54,Low,No,1,Low,Medium,Public,Neutral,2,No,College,Far,Male,65.0
29.0,96,Medium,High,Yes,8,95,Medium,Yes,0,High,Medium,Private,Positive,2,No,High School,Near,Female,75.0
22.0,100,High,Medium,No,7,95,Medium,Yes,2,Low,Medium,Public,Positive,4,No,College,Near,Male,74.0
27.0,63,Medium,Low,Yes,7,80,High,Yes,1,Medium,High,Private,Neutral,3,No,High School,Moderate,Male,65.0
21.0,94,Medium,Medium,No,7,73,Low,Yes,2,Low,Medium,Private,Positive,3,No,Postgraduate,Near,Female,71.0
19.0,76,High,Low,Yes,9,78,Low,Yes,1,Low,Medium,Public,Negative,1,No,Postgraduate,Near,Female,65.0
18.0,81,Medium,Low,Yes,7,70,High,Yes,0,Low,Medium,Private,Neutral,2,No,College,Near,Male,65.0
18.0,97,Medium,Low,No,9,88,Medium,Yes,0,Low,Medium,Public,Neutral,4,No,High School,Moderate,Female,67.0
11.0,99,Medium,Low,Yes,9,88,Medium,Yes,2,Low,Medium,Public,Neutral,2,No,High School,Moderate,Male,67.0
22.0,70,Medium,Medium,No,7,91,Medium,Yes,2,Medium,Medium,Public,Positive,1,No,High School,Near,Male,66.0
20.0,69,High,Medium,Yes,7,76,High,Yes,1,Medium,Medium,Public,Positive,3,No,High School,Near,Female,67.0
24.0,63,Medium,Medium,No,6,90,Medium,No,2,Low,Medium,Private,Neutral,5,No,Postgraduate,Near,Female,66.0
21.0,82,Low,High,No,9,58,Medium,Yes,0,Medium,Medium,Public,Negative,2,No,High School,Near,Male,65.0
19.0,61,High,Medium,Yes,6,52,Low,No,1,Low,Medium,Public,Neutral,3,No,High School,Far,Female,59.0
15.0,76,High,High,Yes,6,82,Medium,Yes,4,Low,High,Private,Positive,4,No,High School,Moderate,Female,69.0
20.0,63,Medium,Medium,No,7,55,High,Yes,2,Low,High,Public,Negative,3,No,High School,Near,Male,63.0
24.0,76,Low,Medium,No,5,78,High,Yes,1,Medium,Medium,Private,Neutral,4,Yes,High School,Moderate,Male,65.0
13.0,62,Medium,Low,No,6,86,High,Yes,2,Low,Medium,Public,Neutral,4,No,High School,Near,Male,61.0
21.0,93,Low,Medium,No,9,70,Medium,Yes,0,Medium,High,Public,Neutral,1,No,Postgraduate,Far,Female,68.0
21.0,68,Medium,High,Yes,8,52,Medium,Yes,3,Low,Medium,Public,Neutral,2,No,College,Moderate,Male,65.0
16.0,73,Low,Low,No,6,94,Medium,No,1,Low,Medium,Private,Negative,2,No,College,Near,Female,61.0
16.0,95,Medium,High,Yes,8,52,Medium,Yes,0,Low,Medium,Private,Positive,3,No,Postgraduate,Moderate,Male,69.0
21.0,90,Low,Medium,Yes,10,95,High,Yes,2,High,High,Private,Neutral,4,No,College,Near,Male,72.0
13.0,69,Medium,Low,Yes,7,53,High,No,2,Medium,Medium,Private,Negative,3,Yes,High School,Near,Female,59.0
22.0,63,Medium,Medium,No,9,87,Low,Yes,0,High,High,Public,Negative,2,No,College,Moderate,Female,63.0
15.0,89,Medium,Medium,Yes,8,96,High,Yes,3,Low,High,Public,Negative,3,No,High School,Near,Male,69.0
26.0,76,Low,Low,No,7,95,High,Yes,1,Low,High,Public,Neutral,1,No,Postgraduate,Near,Male,67.0
34.0,91,Low,Medium,No,7,95,Medium,No,1,Medium,Medium,Public,Negative,3,Yes,College,Moderate,Male,70.0
15.0,78,Medium,High,No,8,94,High,Yes,0,Low,Medium,Private,Positive,4,No,Postgraduate,Moderate,Male,67.0
23.0,74,Medium,Medium,Yes,6,76,Medium,No,1,Low,Medium,Public,Positive,2,No,College,Near,Male,66.0
16.0,78,Medium,Medium,Yes,4,78,Medium,Yes,5,High,Medium,Public,Positive,3,No,High School,Near,Female,68.0
26.0,90,Low,High,Yes,6,81,Medium,Yes,1,Low,Medium,Private,Neutral,3,No,Postgraduate,Near,Male,71.0
12.0,96,High,Medium,No,4,95,Medium,Yes,3,Medium,Medium,Private,Neutral,0,Yes,High School,Near,Male,69.0
23.0,62,High,Medium,Yes,6,92,Low,Yes,0,High,Medium,Public,Neutral,2,No,High School,Moderate,Male,65.0
15.0,81,Medium,Medium,No,4,89,High,Yes,0,Low,Medium,Private,Negative,3,No,Postgraduate,Near,Female,66.0
19.0,61,Medium,High,Yes,8,84,High,Yes,2,Medium,High,Public,Positive,4,No,High School,Near,Male,66.0
14.0,79,High,Medium,No,5,81,High,Yes,3,High,Medium,Public,Negative,3,No,High School,Near,Female,67.0
25.0,95,High,Medium,Yes,8,96,Low,Yes,1,Medium,Medium,Public,Neutral,4,No,Postgraduate,Near,Male,74.0
15.0,74,High,High,No,8,60,Low,Yes,3,Low,Medium,Public,Positive,5,No,High School,Moderate,Male,66.0
23.0,97,Medium,High,Yes,8,60,Medium,Yes,1,Medium,High,Public,Neutral,3,No,College,Near,Male,72.0
18.0,85,High,Low,Yes,4,99,High,Yes,0,Low,Medium,Private,Neutral,4,No,College,Near,Male,69.0
19.0,97,Low,High,No,9,78,Medium,Yes,0,Medium,Medium,Private,Negative,4,No,High School,Moderate,Female,68.0
21.0,90,Medium,High,Yes,8,74,Medium,Yes,4,Low,Medium,Private,Neutral,3,No,High School,Near,Male,71.0
15.0,64,Medium,Medium,No,8,93,Medium,Yes,0,Low,Medium,Public,Negative,2,No,High School,Near,Female,61.0
21.0,69,Medium,Medium,Yes,10,92,Low,Yes,2,Low,Medium,Private,Neutral,3,No,High School,Near,Male,65.0
29.0,76,Medium,High,Yes,8,59,Medium,Yes,4,Low,High,Public,Neutral,2,No,Postgraduate,Near,Male,71.0
15.0,67,Low,Medium,Yes,5,59,Low,Yes,0,Low,Medium,Private,Neutral,3,No,High School,Near,Male,59.0
27.0,80,High,Medium,No,8,90,Low,Yes,1,Medium,High,Public,Neutral,3,No,Postgraduate,Near,Female,71.0
29.0,79,Medium,High,No,5,89,Medium,Yes,0,High,High,Public,Neutral,3,No,Postgraduate,Near,Female,72.0
15.0,98,High,High,Yes,7,61,Medium,Yes,1,Low,High,Private,Positive,3,No,College,Moderate,Female,71.0
11.0,77,Low,Low,Yes,6,92,Low,Yes,0,Low,Medium,Public,Neutral,5,No,High School,Near,Male,61.0
22.0,91,Medium,Medium,No,7,74,Medium,Yes,1,Medium,Medium,Private,Negative,2,Yes,College,Moderate,Female,67.0
17.0,98,Medium,Medium,No,5,73,Low,Yes,0,Low,High,Public,Negative,2,No,College,Moderate,Male,67.0
31.0,95,Medium,Medium,No,5,99,Medium,Yes,1,Medium,Medium,Private,Neutral,4,No,High School,Near,Female,74.0
20.0,68,High,High,No,6,76,Low,Yes,2,Medium,Medium,Public,Neutral,3,No,High School,Near,Female,66.0
15.0,80,Medium,Medium,Yes,7,57,Low,Yes,1,Low,Medium,Private,Negative,4,No,High School,Near,Male,63.0
13.0,74,Medium,Medium,No,6,64,Low,Yes,4,High,High,Private,Neutral,3,Yes,High School,Near,Male,63.0
27.0,76,High,High,No,9,67,Medium,Yes,1,Low,Medium,Public,Positive,4,No,High School,Far,Female,68.0
17.0,74,Medium,Low,Yes,8,98,Low,Yes,1,High,High,Public,Neutral,3,No,High School,Near,Female,65.0
20.0,93,Medium,Low,No,8,63,Medium,Yes,0,Low,High,Public,Negative,3,No,High School,Moderate,Male,66.0
26.0,78,Medium,Medium,No,6,72,Medium,Yes,1,Low,Medium,Private,Neutral,3,No,High School,Moderate,Female,67.0
17.0,81,Medium,Medium,No,5,87,High,Yes,0,Low,High,Private,Neutral,2,No,College,Near,Female,67.0
20.0,99,Medium,Low,Yes,7,64,High,Yes,0,Medium,Medium,Public,Positive,4,No,High School,Near,Male,70.0
20.0,62,Low,Medium,Yes,10,85,High,Yes,5,Low,Medium,Private,Neutral,4,No,High School,Near,Male,65.0
24.0,80,Medium,Medium,Yes,7,60,Medium,Yes,1,High,High,Public,Positive,3,No,High School,Moderate,Female,68.0
24.0,91,Medium,High,Yes,9,62,Low,Yes,3,Low,Medium,Public,Negative,4,No,College,Moderate,Male,70.0
19.0,66,High,Low,No,9,99,Medium,Yes,1,Medium,Medium,Public,Positive,3,No,College,Near,Male,66.0
20.0,84,High,Medium,Yes,8,68,Medium,Yes,0,Low,Medium,Private,Positive,4,No,Postgraduate,Near,Male,69.0
18.0,70,Medium,Medium,No,7,86,Medium,Yes,1,High,Medium,Public,Positive,2,No,High School,Near,Female,65.0
11.0,95,Medium,Medium,Yes,6,92,Medium,No,2,Medium,Low,Public,Neutral,3,No,Postgraduate,Moderate,Female,68.0
22.0,73,Low,Medium,Yes,7,67,Medium,Yes,3,High,Medium,Private,Positive,2,No,High School,Far,Male,65.0
31.0,73,Medium,High,Yes,6,68,High,Yes,1,Medium,Medium,Public,Positive,3,No,High School,Near,Female,70.0
15.0,84,Low,Low,Yes,7,89,High,Yes,1,Low,High,Public,Neutral,3,No,High School,Near,Female,65.0
15.0,67,High,Medium,Yes,5,80,High,Yes,3,Medium,High,Public,Neutral,4,No,College,Near,Male,67.0
15.0,71,High,Low,No,6,68,Low,No,5,Low,Medium,Public,Positive,4,No,College,Near,Female,64.0
24.0,77,Medium,Medium,No,8,87,High,Yes,2,Low,Medium,Public,Positive,1,Yes,Postgraduate,Moderate,Female,68.0
23.0,74,Medium,High,Yes,6,93,Medium,Yes,4,High,Medium,Private,Neutral,3,No,High School,Near,Female,70.0
19.0,81,Low,High,Yes,6,62,Medium,No,1,Medium,Low,Public,Negative,3,No,High School,Moderate,Female,64.0
14.0,84,High,Medium,No,6,51,Low,Yes,4,High,Medium,Public,Neutral,3,No,High School,Near,Male,67.0
21.0,83,High,High,No,7,64,Medium,Yes,2,Medium,Low,Private,Neutral,2,No,High School,Near,Male,68.0
11.0,86,Medium,Medium,Yes,4,84,Medium,Yes,5,Low,High,Public,Neutral,4,Yes,High School,Near,Male,67.0
21.0,72,Medium,Low,Yes,6,96,Low,Yes,4,High,Medium,Public,Positive,2,Yes,College,Moderate,Female,66.0
25.0,65,Medium,High,Yes,8,93,Low,No,2,Medium,Medium,Public,Negative,3,No,College,Moderate,Female,66.0
12.0,90,Medium,Low,Yes,7,61,Medium,Yes,2,Low,High,Private,Positive,2,No,High School,Near,Male,66.0
11.0,94,Low,Low,Yes,8,94,Medium,Yes,2,Low,Medium,Public,Positive,2,No,College,Near,Male,67.0
29.0,70,Medium,Medium,Yes,4,91,Low,Yes,2,Low,Medium,Public,Positive,3,No,College,Near,Male,69.0
16.0,76,Low,Medium,No,6,87,Medium,Yes,3,Low,Medium,Private,Neutral,4,No,College,Near,Female,65.0
27.0,80,Low,Low,Yes,7,84,Low,Yes,4,Low,Medium,Public,Positive,3,No,College,Moderate,Male,68.0
19.0,81,Low,High,No,8,90,Medium,Yes,2,Low,Medium,Private,Neutral,3,No,High School,Near,Female,67.0
19.0,86,Medium,Medium,Yes,9,93,Low,Yes,1,Low,High,Public,Positive,3,No,College,Near,Male,69.0
23.0,62,Medium,Medium,No,8,91,High,No,3,High,Low,Public,Neutral,3,No,High School,Moderate,Male,64.0
15.0,89,Medium,Medium,No,6,56,Low,Yes,2,Medium,Medium,Public,Positive,4,No,College,Near,Male,67.0
21.0,62,High,Medium,No,6,86,Medium,Yes,2,Medium,High,Private,Positive,4,No,High School,Near,Female,67.0
18.0,79,Medium,High,No,9,92,Low,Yes,1,Low,Medium,Private,Neutral,3,No,College,Near,Male,67.0
12.0,93,Medium,High,No,6,59,Medium,Yes,2,Low,Medium,Private,Positive,3,No,High School,Moderate,Female,67.0
22.0,78,Medium,High,Yes,5,61,Low,Yes,2,Low,Medium,Public,Neutral,4,No,College,Near,Male,68.0
18.0,66,Medium,Medium,Yes,7,89,High,Yes,4,Low,Medium,Public,Positive,3,Yes,High School,Near,Male,65.0
19.0,99,Low,High,No,9,67,Low,Yes,3,High,Medium,Public,Neutral,1,No,College,Moderate,Male,70.0
13.0,96,Medium,Medium,No,6,70,Medium,Yes,1,Low,High,Public,Neutral,3,No,College,Near,Female,68.0
30.0,91,High,Low,Yes,6,69,Medium,Yes,2,Medium,High,Public,Negative,4,No,High School,Moderate,Female,72.0
25.0,76,Medium,High,No,6,61,Medium,Yes,1,Medium,Medium,Public,Neutral,3,No,Postgraduate,Far,Male,67.0
26.0,67,High,Low,Yes,8,97,Medium,Yes,2,Medium,Medium,Public,Neutral,0,No,High School,Moderate,Female,66.0
18.0,98,Low,Low,Yes,7,90,Low,Yes,0,High,High,Private,Positive,1,No,High School,Moderate,Male,68.0
10.0,81,Medium,High,No,8,63,Medium,Yes,1,Low,Low,Public,Neutral,2,No,High School,Near,Male,64.0
32.0,94,Medium,High,Yes,9,55,High,Yes,4,Medium,Medium,Private,Positive,2,Yes,High School,Near,Male,75.0
20.0,74,High,Low,Yes,5,69,High,Yes,1,Medium,Medium,Public,Positive,4,No,College,Moderate,Female,66.0
16.0,73,High,High,Yes,6,71,Medium,Yes,0,Low,Medium,Public,Positive,4,No,Postgraduate,Near,Male,67.0
23.0,99,High,High,No,6,50,Medium,No,1,High,Medium,Private,Neutral,5,Yes,High School,Near,Male,71.0
27.0,81,Low,High,No,7,94,Low,Yes,0,Low,Medium,Public,Neutral,4,No,College,Moderate,Male,68.0
20.0,66,Medium,Medium,Yes,8,93,Medium,Yes,2,Low,High,Public,Neutral,3,No,High School,Near,Male,65.0
28.0,69,Low,High,Yes,6,93,Low,Yes,0,High,Low,Public,Negative,3,No,College,Near,Male,67.0
26.0,79,Low,High,Yes,6,90,Low,No,0,High,Medium,Private,Negative,2,Yes,College,Moderate,Male,66.0
14.0,62,Low,Medium,No,8,87,Medium,Yes,1,Medium,Medium,Public,Positive,1,No,High School,Moderate,Male,60.0
16.0,79,Medium,Medium,No,8,82,Low,Yes,2,Low,Medium,Private,Neutral,3,Yes,Postgraduate,Moderate,Female,64.0
26.0,77,Medium,Medium,Yes,7,98,Low,Yes,0,High,Medium,Public,Neutral,1,No,Postgraduate,Near,Male,69.0
4.0,91,Medium,Medium,No,4,86,Low,Yes,3,Low,Medium,Private,Neutral,4,Yes,College,Moderate,Male,64.0
19.0,74,Medium,High,No,9,82,High,Yes,2,Low,Medium,Private,Neutral,3,No,High School,Moderate,Male,66.0
11.0,99,High,Medium,Yes,7,89,High,Yes,3,Low,Medium,Public,Positive,3,No,College,Near,Male,72.0
17.0,67,Low,Low,Yes,7,62,Medium,Yes,0,Low,Medium,Public,Positive,4,No,High School,Moderate,Female,60.0
18.0,84,Low,High,Yes,6,98,Low,Yes,3,Medium,Medium,Public,Positive,3,No,High School,Near,Male,69.0
18.0,64,Medium,Medium,Yes,6,51,Medium,Yes,2,Low,Medium,Public,Positive,1,No,High School,Near,Female,62.0
17.0,89,Medium,Medium,Yes,6,82,Medium,Yes,3,Medium,Medium,Private,Positive,3,No,College,Near,Female,70.0
13.0,100,Low,Low,Yes,4,54,Low,Yes,3,Low,Low,Public,Positive,2,No,High School,Near,Female,65.0
34.0,93,High,Medium,Yes,6,93,High,Yes,2,Low,High,Public,Neutral,4,No,High School,Near,Male,77.0
31.0,82,Medium,High,Yes,5,98,Medium,Yes,0,Low,Low,Public,Neutral,3,No,High School,Near,Male,71.0
13.0,79,Medium,High,No,7,70,High,Yes,4,Low,Medium,Public,Positive,3,Yes,High School,Near,Female,66.0
29.0,93,Medium,Medium,No,5,93,Medium,Yes,2,Low,Medium,Public,Positive,3,No,Postgraduate,Near,Female,74.0
18.0,97,Medium,High,No,8,67,Medium,Yes,1,Medium,High,Public,Neutral,3,No,High School,Near,Male,70.0
21.0,100,Medium,Medium,No,5,58,Medium,Yes,2,Medium,Medium,Private,Neutral,2,No,High School,Moderate,Male,69.0
20.0,76,Medium,Medium,No,9,64,Low,Yes,2,Low,Medium,Public,Negative,2,No,College,Moderate,Male,64.0
16.0,100,Medium,Medium,Yes,8,65,High,Yes,1,High,Medium,Public,Positive,2,Yes,College,Moderate,Female,69.0
26.0,66,High,High,Yes,5,82,Medium,Yes,1,Low,Medium,Public,Neutral,3,No,High School,Near,Female,68.0
21.0,70,Medium,Low,Yes,7,90,Medium,No,1,Low,Medium,Public,Neutral,4,No,High School,Moderate,Male,63.0
17.0,64,Medium,Medium,Yes,6,60,Medium,Yes,1,Medium,Medium,Private,Positive,2,Yes,High School,Near,Male,61.0
12.0,71,Medium,Medium,No,8,54,Medium,Yes,0,Low,Low,Public,Positive,5,No,College,Near,Male,61.0
15.0,91,Medium,Low,Yes,10,61,Medium,Yes,0,Low,High,Public,Neutral,4,No,High School,Moderate,Male,65.0
10.0,94,Medium,High,No,9,65,Medium,Yes,3,Low,Low,Private,Negative,2,No,High School,Moderate,Female,65.0
20.0,91,High,Medium,Yes,6,64,High,Yes,0,High,Medium,Private,Positive,3,Yes,High School,Moderate,Female,69.0
13.0,85,High,High,Yes,7,61,High,Yes,3,Medium,High,Public,Positive,2,No,High School,Moderate,Female,69.0
18.0,81,Low,Medium,No,9,73,Medium,Yes,1,High,Medium,Public,Negative,2,No,High School,Near,Male,65.0
28.0,88,Low,High,Yes,8,93,Medium,Yes,3,Low,Medium,Public,Negative,1,No,Postgraduate,Moderate,Female,72.0
27.0,76,High,High,Yes,9,55,Medium,Yes,3,Low,Medium,Private,Neutral,0,No,High School,Moderate,Female,69.0
20.0,94,High,Medium,Yes,8,93,Low,Yes,1,Medium,Medium,Public,Neutral,3,No,College,Moderate,Female,71.0
19.0,87,Medium,Medium,Yes,7,75,Medium,Yes,2,Low,Low,Public,Negative,3,No,High School,Moderate,Female,67.0
31.0,88,Medium,High,No,7,83,Medium,Yes,0,Low,Medium,Private,Neutral,2,No,High School,Near,Male,72.0
23.0,81,High,High,No,5,91,Low,Yes,0,High,High,Public,Positive,3,Yes,High School,Near,Female,70.0
18.0,95,Low,Medium,Yes,6,65,High,Yes,1,Low,High,Public,Negative,3,No,High School,Near,Female,68.0
11.0,70,Medium,Medium,No,6,98,Medium,Yes,3,High,Medium,Private,Neutral,4,No,Postgraduate,Near,Female,66.0
22.0,75,Medium,High,No,6,54,Low,Yes,4,Low,High,Public,Positive,4,No,High School,Near,Male,68.0
25.0,91,High,Low,Yes,7,76,Low,Yes,1,Low,High,Private,Positive,3,No,College,Near,Female,71.0
16.0,80,Low,Medium,Yes,7,63,High,Yes,2,Low,Medium,Private,Neutral,3,No,High School,Far,Male,63.0
22.0,96,Medium,High,No,7,70,Medium,No,2,Medium,Medium,Private,Negative,4,No,College,Moderate,Male,70.0
18.0,74,Medium,High,No,8,72,High,Yes,1,Low,High,Public,Negative,2,No,College,Moderate,Male,65.0
19.0,75,High,High,Yes,6,96,Medium,Yes,2,Medium,Medium,Public,Positive,4,No,High School,Near,Female,70.0
5.0,96,Medium,Low,Yes,8,72,Low,Yes,3,Medium,Medium,Public,Negative,5,No,High School,Near,Male,65.0
19.0,79,High,High,Yes,9,85,Medium,Yes,0,Medium,Medium,Public,Positive,2,No,High School,Moderate,Male,68.0
26.0,81,High,Medium,Yes,8,98,Low,Yes,1,Medium,Low,Private,Neutral,2,Yes,High School,Near,Female,69.0
16.0,73,Medium,Medium,Yes,6,75,High,Yes,3,Medium,Medium,Public,Positive,3,No,High School,Moderate,Female,66.0
20.0,71,Low,Medium,No,8,70,Medium,Yes,0,Medium,High,Private,Neutral,3,No,High School,Far,Female,62.0
15.0,86,Medium,High,No,8,99,High,Yes,2,Medium,Medium,Public,Neutral,5,No,High School,Near,Male,70.0
22.0,65,High,Low,No,8,91,Medium,Yes,2,High,Medium,Public,Negative,2,No,College,Moderate,Female,65.0
19.0,95,Low,High,Yes,9,97,Low,Yes,0,Medium,Medium,Public,Neutral,2,No,Postgraduate,Near,Male,71.0
14.0,91,Medium,High,Yes,8,70,Medium,Yes,2,Low,Medium,Private,Neutral,0,No,Postgraduate,Moderate,Male,68.0
28.0,68,Low,Low,Yes,9,85,Medium,Yes,0,Medium,Medium,Public,Negative,3,No,Postgraduate,Near,Male,65.0
26.0,88,Low,High,Yes,7,62,High,No,1,High,High,Private,Positive,2,No,High School,Near,Female,70.0
16.0,84,Medium,High,Yes,6,93,Medium,Yes,0,High,Medium,Public,Positive,3,No,High School,Moderate,Male,69.0
23.0,67,Medium,Low,Yes,9,97,Medium,Yes,1,Medium,Medium,Private,Positive,3,No,College,Moderate,Male,66.0
23.0,71,Medium,Medium,Yes,6,63,Low,Yes,1,Low,High,Public,Positive,5,No,High School,Moderate,Male,66.0
24.0,76,High,Medium,No,10,55,Low,Yes,2,Low,Medium,Public,Positive,4,No,High School,Near,Male,67.0
10.0,88,Low,Medium,No,9,60,Medium,Yes,1,Low,Medium,Public,Positive,3,No,High School,Moderate,Female,63.0
26.0,86,Low,High,Yes,7,82,Medium,Yes,2,Low,Medium,Private,Positive,3,No,High School,Moderate,Female,70.0
17.0,81,High,Medium,No,9,64,Medium,Yes,0,High,Medium,Public,Positive,3,Yes,High School,Far,Male,65.0
18.0,91,Medium,High,No,8,82,Medium,Yes,3,Medium,Medium,Private,Positive,2,No,High School,Moderate,Male,70.0
36.0,90,Medium,High,Yes,5,68,Low,Yes,1,Low,High,Public,Positive,2,No,High School,Moderate,Male,74.0
22.0,85,High,Medium,Yes,6,96,Medium,Yes,0,Low,Medium,Public,Neutral,3,No,High School,Moderate,Female,69.0
18.0,91,High,Medium,No,7,73,Low,Yes,0,Low,Medium,Public,Negative,4,No,College,Near,Male,68.0
7.0,73,Medium,Medium,Yes,7,75,Medium,Yes,1,High,High,Private,Positive,3,No,College,Near,Male,64.0
28.0,95,High,Medium,No,9,67,Low,Yes,2,Medium,Medium,Public,Neutral,3,No,High School,Near,Male,73.0
12.0,85,Medium,Medium,Yes,7,54,Medium,Yes,4,Low,High,Public,Positive,3,No,College,Moderate,Male,66.0
14.0,93,Medium,Low,Yes,5,75,Low,Yes,0,Medium,High,Public,Negative,3,No,High School,Moderate,Male,65.0
18.0,82,High,Low,Yes,6,89,High,Yes,0,Medium,Medium,Private,Positive,1,Yes,College,Moderate,Male,66.0
28.0,69,Medium,Low,No,8,98,Medium,Yes,0,Medium,Medium,Public,Positive,5,No,High School,Near,Male,67.0
25.0,82,Medium,High,No,4,54,Medium,Yes,0,Medium,Medium,Public,Neutral,3,No,High School,Near,Male,67.0
19.0,75,Medium,Medium,Yes,5,90,High,Yes,0,Medium,Medium,Private,Negative,3,No,Postgraduate,Near,Female,66.0
22.0,88,Medium,Low,Yes,6,63,Low,Yes,3,Low,Medium,Public,Positive,3,No,Postgraduate,Near,Male,69.0
16.0,79,Medium,Medium,Yes,8,91,Medium,Yes,4,High,Medium,Private,Positive,1,No,Postgraduate,Near,Male,69.0
21.0,93,Medium,Low,No,7,67,High,Yes,2,Low,Medium,Public,Neutral,3,No,College,Far,Female,68.0
20.0,87,Low,Low,No,8,56,Medium,No,1,High,Medium,Public,Negative,1,No,College,Near,Female,64.0
26.0,87,Medium,Medium,Yes,7,81,Medium,Yes,1,High,Medium,Public,Negative,2,No,High School,Near,Male,70.0
26.0,69,Medium,Medium,No,7,95,Medium,Yes,1,Low,Medium,Public,Negative,4,No,Postgraduate,Near,Female,67.0
23.0,99,Low,Low,No,6,59,Medium,Yes,1,Medium,Medium,Public,Positive,3,No,High School,Far,Male,68.0
18.0,94,Medium,Medium,Yes,8,51,Medium,Yes,0,High,Medium,Public,Positive,3,Yes,College,Moderate,Female,67.0
24.0,92,High,Medium,Yes,5,94,Low,Yes,1,Medium,Medium,Public,Neutral,2,No,Postgraduate,Near,Female,73.0
19.0,73,Medium,Medium,Yes,7,85,Medium,Yes,1,Medium,Medium,Public,Neutral,3,No,High School,Far,Male,65.0
14.0,81,Medium,High,No,9,90,Medium,Yes,3,High,High,Public,Neutral,3,No,Postgraduate,Near,Male,69.0
18.0,65,Medium,Medium,Yes,6,53,Medium,Yes,1,Medium,Medium,Private,Positive,3,Yes,Postgraduate,Near,Male,63.0
21.0,82,Medium,Medium,No,5,95,Medium,Yes,3,Low,Low,Public,Positive,4,No,High School,Near,Female,68.0
25.0,66,Medium,High,No,4,71,High,Yes,0,Medium,Medium,Public,Negative,3,Yes,High School,Near,Female,64.0
19.0,82,Low,High,No,8,95,Medium,Yes,2,Low,High,Public,Neutral,4,Yes,Postgraduate,Moderate,Female,68.0
13.0,86,Medium,High,Yes,8,53,Medium,Yes,2,Low,High,Public,Positive,4,No,High School,Far,Male,66.0
20.0,76,Medium,Medium,No,6,94,Low,Yes,2,Low,High,Public,Neutral,3,Yes,High School,Moderate,Male,65.0
21.0,80,Medium,Medium,Yes,5,84,Low,Yes,4,Low,Medium,Private,Neutral,2,No,Postgraduate,Near,Female,69.0
21.0,95,Low,Medium,No,7,78,High,Yes,2,Low,High,Public,Neutral,2,Yes,High School,Near,Male,69.0
26.0,64,Low,High,Yes,9,53,Medium,No,2,Low,High,Public,Negative,4,No,College,Near,Male,64.0
26.0,92,High,High,No,5,84,High,Yes,0,Medium,High,Public,Neutral,2,No,Postgraduate,Near,Male,74.0
16.0,67,High,Medium,No,9,80,Medium,Yes,1,Low,High,Public,Neutral,3,No,High School,Near,Female,64.0
16.0,61,Medium,Low,No,4,86,Medium,Yes,3,Medium,High,Public,Positive,4,No,High School,Near,Female,63.0
14.0,67,High,Medium,Yes,5,86,Medium,No,0,High,Medium,Public,Positive,4,No,College,Moderate,Female,64.0
24.0,91,Medium,Medium,Yes,7,72,Medium,Yes,3,Medium,High,Public,Neutral,3,No,High School,Moderate,Male,71.0
29.0,76,Low,High,Yes,8,60,Medium,Yes,2,Medium,Medium,Public,Negative,3,No,High School,Near,Female,68.0
18.0,95,Medium,Medium,Yes,9,96,Low,Yes,4,Medium,Medium,Public,Negative,4,No,College,Near,Female,72.0
19.0,81,Medium,Low,Yes,8,96,High,Yes,1,Low,Medium,Private,Negative,4,No,Postgraduate,Near,Male,67.0
29.0,61,Medium,High,No,9,61,Medium,Yes,0,Low,Medium,Private,Negative,3,No,High School,Near,Male,64.0
23.0,89,Medium,Low,No,7,82,Medium,Yes,2,High,High,Public,Positive,1,No,College,Near,Male,70.0
23.0,64,High,Medium,Yes,6,60,Low,Yes,2,Medium,Medium,Public,Negative,3,No,College,Near,Female,65.0
13.0,92,High,Medium,No,9,93,High,Yes,2,High,Medium,Public,Negative,2,No,College,Moderate,Male,69.0
24.0,67,High,Medium,No,9,55,High,Yes,2,Low,Low,Public,Positive,2,No,College,Moderate,Male,65.0
14.0,74,High,Medium,No,8,100,Medium,Yes,1,Low,Medium,Public,Neutral,3,No,College,Near,Male,66.0
13.0,90,High,Medium,No,8,81,Medium,Yes,0,Medium,Medium,Public,Positive,3,No,High School,Moderate,Female,67.0
18.0,98,Medium,Low,No,9,51,Medium,Yes,1,High,Medium,Public,Neutral,4,No,College,Near,Male,68.0
16.0,75,Medium,Medium,Yes,8,94,Medium,Yes,0,Medium,Medium,Private,Positive,3,No,High School,Moderate,Male,65.0
19.0,93,Medium,Medium,No,7,84,High,No,0,Medium,Low,Public,Neutral,2,No,College,Near,Male,68.0
11.0,68,Medium,High,Yes,8,85,High,No,2,Medium,Medium,Public,Negative,2,No,College,Near,Male,63.0
26.0,92,Medium,Medium,No,8,64,Medium,Yes,1,Medium,Medium,Private,Positive,5,No,High School,Near,Male,71.0
27.0,86,High,Medium,No,8,67,Medium,Yes,1,Low,Medium,Public,Positive,4,No,College,Near,Male,71.0
8.0,68,High,Medium,Yes,7,96,Medium,Yes,2,Low,High,Public,Positive,3,No,Postgraduate,Near,Female,65.0
26.0,72,Medium,Low,No,8,82,Medium,Yes,2,Medium,Low,Public,Negative,2,No,Postgraduate,Far,Female,65.0
15.0,65,Medium,Low,Yes,8,51,Medium,Yes,1,High,Medium,Public,Positive,3,No,High School,Moderate,Female,61.0
25.0,75,High,High,Yes,7,66,Low,Yes,0,Low,High,Public,Negative,4,No,High School,Near,Male,68.0
20.0,68,Low,Medium,Yes,6,80,Low,Yes,4,Low,Medium,Private,Neutral,4,No,College,Near,Female,65.0
20.0,86,Low,Medium,No,9,57,Medium,Yes,0,Medium,High,Public,Positive,4,No,High School,Moderate,Male,66.0
19.0,100,High,Low,Yes,5,55,Low,Yes,2,Low,Medium,Public,Positive,4,No,High School,Moderate,Male,69.0
27.0,60,High,High,No,6,53,Low,Yes,3,Low,Low,Private,Positive,2,No,High School,Moderate,Female,65.0
13.0,82,Medium,High,No,7,82,Medium,Yes,1,Low,Low,Public,Positive,3,No,High School,Near,Female,65.0
24.0,83,High,Medium,No,4,66,High,Yes,2,Medium,High,Private,Positive,4,Yes,Postgraduate,Moderate,Male,70.0
27.0,97,Medium,Medium,No,9,69,Medium,Yes,1,Low,Medium,Private,Neutral,2,No,High School,Moderate,Female,70.0
24.0,80,Medium,Medium,Yes,7,53,Medium,Yes,2,Low,Medium,Public,Positive,4,Yes,High School,Near,Female,67.0
34.0,82,Medium,High,Yes,9,87,High,Yes,3,Low,Medium,Public,Positive,4,No,High School,Near,Female,75.0
17.0,79,Low,Low,Yes,10,88,Low,Yes,3,Medium,High,Private,Neutral,3,No,High School,Moderate,Female,65.0
26.0,71,Medium,Medium,Yes,7,91,Medium,No,2,Low,Medium,Private,Neutral,3,No,High School,Moderate,Female,66.0
19.0,62,High,Medium,Yes,9,83,High,Yes,2,Medium,Medium,Public,Positive,3,No,College,Near,Male,67.0
27.0,76,Low,Medium,Yes,5,89,Low,Yes,0,Low,Medium,Private,Positive,4,No,Postgraduate,Far,Male,67.0
20.0,62,Low,Medium,No,8,79,High,Yes,2,Low,Medium,Public,Positive,1,No,High School,Near,Female,62.0
18.0,82,Medium,Medium,Yes,6,75,Medium,Yes,0,Low,Medium,Private,Negative,4,No,College,Near,Male,66.0
28.0,72,Low,High,No,8,63,Low,Yes,1,Low,High,Public,Neutral,2,No,High School,Near,Male,66.0
17.0,81,High,Low,Yes,8,53,High,Yes,0,Medium,Medium,Public,Neutral,2,No,High School,Far,Male,64.0
12.0,65,Low,Medium,No,7,65,Medium,Yes,2,Medium,Medium,Public,Neutral,2,No,High School,Near,Male,60.0
17.0,97,Medium,Medium,Yes,8,84,Medium,No,3,Low,Low,Private,Neutral,3,No,Postgraduate,Near,Female,70.0
24.0,96,Medium,Medium,No,8,96,Medium,Yes,2,Low,Low,Public,Positive,3,No,College,Near,Female,72.0
28.0,68,High,Medium,Yes,7,63,Medium,Yes,0,Low,High,Public,Negative,2,No,College,Near,Male,67.0
21.0,74,Medium,High,Yes,10,83,Low,Yes,1,High,Medium,Public,Neutral,3,No,High School,Moderate,Female,67.0
28.0,85,Medium,Medium,Yes,7,74,Medium,Yes,1,Medium,High,Public,Positive,3,No,Postgraduate,Near,Female,72.0
12.0,64,High,High,Yes,9,81,Medium,No,1,High,High,Public,Neutral,3,No,High School,Moderate,Male,63.0
17.0,74,Low,Medium,No,9,50,Medium,Yes,0,Low,High,Public,Negative,2,No,High School,Far,Female,60.0
18.0,70,Medium,Medium,Yes,4,56,Medium,Yes,1,High,High,Public,Neutral,4,No,High School,Near,Male,65.0
19.0,97,High,Medium,Yes,9,61,High,Yes,2,Medium,High,Public,Neutral,1,No,Postgraduate,Moderate,Male,72.0
21.0,94,Medium,High,No,9,95,Low,Yes,0,Medium,High,Private,Negative,3,No,High School,Near,Male,70.0
24.0,83,High,Medium,Yes,7,52,High,Yes,1,Medium,High,Public,Positive,4,No,College,Near,Female,71.0
17.0,81,Low,Medium,Yes,8,78,Low,Yes,1,Low,High,Private,Positive,4,No,College,Moderate,Male,66.0
21.0,97,Low,Medium,Yes,8,96,High,Yes,2,Low,High,Public,Positive,4,No,College,Moderate,Female,72.0
20.0,97,Low,Medium,Yes,9,83,High,Yes,3,Medium,High,Public,Positive,3,No,Postgraduate,Near,Female,73.0
14.0,99,High,Medium,Yes,6,74,Medium,Yes,2,Medium,Medium,Public,Neutral,3,No,College,Near,Male,71.0
19.0,65,High,Low,No,9,69,Medium,Yes,4,Low,High,Public,Neutral,2,No,College,Far,Male,64.0
19.0,66,Medium,High,Yes,5,81,Medium,Yes,1,High,Medium,Private,Positive,3,No,College,Moderate,Male,66.0
19.0,87,Medium,Medium,No,4,74,High,Yes,1,High,Medium,Public,Positive,3,No,College,Near,Male,69.0
20.0,82,Low,Medium,No,8,85,Low,Yes,1,Medium,High,Private,Neutral,3,Yes,Postgraduate,Near,Female,66.0
20.0,61,Medium,High,No,9,81,Medium,Yes,0,High,High,Public,Neutral,2,Yes,High School,Near,Male,63.0
17.0,62,Medium,Medium,Yes,7,78,Medium,Yes,0,Medium,High,Public,Negative,3,No,High School,Near,Male,62.0
28.0,96,High,Low,Yes,4,98,High,Yes,1,High,High,Public,Positive,3,No,High School,Near,Male,98.0
13.0,95,High,High,Yes,5,92,Low,Yes,1,Medium,Medium,Private,Positive,2,No,College,Near,Female,71.0
16.0,74,High,Medium,No,8,80,Medium,Yes,0,Low,Medium,Public,Positive,4,No,Postgraduate,Near,Female,66.0
20.0,96,Medium,Medium,No,7,77,Medium,Yes,2,Medium,Medium,Public,Positive,3,No,High School,Moderate,Female,75.0
14.0,84,High,Medium,Yes,9,86,High,Yes,1,Low,Medium,Private,Positive,4,No,High School,Near,Female,68.0
12.0,92,High,Medium,No,7,90,Medium,Yes,2,Medium,High,Public,Negative,5,No,High School,Near,Male,69.0
24.0,77,Medium,Low,Yes,6,65,High,Yes,2,Medium,High,Private,Positive,3,No,High School,Near,Male,68.0
8.0,65,Medium,Medium,No,7,83,Low,Yes,3,Medium,Medium,Public,Negative,4,No,High School,Near,Female,60.0
19.0,77,Medium,Low,No,9,57,Low,Yes,4,Medium,Medium,Public,Neutral,3,Yes,High School,Near,Female,64.0
33.0,78,Medium,Medium,No,9,72,Medium,Yes,4,Medium,Medium,Public,Positive,3,No,High School,Moderate,Male,71.0
11.0,82,High,High,No,7,97,Low,Yes,2,High,Medium,Public,Positive,3,No,College,Near,Male,69.0
8.0,64,Medium,Medium,Yes,7,66,Medium,Yes,1,Low,Medium,Private,Positive,3,No,College,Near,Male,60.0
11.0,100,High,High,Yes,8,58,High,Yes,1,Low,Medium,Private,Positive,3,No,College,Near,Female,70.0
25.0,70,Low,Medium,Yes,6,57,Medium,Yes,4,Medium,Medium,Private,Neutral,3,No,High School,Near,Male,66.0
27.0,68,High,Medium,No,8,70,High,Yes,0,Medium,Medium,Private,Positive,3,No,Postgraduate,Near,Male,68.0
17.0,81,High,Low,No,7,61,Medium,Yes,2,High,Medium,Public,Positive,2,No,College,Near,Female,67.0
24.0,81,Medium,Medium,Yes,7,71,High,Yes,1,Medium,High,Public,Neutral,3,No,College,Near,Male,70.0
28.0,78,High,Medium,Yes,7,86,Low,Yes,0,Low,High,Public,Neutral,2,No,College,Moderate,Male,69.0
31.0,91,Medium,High,Yes,7,94,High,Yes,2,High,High,Public,Negative,3,No,High School,Far,Male,75.0
19.0,81,Medium,Low,Yes,10,56,Low,Yes,1,Medium,High,Public,Positive,3,No,High School,Near,Male,65.0
6.0,84,Medium,Medium,Yes,6,88,Medium,Yes,1,Low,Medium,Private,Positive,5,No,Postgraduate,Moderate,Male,65.0
15.0,89,Medium,Low,No,6,55,Medium,Yes,1,Medium,Medium,Public,Positive,4,No,Postgraduate,Moderate,Male,66.0
17.0,61,High,Medium,Yes,9,69,High,Yes,1,Medium,High,Public,Positive,3,No,High School,Far,Male,64.0
18.0,83,Low,Medium,No,8,100,Medium,Yes,1,Low,High,Private,Negative,2,No,High School,Near,Female,66.0
19.0,95,Medium,High,Yes,8,53,Medium,Yes,3,Low,Medium,Public,Positive,1,No,High School,Moderate,Female,70.0
27.0,61,High,Low,No,5,51,High,Yes,1,Low,Medium,Private,Positive,1,No,College,Far,Male,63.0
28.0,76,Low,Low,No,7,67,High,Yes,1,High,Low,Public,Negative,4,No,College,Near,Male,66.0
19.0,97,Low,Medium,Yes,8,98,Low,Yes,1,Medium,Medium,Public,Positive,3,No,College,Near,Female,71.0
27.0,74,Medium,High,No,6,51,High,Yes,2,Medium,Medium,Private,Positive,4,No,High School,Far,Male,68.0
22.0,78,Medium,Medium,Yes,8,61,Medium,Yes,2,High,Medium,Public,Positive,5,No,High School,Moderate,Male,68.0
20.0,99,Low,Medium,No,7,80,High,Yes,0,Medium,High,Public,Negative,3,No,Postgraduate,Near,Male,71.0
25.0,68,Low,Medium,No,6,62,Low,Yes,1,Low,High,Private,Negative,4,No,College,Moderate,Female,63.0
20.0,63,Low,Low,No,9,53,Low,Yes,1,Medium,Medium,Public,Positive,4,No,High School,Near,Male,60.0
32.0,94,Medium,High,Yes,9,53,Medium,Yes,1,Medium,Medium,Public,Neutral,3,No,High School,Near,Female,73.0
11.0,95,Medium,Medium,Yes,7,78,Low,Yes,4,Medium,Medium,Private,Negative,4,No,High School,Near,Female,68.0
17.0,79,High,High,Yes,8,78,Medium,Yes,2,High,Medium,Public,Positive,5,No,High School,Near,Female,70.0
19.0,81,Medium,Medium,Yes,9,85,Medium,Yes,1,Low,Medium,Public,Neutral,1,No,High School,Moderate,Male,66.0
23.0,93,High,Medium,No,6,57,Medium,Yes,1,High,Medium,Public,Positive,2,No,Postgraduate,Near,Female,72.0
28.0,90,High,Low,Yes,8,75,Medium,Yes,1,Low,High,Public,Neutral,3,Yes,High School,Moderate,Male,70.0
20.0,71,High,High,Yes,6,80,Medium,Yes,2,High,Low,Public,Positive,3,No,High School,Near,Male,68.0
11.0,61,Medium,Medium,Yes,5,61,Medium,Yes,3,Medium,High,Public,Neutral,0,Yes,Postgraduate,Near,Male,60.0
25.0,79,High,Medium,No,6,77,Low,No,2,Low,High,Public,Neutral,3,No,High School,Near,Male,68.0
25.0,94,High,High,No,5,85,High,Yes,1,Medium,Medium,Public,Neutral,2,No,College,Near,Female,74.0
8.0,96,Medium,Medium,Yes,8,100,High,Yes,1,High,Medium,Public,Negative,4,No,High School,Moderate,Male,68.0
20.0,98,Low,Medium,Yes,6,80,Low,Yes,4,Medium,Medium,Public,Positive,4,No,College,Near,Male,72.0
10.0,95,Medium,High,Yes,5,93,High,Yes,0,Low,High,Public,Positive,3,No,High School,Moderate,Male,69.0
16.0,83,Low,Medium,Yes,8,92,Low,Yes,2,High,High,Public,Positive,4,No,Postgraduate,Near,Female,98.0
15.0,78,Medium,High,No,8,97,Medium,Yes,1,Medium,Medium,Public,Neutral,4,No,Postgraduate,Near,Male,68.0
25.0,91,Medium,Low,No,7,86,Medium,Yes,0,Medium,Medium,Public,Neutral,5,No,High School,Near,Female,70.0
21.0,90,Medium,Medium,No,8,61,Medium,Yes,1,High,Medium,Public,Positive,4,No,Postgraduate,Moderate,Female,69.0
12.0,82,High,Low,No,6,65,Low,Yes,3,Medium,Medium,Private,Negative,3,No,High School,Near,Female,64.0
25.0,63,Medium,Low,No,6,89,High,Yes,1,Medium,High,Private,Neutral,4,No,High School,Moderate,Male,65.0
11.0,97,Medium,Medium,No,8,76,High,Yes,2,Medium,High,Public,Positive,2,No,High School,Moderate,Female,69.0
22.0,78,Medium,Low,No,9,63,High,Yes,2,Medium,High,Public,Neutral,4,No,High School,Near,Male,67.0
15.0,75,Medium,High,No,6,83,Low,Yes,1,High,Medium,Private,Negative,2,No,High School,Near,Female,65.0
18.0,85,Medium,High,Yes,6,95,High,Yes,2,Low,Low,Private,Positive,4,No,College,Near,Female,70.0
23.0,87,High,Low,No,8,68,Medium,Yes,0,High,High,Private,Neutral,3,No,College,Far,Male,68.0
23.0,68,Medium,Medium,Yes,8,80,Medium,Yes,1,Medium,Low,Public,Neutral,1,No,High School,Near,Female,65.0
28.0,93,Medium,Medium,No,7,79,High,Yes,0,Medium,Medium,Public,Positive,4,No,Postgraduate,Near,Male,74.0
20.0,72,Medium,Medium,Yes,9,56,Medium,Yes,4,High,Medium,Public,Negative,2,No,High School,Near,Male,65.0
22.0,67,High,High,Yes,10,55,Medium,Yes,1,Low,Medium,Public,Positive,2,No,High School,Moderate,Male,65.0
17.0,76,High,Medium,Yes,8,94,Medium,Yes,3,Medium,Medium,Public,Neutral,4,No,High School,Moderate,Female,68.0
21.0,89,Medium,Medium,No,6,97,Medium,No,1,Low,Medium,Private,Negative,3,No,Postgraduate,Far,Female,68.0
23.0,99,Medium,Medium,No,8,95,High,Yes,5,Medium,Medium,Public,Neutral,4,No,High School,Moderate,Female,74.0
19.0,92,High,Medium,No,6,70,High,Yes,2,Medium,Medium,Private,Negative,3,No,High School,Near,Female,71.0
9.0,98,High,Medium,Yes,9,64,Medium,Yes,1,Low,Medium,Private,Negative,3,No,High School,Near,Male,67.0
22.0,66,Medium,Medium,Yes,6,97,Low,Yes,0,High,Low,Public,Neutral,3,No,High School,Moderate,Female,64.0
22.0,63,Low,Low,Yes,7,94,Medium,Yes,0,Medium,Medium,Public,Negative,3,Yes,High School,Far,Male,61.0
16.0,82,Medium,Medium,No,6,91,Medium,Yes,0,Low,Medium,Public,Positive,3,No,High School,Near,Female,66.0
12.0,72,Medium,Medium,No,7,67,Low,Yes,0,Low,Medium,Public,Positive,2,No,High School,Near,Female,61.0
29.0,93,Medium,High,No,7,82,Medium,Yes,5,Low,Medium,Public,Negative,3,No,High School,Moderate,Male,73.0
23.0,87,Low,Medium,No,8,88,High,Yes,2,Medium,High,Public,Neutral,3,No,High School,Near,Male,70.0
19.0,99,Low,Medium,No,7,79,Medium,Yes,2,Low,Medium,Private,Neutral,2,No,Postgraduate,Near,Male,70.0
13.0,70,Medium,Low,Yes,7,80,High,Yes,1,High,Medium,Public,Positive,4,No,College,Far,Female,63.0
15.0,79,High,Medium,Yes,6,88,Medium,Yes,3,High,Medium,Public,Neutral,3,No,Postgraduate,Moderate,Male,69.0
28.0,80,High,High,No,7,88,Medium,Yes,2,High,Medium,Public,Negative,2,No,High School,Near,Male,72.0
21.0,70,Medium,High,Yes,5,62,Medium,Yes,2,Low,High,Public,Neutral,2,No,High School,Near,Female,66.0
17.0,84,High,High,No,9,70,Medium,Yes,1,High,Medium,Public,Negative,4,No,High School,Near,Male,68.0
23.0,78,Medium,High,No,7,89,Medium,Yes,1,Medium,Low,Public,Neutral,3,No,High School,Far,Male,67.0
15.0,78,Medium,High,Yes,9,63,Medium,No,2,Medium,Medium,Private,Positive,3,No,Postgraduate,Far,Female,65.0
29.0,75,Low,Medium,Yes,7,96,Low,Yes,2,Low,Medium,Public,Positive,3,No,High School,Moderate,Male,68.0
28.0,61,High,Medium,Yes,4,92,Low,Yes,1,Medium,High,Private,Neutral,4,No,College,Near,Female,68.0
17.0,81,High,Medium,No,6,95,High,Yes,2,Medium,Medium,Private,Positive,3,No,High School,Near,Male,69.0
16.0,73,High,High,Yes,7,65,Low,Yes,1,Medium,Medium,Private,Positive,4,No,College,Moderate,Male,66.0
4.0,60,Medium,Medium,Yes,7,55,Medium,Yes,2,Low,Medium,Private,Neutral,2,No,Postgraduate,Near,Male,58.0
11.0,72,High,Low,No,8,55,High,Yes,0,Medium,Low,Public,Neutral,3,Yes,College,Near,Male,60.0
12.0,71,High,High,Yes,7,78,High,Yes,3,Low,Medium,Public,Positive,4,No,College,Moderate,Female,67.0
21.0,76,Medium,Medium,Yes,6,65,Low,Yes,2,Low,High,Public,Negative,2,No,High School,Near,Female,65.0
18.0,65,High,Medium,Yes,6,63,High,Yes,1,Low,Medium,Public,Negative,2,No,High School,Far,Male,62.0
12.0,80,Medium,High,Yes,6,61,Medium,Yes,0,High,High,Private,Neutral,2,No,High School,Near,Male,65.0
18.0,88,High,High,No,8,78,Medium,Yes,0,Medium,Medium,Public,Neutral,2,No,College,Moderate,Male,69.0
23.0,85,Low,High,No,8,77,Medium,Yes,0,High,Medium,Public,Positive,4,No,College,Near,Male,70.0
23.0,92,Low,High,Yes,6,71,High,Yes,2,Low,Medium,Public,Positive,2,No,High School,Moderate,Male,70.0
9.0,78,High,Medium,No,9,57,Low,Yes,1,Low,High,Public,Positive,5,No,High School,Moderate,Female,63.0
19.0,81,Low,Medium,Yes,8,96,High,Yes,0,Medium,High,Public,Neutral,4,No,Postgraduate,Near,Male,69.0
12.0,92,Low,Medium,No,6,71,Low,Yes,0,Medium,High,Private,Negative,4,No,High School,Near,Male,64.0
25.0,77,Medium,High,No,7,56,Medium,Yes,1,Low,Medium,Public,Positive,3,No,Postgraduate,Near,Male,69.0
25.0,88,High,Medium,Yes,8,52,Low,Yes,1,Medium,Medium,Public,Positive,2,No,High School,Near,Male,70.0
15.0,77,Medium,Medium,Yes,5,58,Medium,Yes,1,Low,Medium,Public,Positive,3,No,College,Moderate,Female,64.0
15.0,77,High,Medium,Yes,5,65,Low,No,2,Low,Medium,Public,Positive,4,Yes,Postgraduate,Near,Male,65.0
17.0,90,High,Medium,No,8,82,Medium,Yes,0,Medium,High,Public,Neutral,4,No,College,Near,Male,70.0
6.0,67,Medium,Low,Yes,6,99,Low,Yes,0,Medium,Medium,Private,Neutral,2,No,College,Near,Male,60.0
22.0,74,Medium,High,Yes,9,64,High,Yes,3,Medium,Medium,Public,Neutral,3,No,High School,Near,Female,68.0
18.0,69,Low,Low,Yes,10,89,Low,Yes,2,Low,High,Public,Neutral,1,Yes,High School,Moderate,Male,61.0
26.0,74,Medium,Low,Yes,8,96,Medium,Yes,2,Medium,High,Private,Neutral,3,No,High School,Near,Female,68.0
13.0,69,Medium,Low,No,8,70,Medium,Yes,1,High,High,Private,Neutral,3,No,High School,Moderate,Male,61.0
16.0,83,Low,Medium,No,5,63,Low,Yes,2,High,Medium,Private,Positive,3,Yes,High School,Moderate,Female,64.0
11.0,92,Medium,Medium,No,5,75,Medium,Yes,2,Medium,Medium,Public,Negative,3,No,High School,Near,Female,66.0
14.0,91,Medium,Medium,Yes,7,95,Medium,Yes,2,High,High,Public,Positive,2,No,High School,Moderate,Male,70.0
13.0,75,High,High,Yes,5,51,Medium,Yes,3,Medium,Medium,Private,Negative,3,No,High School,Near,Female,65.0
26.0,100,Medium,High,Yes,7,74,High,Yes,1,Medium,Medium,Public,Neutral,2,No,High School,Near,Female,74.0
16.0,84,High,High,No,6,88,Low,Yes,1,Medium,Medium,Private,Negative,1,Yes,High School,Near,Male,66.0
21.0,76,Low,Medium,Yes,7,80,High,Yes,3,Low,Medium,Public,Negative,2,Yes,College,Near,Male,65.0
18.0,93,Low,High,No,7,75,High,Yes,1,High,Medium,Private,Positive,1,No,College,Moderate,Female,69.0
12.0,89,Medium,High,Yes,8,78,Low,Yes,4,Low,Medium,Public,Neutral,5,No,Postgraduate,Near,Female,69.0
19.0,90,Low,High,No,7,81,Medium,Yes,2,Medium,Medium,Private,Positive,2,No,High School,Near,Female,69.0
24.0,68,High,Low,No,6,84,Medium,Yes,1,Low,High,Public,Positive,4,No,High School,Near,Female,66.0
13.0,79,Medium,Low,No,5,68,Medium,No,2,High,Medium,Private,Positive,3,No,High School,Near,Female,63.0
25.0,94,Medium,Low,Yes,7,76,Medium,Yes,1,Low,High,Private,Neutral,2,Yes,High School,Moderate,Female,69.0
15.0,80,Medium,High,Yes,4,64,Medium,Yes,1,Medium,Medium,Public,Neutral,1,No,High School,Near,Male,65.0
17.0,87,Medium,Medium,No,9,99,Medium,Yes,1,Medium,Low,Private,Neutral,3,No,High School,Moderate,Male,67.0
23.0,84,Medium,Medium,No,8,59,Low,Yes,1,Low,High,Public,Positive,4,Yes,Postgraduate,Far,Female,66.0
16.0,94,Low,Medium,Yes,8,58,Medium,Yes,2,Low,Medium,Public,Positive,3,Yes,College,Near,Male,67.0
20.0,71,Low,High,Yes,6,63,High,Yes,1,Low,Medium,Public,Positive,2,No,College,Moderate,Male,65.0
18.0,83,Medium,High,No,8,96,Low,Yes,0,Medium,High,Public,Positive,4,Yes,Postgraduate,Near,Female,69.0
21.0,65,Low,High,No,6,83,Medium,Yes,3,Low,High,Public,Neutral,5,No,High School,Near,Male,65.0
6.0,88,High,High,Yes,7,73,Medium,Yes,3,Low,Medium,Private,Neutral,3,No,College,Near,Male,67.0
9.0,89,Medium,Medium,Yes,6,96,Medium,Yes,0,High,Low,Public,Negative,4,No,High School,Near,Male,66.0
24.0,62,Low,Medium,No,7,95,Medium,Yes,1,High,Low,Public,Positive,3,No,College,Far,Female,64.0
26.0,87,Medium,High,No,5,70,Low,Yes,1,Low,Medium,Private,Positive,2,No,High School,Near,Female,70.0
15.0,77,Medium,High,Yes,7,78,Medium,Yes,0,Low,High,Public,Neutral,3,No,High School,Moderate,Male,65.0
19.0,65,Low,Medium,Yes,5,95,Medium,Yes,2,Medium,High,Private,Neutral,4,No,College,Near,Male,65.0
22.0,77,Low,Low,No,10,66,Medium,Yes,2,Low,Medium,Public,Positive,3,No,College,Moderate,Male,64.0
24.0,68,Medium,Low,Yes,7,70,Low,Yes,1,Low,Low,Public,Neutral,3,No,College,Near,Male,64.0
8.0,77,Medium,Low,Yes,7,90,Low,Yes,1,Medium,Medium,Public,Neutral,0,No,High School,Moderate,Male,61.0
15.0,75,High,Medium,No,8,85,Medium,Yes,1,Low,High,Public,Neutral,3,No,High School,Near,Male,65.0
18.0,90,High,Medium,Yes,5,52,Low,Yes,5,Medium,Medium,Private,Positive,3,Yes,High School,Moderate,Male,68.0
24.0,91,Low,High,Yes,6,56,Medium,Yes,1,Low,High,Public,Positive,2,No,College,Moderate,Male,70.0
35.0,84,Low,Medium,Yes,8,92,High,Yes,6,Low,High,Public,Negative,4,No,High School,Moderate,Male,74.0
19.0,61,Medium,Medium,No,7,51,Low,Yes,1,Low,High,Public,Neutral,1,No,High School,Near,Female,60.0
12.0,97,High,Low,Yes,6,96,Medium,Yes,2,Low,High,Public,Positive,2,No,Postgraduate,Near,Female,71.0
22.0,87,High,High,Yes,8,64,Medium,No,2,Medium,High,Public,Negative,3,No,High School,Moderate,Female,70.0
28.0,61,Low,Medium,Yes,7,80,Low,Yes,2,Medium,Medium,Public,Positive,4,No,Postgraduate,Near,Female,67.0
21.0,93,Medium,Medium,Yes,8,78,Medium,No,0,Low,Medium,Private,Neutral,3,No,High School,Near,Male,68.0
15.0,68,High,Medium,No,8,70,Medium,Yes,3,Medium,High,Public,Negative,3,No,High School,Near,Female,64.0
26.0,83,High,Low,No,6,52,Medium,Yes,0,Low,High,Public,Negative,3,No,High School,Near,Male,67.0
24.0,79,Low,Low,No,7,60,Low,Yes,0,Low,High,Public,Neutral,3,No,Postgraduate,Near,Female,65.0
14.0,77,Medium,Medium,Yes,4,81,Low,Yes,3,Medium,Medium,Private,Neutral,3,No,College,Near,Female,66.0
22.0,96,Medium,Medium,Yes,6,72,Low,Yes,1,High,Medium,Public,Positive,4,No,College,Near,Female,72.0
26.0,77,Low,Medium,Yes,7,71,High,Yes,3,High,Medium,Public,Neutral,3,No,High School,Near,Female,69.0
27.0,63,Medium,Medium,Yes,8,55,Low,Yes,1,Medium,Medium,Private,Neutral,3,No,Postgraduate,Near,Female,65.0
20.0,98,Low,High,Yes,8,67,Medium,Yes,0,High,Medium,Public,Positive,3,No,High School,Near,Female,71.0
18.0,97,High,High,Yes,6,76,Medium,Yes,0,Medium,High,Public,Neutral,5,No,High School,Moderate,Male,72.0
27.0,87,High,Medium,No,6,54,Medium,Yes,0,Medium,Medium,Private,Positive,2,No,High School,Near,Female,70.0
13.0,79,High,Medium,No,9,53,Medium,No,1,Medium,Medium,Private,Positive,2,No,College,Moderate,Male,63.0
23.0,64,Medium,Medium,No,7,75,Medium,Yes,2,Medium,High,Public,Positive,2,No,High School,Near,Female,66.0
12.0,92,Low,Low,Yes,7,78,High,Yes,3,Medium,High,Public,Negative,2,No,College,Near,Male,67.0
26.0,63,Medium,High,No,8,63,Low,Yes,1,High,High,Public,Neutral,3,No,Postgraduate,Near,Male,67.0
18.0,63,Medium,Medium,Yes,7,66,Low,Yes,2,Medium,Medium,Private,Negative,2,No,College,Near,Female,62.0
28.0,81,Medium,High,Yes,7,90,High,Yes,3,Medium,Medium,Private,Negative,3,No,High School,Moderate,Male,72.0
23.0,66,Medium,High,Yes,7,93,High,Yes,1,High,High,Public,Positive,1,No,High School,Near,Female,69.0
13.0,60,Medium,Medium,Yes,6,66,Medium,Yes,1,Medium,High,Public,Positive,5,Yes,College,Moderate,Male,61.0
29.0,77,Medium,Low,Yes,7,68,High,Yes,1,Medium,Medium,Public,Positive,3,No,High School,Far,Female,67.0
29.0,65,Low,Medium,Yes,4,92,Medium,No,0,Medium,Medium,Private,Positive,4,No,High School,Near,Female,66.0
25.0,66,Medium,Medium,Yes,6,99,Medium,Yes,2,Medium,Medium,Public,Positive,3,No,College,Near,Female,68.0
15.0,63,Medium,High,No,8,66,High,Yes,1,Low,Medium,Private,Negative,4,No,College,Near,Male,62.0
18.0,68,High,Low,Yes,8,89,Medium,Yes,0,Medium,Low,Public,Negative,3,No,College,Far,Male,63.0
21.0,89,Medium,Medium,Yes,9,74,High,Yes,3,Low,Medium,Private,Positive,4,No,High School,Moderate,Female,70.0
16.0,92,Low,High,Yes,8,63,Medium,Yes,2,Low,Medium,Public,Neutral,4,No,College,Moderate,Male,68.0
30.0,78,Medium,High,Yes,8,84,Medium,Yes,1,High,Low,Private,Negative,1,No,College,Near,Male,71.0
21.0,80,High,Low,No,7,73,Medium,Yes,0,Medium,Low,Private,Neutral,2,No,High School,Moderate,Female,65.0
4.0,61,Low,High,Yes,6,63,Medium,Yes,4,Medium,Medium,Public,Neutral,3,No,High School,Moderate,Male,59.0
22.0,63,High,Low,Yes,8,55,Medium,Yes,2,Medium,Medium,Private,Neutral,4,No,High School,Near,Male,64.0
18.0,70,Medium,High,No,7,93,Medium,Yes,0,Medium,High,Public,Positive,3,No,College,Near,Male,67.0
20.0,82,Medium,Medium,No,6,94,Medium,Yes,3,Low,Medium,Private,Positive,2,No,High School,Near,Male,68.0
18.0,90,High,High,Yes,6,54,Low,Yes,1,Medium,High,Public,Negative,3,No,High School,Near,Female,95.0
25.0,84,Medium,Medium,Yes,7,83,High,Yes,1,Low,Medium,Public,Positive,3,No,High School,Moderate,Male,70.0
27.0,76,Medium,Medium,No,9,58,Medium,Yes,1,Medium,Medium,Public,Positive,3,No,College,Near,Female,68.0
22.0,65,Low,Medium,No,7,82,Medium,Yes,2,Medium,High,Public,Positive,4,Yes,College,Near,Male,65.0
18.0,91,Low,Medium,No,7,95,Medium,Yes,2,Low,High,Public,Positive,2,No,Postgraduate,Near,Male,70.0
20.0,75,Medium,Medium,No,8,63,Medium,Yes,4,Medium,Low,Public,Neutral,3,No,Postgraduate,Near,Male,67.0
20.0,89,Medium,High,No,8,67,Medium,Yes,2,Low,High,Public,Neutral,2,Yes,College,Near,Male,69.0
15.0,81,Medium,High,Yes,7,90,High,Yes,1,Low,Medium,Private,Positive,2,No,Postgraduate,Far,Female,68.0
23.0,90,High,High,No,7,87,High,Yes,1,Low,Medium,Public,Neutral,2,No,High School,Near,Female,72.0
23.0,96,Medium,High,No,6,70,Medium,Yes,1,Medium,Medium,Public,Neutral,2,No,High School,Near,Male,71.0
29.0,97,Medium,High,Yes,9,92,Medium,Yes,2,Low,Medium,Public,Positive,4,No,High School,Moderate,Female,75.0
28.0,81,Medium,High,No,6,96,Medium,Yes,0,Medium,Medium,Public,Neutral,2,No,High School,Near,Male,70.0
16.0,80,Medium,Medium,No,9,73,Medium,Yes,2,Medium,Medium,Private,Negative,4,No,College,Near,Male,66.0
25.0,71,Medium,High,Yes,7,52,High,Yes,3,Low,Medium,Private,Neutral,3,No,High School,Near,Male,67.0
14.0,97,Medium,Medium,Yes,7,75,High,Yes,1,Medium,Medium,Public,Positive,4,No,College,Near,Female,70.0
24.0,78,High,High,Yes,8,87,Medium,Yes,2,Medium,Medium,Public,Neutral,3,No,High School,Near,Male,71.0
17.0,65,Medium,Medium,No,6,61,Medium,Yes,5,Low,Medium,Public,Positive,4,No,High School,Near,Female,64.0
14.0,77,Medium,Medium,No,8,55,High,Yes,2,High,High,Private,Neutral,4,No,High School,Near,Male,65.0
22.0,65,Medium,Medium,Yes,7,64,High,Yes,1,Medium,High,Private,Negative,2,No,High School,Moderate,Male,64.0
4.0,80,Low,Medium,Yes,8,51,Medium,Yes,4,Medium,High,Public,Negative,5,No,High School,Near,Male,62.0
9.0,82,High,Low,Yes,6,86,Medium,Yes,2,Low,High,Private,Negative,2,No,College,Far,Female,64.0
19.0,74,Medium,High,Yes,6,57,High,Yes,1,Medium,Medium,Private,Positive,2,No,High School,Near,Female,66.0
20.0,63,Medium,Medium,Yes,4,86,Low,Yes,0,High,Medium,Public,Neutral,3,No,College,Near,Male,64.0
18.0,98,High,Medium,Yes,6,62,Low,Yes,3,Medium,High,Public,Positive,3,No,High School,Far,Female,71.0
11.0,91,High,Low,Yes,6,100,Low,Yes,4,Low,Medium,Public,Negative,2,No,Postgraduate,Near,Male,68.0
15.0,94,Medium,Medium,Yes,6,77,Low,Yes,3,High,High,Private,Neutral,4,No,College,Near,Female,70.0
22.0,75,High,Medium,No,7,52,High,Yes,0,Low,Medium,Private,Neutral,3,No,College,Near,Female,66.0
23.0,90,Medium,Medium,No,7,89,Low,Yes,2,High,Medium,Public,Positive,4,No,College,Moderate,Female,71.0
20.0,79,Medium,Medium,Yes,8,71,Medium,Yes,1,Medium,High,Public,Neutral,3,No,College,Near,Female,68.0
27.0,68,Low,Low,Yes,8,80,High,Yes,3,Medium,Medium,Public,Positive,4,Yes,High School,Near,Male,66.0
22.0,65,Low,Medium,No,8,98,High,Yes,4,Medium,Medium,Private,Neutral,3,No,High School,Near,Female,66.0
16.0,74,Low,High,No,8,76,Medium,Yes,5,Low,Medium,Public,Negative,3,No,College,Moderate,Male,65.0
18.0,66,Medium,Medium,Yes,7,90,Medium,Yes,0,Medium,Medium,Public,Negative,4,No,Postgraduate,Near,Male,64.0
12.0,100,Low,Medium,Yes,7,65,Medium,Yes,1,Low,Medium,Private,Positive,2,No,High School,Near,Male,67.0
19.0,62,Medium,Medium,Yes,8,86,Low,Yes,1,High,Medium,Public,Positive,3,No,College,Near,Male,65.0
27.0,78,Medium,Medium,Yes,8,55,Low,Yes,3,High,Medium,Public,Neutral,2,No,Postgraduate,Moderate,Male,69.0
24.0,78,High,Medium,Yes,5,95,Low,Yes,1,Low,Medium,Private,Positive,2,No,College,Near,Male,69.0
28.0,72,Low,Medium,Yes,7,60,Medium,Yes,4,High,Medium,Public,Neutral,3,No,Postgraduate,Near,Male,69.0
18.0,83,Medium,High,No,4,65,Low,Yes,3,Low,Medium,Public,Positive,4,No,College,Moderate,Male,68.0
28.0,66,Medium,Low,Yes,4,98,Medium,Yes,0,Medium,High,Public,Positive,3,No,High School,Near,Female,67.0
19.0,91,Medium,Low,No,6,58,High,Yes,2,Low,High,Public,Positive,3,No,College,Moderate,Male,68.0
29.0,73,Low,Low,Yes,7,63,Medium,Yes,1,Low,Medium,Public,Negative,4,No,Postgraduate,Far,Female,65.0
20.0,84,High,Medium,Yes,6,79,Medium,Yes,3,Medium,Medium,Public,Negative,3,No,College,Moderate,Male,69.0
24.0,89,Medium,Low,No,4,99,High,Yes,1,High,High,Private,Positive,3,No,Postgraduate,Near,Male,73.0
29.0,96,High,Medium,No,8,85,Low,Yes,3,High,Medium,Public,Neutral,3,No,Postgraduate,Near,Male,76.0
19.0,93,Medium,High,Yes,6,56,Medium,Yes,0,Low,High,Private,Negative,3,No,College,Near,Male,69.0
21.0,84,High,Low,Yes,8,87,Low,Yes,2,High,Medium,Public,Positive,1,No,Postgraduate,Far,Female,69.0
28.0,76,Medium,Medium,Yes,6,71,Medium,Yes,3,Low,Medium,Private,Positive,2,No,High School,Far,Female,68.0
19.0,80,High,High,Yes,6,100,Medium,Yes,1,Medium,Medium,Public,Positive,3,No,High School,Near,Male,70.0
12.0,91,Medium,Low,Yes,8,81,Low,Yes,0,Low,Low,Public,Positive,4,No,High School,Moderate,Male,64.0
33.0,95,Low,Low,Yes,6,77,Low,Yes,2,High,High,Private,Positive,3,No,High School,Moderate,Female,73.0
17.0,64,Medium,Medium,Yes,7,78,High,Yes,1,Medium,Medium,Public,Positive,3,No,High School,Near,Male,64.0
21.0,75,Medium,Low,Yes,7,82,Medium,Yes,1,Medium,Medium,Public,Negative,4,No,High School,Near,Male,65.0
27.0,91,Low,High,No,5,87,Medium,No,0,Medium,Medium,Public,Negative,3,No,High School,Near,Female,69.0
16.0,77,Medium,Low,Yes,8,54,Medium,No,0,Medium,Medium,Public,Negative,3,No,Postgraduate,Near,Male,62.0
14.0,73,High,Medium,Yes,6,57,High,Yes,2,Medium,Medium,Public,Neutral,4,No,High School,Moderate,Female,64.0
22.0,76,Low,High,No,5,65,Low,Yes,0,Medium,High,Public,Neutral,3,No,High School,Far,Female,64.0
9.0,84,Medium,Medium,No,6,74,Medium,Yes,5,High,Medium,Public,Neutral,2,No,High School,Near,Male,67.0
18.0,100,Medium,Low,Yes,8,66,High,No,3,Low,Medium,Public,Negative,3,No,College,Near,Male,69.0
21.0,80,Medium,Low,Yes,5,61,Medium,Yes,2,High,Medium,Public,Positive,3,No,High School,Near,Male,67.0
18.0,68,Low,High,No,8,96,Medium,Yes,1,High,Medium,Public,Neutral,3,No,High School,Moderate,Male,65.0
11.0,67,Medium,High,No,8,52,High,Yes,3,High,High,Public,Negative,3,No,College,Moderate,Female,63.0
30.0,62,Low,Low,Yes,7,97,Medium,Yes,0,High,Medium,Private,Neutral,5,No,College,Near,Female,66.0
21.0,82,Medium,High,No,7,95,High,Yes,1,High,Medium,Public,Negative,3,No,High School,Near,Male,70.0
29.0,82,Medium,High,No,7,84,Low,Yes,1,Low,Medium,Private,Positive,2,No,High School,Near,Male,70.0
18.0,68,High,High,Yes,8,52,High,Yes,0,High,High,Public,Positive,3,No,College,Near,Male,67.0
15.0,88,Low,Medium,Yes,6,61,Medium,Yes,0,High,Medium,Public,Neutral,4,Yes,Postgraduate,Far,Male,65.0
22.0,90,Low,High,No,5,99,Medium,Yes,1,Low,Low,Private,Positive,2,No,College,Near,Female,70.0
19.0,70,Medium,Medium,Yes,7,95,High,No,0,Medium,High,Private,Positive,3,No,College,Near,Female,66.0
13.0,74,Medium,High,Yes,8,98,High,Yes,1,High,High,Public,Negative,2,No,High School,Near,Male,66.0
29.0,100,Medium,Low,Yes,8,100,Low,Yes,0,Low,Medium,Private,Neutral,5,Yes,High School,Near,Male,72.0
16.0,75,High,Low,Yes,10,53,High,Yes,0,Low,Low,Public,Positive,4,No,College,Near,Female,64.0
9.0,90,High,High,Yes,7,79,Low,Yes,4,High,High,Public,Positive,4,No,High School,Near,Male,70.0
28.0,78,Medium,High,No,7,92,Low,Yes,1,Medium,High,Public,Positive,3,No,Postgraduate,Moderate,Female,71.0
17.0,92,Medium,Medium,No,7,66,Low,Yes,2,Low,Medium,Public,Negative,3,No,High School,Near,Male,66.0
16.0,91,High,Medium,Yes,6,72,High,Yes,0,High,High,Public,Negative,2,No,Postgraduate,Near,Female,70.0
9.0,87,Low,Medium,Yes,6,64,Medium,Yes,1,High,Medium,Public,Neutral,2,No,High School,Near,Female,64.0
30.0,94,Medium,Low,No,5,52,Low,No,3,High,Medium,Private,Neutral,2,No,Postgraduate,Moderate,Female,70.0
12.0,98,Medium,Low,Yes,4,54,Medium,Yes,2,Medium,High,Private,Neutral,3,No,High School,Near,Female,67.0
20.0,83,Medium,Low,No,6,51,Low,Yes,2,Medium,Medium,Public,Neutral,4,No,High School,Moderate,Female,65.0
25.0,69,High,Medium,No,7,76,Medium,Yes,1,High,Medium,Public,Positive,2,No,High School,Near,Female,68.0
23.0,76,High,Medium,No,8,81,Medium,Yes,3,Low,High,Public,Positive,2,No,High School,Near,Female,69.0
20.0,90,Medium,Low,Yes,6,65,Low,Yes,3,Low,Medium,Public,Negative,2,No,Postgraduate,Near,Female,68.0
10.0,86,High,High,Yes,6,91,High,Yes,2,Low,Medium,Private,Positive,3,No,High School,Far,Female,68.0
15.0,67,Medium,Low,Yes,9,94,Medium,Yes,0,Medium,Medium,Public,Positive,4,No,Postgraduate,Near,Male,64.0
